[{"path":"README.md","fileType":"md","lines":[{"lineNumber":1,"author":{"gitId":"Novianaghovin"},"content":"# Whisperwind project template","lastModifiedDate":"2025-09-11T16:42:52","isFullCredit":false},{"lineNumber":2,"author":{"gitId":"-"},"content":"","lastModifiedDate":"2020-05-25T00:03:55","isFullCredit":false},{"lineNumber":3,"author":{"gitId":"-"},"content":"This is a project template for a greenfield Java project. It\u0027s named after the Java mascot _Duke_. Given below are instructions on how to use it.","lastModifiedDate":"2020-05-25T00:03:55","isFullCredit":false},{"lineNumber":4,"author":{"gitId":"-"},"content":"","lastModifiedDate":"2020-05-25T00:03:55","isFullCredit":false},{"lineNumber":5,"author":{"gitId":"-"},"content":"## Setting up in Intellij","lastModifiedDate":"2020-05-25T00:03:55","isFullCredit":false},{"lineNumber":6,"author":{"gitId":"-"},"content":"","lastModifiedDate":"2020-05-25T00:03:55","isFullCredit":false},{"lineNumber":7,"author":{"gitId":"-"},"content":"Prerequisites: JDK 17, update Intellij to the most recent version.","lastModifiedDate":"2024-07-11T16:50:14","isFullCredit":false},{"lineNumber":8,"author":{"gitId":"-"},"content":"","lastModifiedDate":"2020-05-25T00:03:55","isFullCredit":false},{"lineNumber":9,"author":{"gitId":"-"},"content":"1. Open Intellij (if you are not in the welcome screen, click `File` \u003e `Close Project` to close the existing project first)","lastModifiedDate":"2021-01-17T12:25:53","isFullCredit":false},{"lineNumber":10,"author":{"gitId":"-"},"content":"1. Open the project into Intellij as follows:","lastModifiedDate":"2021-01-17T12:25:53","isFullCredit":false},{"lineNumber":11,"author":{"gitId":"-"},"content":"   1. Click `Open`.","lastModifiedDate":"2021-01-17T12:25:53","isFullCredit":false},{"lineNumber":12,"author":{"gitId":"-"},"content":"   1. Select the project directory, and click `OK`.","lastModifiedDate":"2021-01-17T12:25:53","isFullCredit":false},{"lineNumber":13,"author":{"gitId":"-"},"content":"   1. If there are any further prompts, accept the defaults.","lastModifiedDate":"2020-05-25T00:03:55","isFullCredit":false},{"lineNumber":14,"author":{"gitId":"-"},"content":"1. Configure the project to use **JDK 17** (not other versions) as explained in [here](https://www.jetbrains.com/help/idea/sdk.html#set-up-jdk).\u003cbr\u003e","lastModifiedDate":"2024-07-11T16:50:14","isFullCredit":false},{"lineNumber":15,"author":{"gitId":"-"},"content":"   In the same dialog, set the **Project language level** field to the `SDK default` option.","lastModifiedDate":"2021-07-29T20:29:39","isFullCredit":false},{"lineNumber":16,"author":{"gitId":"Novianaghovin"},"content":"1. After that, locate the `src/main/java/Whisperwind.java` file, right-click it, and choose `Run Whisperwind.main()` (if the code editor is showing compile errors, try restarting the IDE). If the setup is correct, you should see something like the below as the output:","lastModifiedDate":"2025-09-11T16:42:52","isFullCredit":false},{"lineNumber":17,"author":{"gitId":"-"},"content":"   ```","lastModifiedDate":"2020-05-25T00:03:55","isFullCredit":false},{"lineNumber":18,"author":{"gitId":"-"},"content":"   Hello from","lastModifiedDate":"2020-05-25T00:03:55","isFullCredit":false},{"lineNumber":19,"author":{"gitId":"-"},"content":"    ____        _        ","lastModifiedDate":"2020-05-25T00:03:55","isFullCredit":false},{"lineNumber":20,"author":{"gitId":"-"},"content":"   |  _ \\ _   _| | _____ ","lastModifiedDate":"2020-05-25T00:03:55","isFullCredit":false},{"lineNumber":21,"author":{"gitId":"-"},"content":"   | | | | | | | |/ / _ \\","lastModifiedDate":"2020-05-25T00:03:55","isFullCredit":false},{"lineNumber":22,"author":{"gitId":"-"},"content":"   | |_| | |_| |   \u003c  __/","lastModifiedDate":"2020-05-25T00:03:55","isFullCredit":false},{"lineNumber":23,"author":{"gitId":"-"},"content":"   |____/ \\__,_|_|\\_\\___|","lastModifiedDate":"2020-05-25T00:03:55","isFullCredit":false},{"lineNumber":24,"author":{"gitId":"-"},"content":"   ```","lastModifiedDate":"2020-05-25T00:03:55","isFullCredit":false},{"lineNumber":25,"author":{"gitId":"-"},"content":"","lastModifiedDate":"2025-01-04T21:44:28","isFullCredit":false},{"lineNumber":26,"author":{"gitId":"-"},"content":"**Warning:** Keep the `src\\main\\java` folder as the root folder for Java files (i.e., don\u0027t rename those folders or move Java files to another folder outside of this folder path), as this is the default location some tools (e.g., Gradle) expect to find Java files.","lastModifiedDate":"2025-01-04T21:44:28","isFullCredit":false}],"authorContributionMap":{"Novianaghovin":2,"-":24}},{"path":"docs/README.md","fileType":"md","lines":[{"lineNumber":1,"author":{"gitId":"Novianaghovin"},"content":"# Whisperwind User Guide","lastModifiedDate":"2025-09-11T16:42:52","isFullCredit":false},{"lineNumber":2,"author":{"gitId":"-"},"content":"","lastModifiedDate":"2019-07-29T17:14:46","isFullCredit":false},{"lineNumber":3,"author":{"gitId":"-"},"content":"// Update the title above to match the actual product name","lastModifiedDate":"2024-01-07T18:33:52","isFullCredit":false},{"lineNumber":4,"author":{"gitId":"-"},"content":"","lastModifiedDate":"2019-07-29T17:14:46","isFullCredit":false},{"lineNumber":5,"author":{"gitId":"-"},"content":"// Product screenshot goes here","lastModifiedDate":"2024-01-07T18:33:52","isFullCredit":false},{"lineNumber":6,"author":{"gitId":"-"},"content":"","lastModifiedDate":"2021-07-17T16:49:07","isFullCredit":false},{"lineNumber":7,"author":{"gitId":"-"},"content":"// Product intro goes here","lastModifiedDate":"2024-01-07T18:33:52","isFullCredit":false},{"lineNumber":8,"author":{"gitId":"-"},"content":"","lastModifiedDate":"2021-07-17T16:49:07","isFullCredit":false},{"lineNumber":9,"author":{"gitId":"-"},"content":"## Adding deadlines","lastModifiedDate":"2024-01-07T18:33:52","isFullCredit":false},{"lineNumber":10,"author":{"gitId":"-"},"content":"","lastModifiedDate":"2021-07-17T16:49:07","isFullCredit":false},{"lineNumber":11,"author":{"gitId":"-"},"content":"// Describe the action and its outcome.","lastModifiedDate":"2024-01-07T18:33:52","isFullCredit":false},{"lineNumber":12,"author":{"gitId":"-"},"content":"","lastModifiedDate":"2019-07-29T17:14:46","isFullCredit":false},{"lineNumber":13,"author":{"gitId":"-"},"content":"// Give examples of usage","lastModifiedDate":"2024-01-07T18:33:52","isFullCredit":false},{"lineNumber":14,"author":{"gitId":"-"},"content":"","lastModifiedDate":"2019-07-29T17:14:46","isFullCredit":false},{"lineNumber":15,"author":{"gitId":"-"},"content":"Example: `keyword (optional arguments)`","lastModifiedDate":"2024-01-07T18:33:52","isFullCredit":false},{"lineNumber":16,"author":{"gitId":"-"},"content":"","lastModifiedDate":"2019-07-29T17:14:46","isFullCredit":false},{"lineNumber":17,"author":{"gitId":"-"},"content":"// A description of the expected outcome goes here","lastModifiedDate":"2024-01-07T18:33:52","isFullCredit":false},{"lineNumber":18,"author":{"gitId":"-"},"content":"","lastModifiedDate":"2019-07-29T17:14:46","isFullCredit":false},{"lineNumber":19,"author":{"gitId":"-"},"content":"```","lastModifiedDate":"2024-01-07T18:33:52","isFullCredit":false},{"lineNumber":20,"author":{"gitId":"-"},"content":"expected output","lastModifiedDate":"2024-01-07T18:33:52","isFullCredit":false},{"lineNumber":21,"author":{"gitId":"-"},"content":"```","lastModifiedDate":"2024-01-07T18:33:52","isFullCredit":false},{"lineNumber":22,"author":{"gitId":"-"},"content":"","lastModifiedDate":"2019-07-29T17:14:46","isFullCredit":false},{"lineNumber":23,"author":{"gitId":"-"},"content":"## Feature ABC","lastModifiedDate":"2024-01-07T18:33:52","isFullCredit":false},{"lineNumber":24,"author":{"gitId":"-"},"content":"","lastModifiedDate":"2019-07-29T17:14:46","isFullCredit":false},{"lineNumber":25,"author":{"gitId":"-"},"content":"// Feature details","lastModifiedDate":"2024-01-07T18:33:52","isFullCredit":false},{"lineNumber":26,"author":{"gitId":"-"},"content":"","lastModifiedDate":"2019-07-29T17:14:46","isFullCredit":false},{"lineNumber":27,"author":{"gitId":"-"},"content":"","lastModifiedDate":"2021-07-17T16:49:07","isFullCredit":false},{"lineNumber":28,"author":{"gitId":"-"},"content":"## Feature XYZ","lastModifiedDate":"2024-01-07T18:33:52","isFullCredit":false},{"lineNumber":29,"author":{"gitId":"-"},"content":"","lastModifiedDate":"2024-01-07T18:33:52","isFullCredit":false},{"lineNumber":30,"author":{"gitId":"-"},"content":"// Feature details","lastModifiedDate":"2024-01-07T18:33:52","isFullCredit":false}],"authorContributionMap":{"Novianaghovin":1,"-":29}},{"path":"src/main/java/Task.java","fileType":"java","lines":[{"lineNumber":1,"author":{"gitId":"Novianaghovin"},"content":"public class Task {","lastModifiedDate":"2025-09-11T19:42:54","isFullCredit":false},{"lineNumber":2,"author":{"gitId":"Novianaghovin"},"content":"    private String description;","lastModifiedDate":"2025-09-11T19:42:54","isFullCredit":false},{"lineNumber":3,"author":{"gitId":"Novianaghovin"},"content":"    private boolean isDone;","lastModifiedDate":"2025-09-11T19:42:54","isFullCredit":false},{"lineNumber":4,"author":{"gitId":"Novianaghovin"},"content":"","lastModifiedDate":"2025-09-11T19:42:54","isFullCredit":false},{"lineNumber":5,"author":{"gitId":"Novianaghovin"},"content":"    public Task(String description) {","lastModifiedDate":"2025-09-11T19:42:54","isFullCredit":false},{"lineNumber":6,"author":{"gitId":"Novianaghovin"},"content":"        this.description \u003d description;","lastModifiedDate":"2025-09-11T19:42:54","isFullCredit":false},{"lineNumber":7,"author":{"gitId":"Novianaghovin"},"content":"        this.isDone \u003d false;","lastModifiedDate":"2025-09-11T19:42:54","isFullCredit":false},{"lineNumber":8,"author":{"gitId":"Novianaghovin"},"content":"    }","lastModifiedDate":"2025-09-11T19:42:54","isFullCredit":false},{"lineNumber":9,"author":{"gitId":"Novianaghovin"},"content":"","lastModifiedDate":"2025-09-11T19:42:54","isFullCredit":false},{"lineNumber":10,"author":{"gitId":"Novianaghovin"},"content":"    public String getStatusIcon() {","lastModifiedDate":"2025-09-11T19:42:54","isFullCredit":false},{"lineNumber":11,"author":{"gitId":"Novianaghovin"},"content":"        return (isDone ? \"[X]\" : \"[ ]\");","lastModifiedDate":"2025-09-11T19:42:54","isFullCredit":false},{"lineNumber":12,"author":{"gitId":"Novianaghovin"},"content":"    }","lastModifiedDate":"2025-09-11T19:42:54","isFullCredit":false},{"lineNumber":13,"author":{"gitId":"Novianaghovin"},"content":"","lastModifiedDate":"2025-09-11T19:42:54","isFullCredit":false},{"lineNumber":14,"author":{"gitId":"Novianaghovin"},"content":"    public void markAsDone() {","lastModifiedDate":"2025-09-11T19:42:54","isFullCredit":false},{"lineNumber":15,"author":{"gitId":"Novianaghovin"},"content":"        this.isDone \u003d true;","lastModifiedDate":"2025-09-11T19:42:54","isFullCredit":false},{"lineNumber":16,"author":{"gitId":"Novianaghovin"},"content":"    }","lastModifiedDate":"2025-09-11T19:42:54","isFullCredit":false},{"lineNumber":17,"author":{"gitId":"Novianaghovin"},"content":"","lastModifiedDate":"2025-09-11T19:42:54","isFullCredit":false},{"lineNumber":18,"author":{"gitId":"Novianaghovin"},"content":"    public void markAsUndone() {","lastModifiedDate":"2025-09-11T19:42:54","isFullCredit":false},{"lineNumber":19,"author":{"gitId":"Novianaghovin"},"content":"        this.isDone \u003d false;","lastModifiedDate":"2025-09-11T19:42:54","isFullCredit":false},{"lineNumber":20,"author":{"gitId":"Novianaghovin"},"content":"    }","lastModifiedDate":"2025-09-11T19:42:54","isFullCredit":false},{"lineNumber":21,"author":{"gitId":"Novianaghovin"},"content":"","lastModifiedDate":"2025-09-11T19:42:54","isFullCredit":false},{"lineNumber":22,"author":{"gitId":"Novianaghovin"},"content":"    @Override","lastModifiedDate":"2025-09-11T19:42:54","isFullCredit":false},{"lineNumber":23,"author":{"gitId":"Novianaghovin"},"content":"    public String toString() {","lastModifiedDate":"2025-09-11T19:42:54","isFullCredit":false},{"lineNumber":24,"author":{"gitId":"Novianaghovin"},"content":"        return getStatusIcon() + \" \" + description;","lastModifiedDate":"2025-09-11T19:42:54","isFullCredit":false},{"lineNumber":25,"author":{"gitId":"Novianaghovin"},"content":"    }","lastModifiedDate":"2025-09-11T19:42:54","isFullCredit":false},{"lineNumber":26,"author":{"gitId":"Novianaghovin"},"content":"}","lastModifiedDate":"2025-09-11T19:42:54","isFullCredit":false}],"authorContributionMap":{"Novianaghovin":26}},{"path":"src/main/java/TaskList.java","fileType":"java","lines":[{"lineNumber":1,"author":{"gitId":"Novianaghovin"},"content":"import java.util.ArrayList;","lastModifiedDate":"2025-09-11T19:42:54","isFullCredit":false},{"lineNumber":2,"author":{"gitId":"Novianaghovin"},"content":"","lastModifiedDate":"2025-09-11T19:42:54","isFullCredit":false},{"lineNumber":3,"author":{"gitId":"Novianaghovin"},"content":"public class TaskList {","lastModifiedDate":"2025-09-11T19:42:54","isFullCredit":false},{"lineNumber":4,"author":{"gitId":"Novianaghovin"},"content":"    private ArrayList\u003cTask\u003e tasks;","lastModifiedDate":"2025-09-11T19:42:54","isFullCredit":false},{"lineNumber":5,"author":{"gitId":"Novianaghovin"},"content":"","lastModifiedDate":"2025-09-11T19:42:54","isFullCredit":false},{"lineNumber":6,"author":{"gitId":"Novianaghovin"},"content":"    public TaskList() {","lastModifiedDate":"2025-09-11T19:42:54","isFullCredit":false},{"lineNumber":7,"author":{"gitId":"Novianaghovin"},"content":"        this.tasks \u003d new ArrayList\u003c\u003e();","lastModifiedDate":"2025-09-11T19:42:54","isFullCredit":false},{"lineNumber":8,"author":{"gitId":"Novianaghovin"},"content":"    }","lastModifiedDate":"2025-09-11T19:42:54","isFullCredit":false},{"lineNumber":9,"author":{"gitId":"Novianaghovin"},"content":"","lastModifiedDate":"2025-09-11T19:42:54","isFullCredit":false},{"lineNumber":10,"author":{"gitId":"Novianaghovin"},"content":"    public void addTask(String description) {","lastModifiedDate":"2025-09-11T19:42:54","isFullCredit":false},{"lineNumber":11,"author":{"gitId":"Novianaghovin"},"content":"        Task newTask \u003d new Task(description);","lastModifiedDate":"2025-09-11T19:42:54","isFullCredit":false},{"lineNumber":12,"author":{"gitId":"Novianaghovin"},"content":"        tasks.add(newTask);","lastModifiedDate":"2025-09-11T19:42:54","isFullCredit":false},{"lineNumber":13,"author":{"gitId":"Novianaghovin"},"content":"        System.out.println(\"added: \" + description);","lastModifiedDate":"2025-09-11T19:42:54","isFullCredit":false},{"lineNumber":14,"author":{"gitId":"Novianaghovin"},"content":"    }","lastModifiedDate":"2025-09-11T19:42:54","isFullCredit":false},{"lineNumber":15,"author":{"gitId":"Novianaghovin"},"content":"","lastModifiedDate":"2025-09-11T19:42:54","isFullCredit":false},{"lineNumber":16,"author":{"gitId":"Novianaghovin"},"content":"    public void listTasks() {","lastModifiedDate":"2025-09-11T19:42:54","isFullCredit":false},{"lineNumber":17,"author":{"gitId":"Novianaghovin"},"content":"        System.out.println(\"The current vibe is:\");","lastModifiedDate":"2025-09-11T19:42:54","isFullCredit":false},{"lineNumber":18,"author":{"gitId":"Novianaghovin"},"content":"        for (int i \u003d 0; i \u003c tasks.size(); i++) {","lastModifiedDate":"2025-09-11T19:42:54","isFullCredit":false},{"lineNumber":19,"author":{"gitId":"Novianaghovin"},"content":"            System.out.println((i + 1) + \".\" + tasks.get(i).toString());","lastModifiedDate":"2025-09-11T19:42:54","isFullCredit":false},{"lineNumber":20,"author":{"gitId":"Novianaghovin"},"content":"        }","lastModifiedDate":"2025-09-11T19:42:54","isFullCredit":false},{"lineNumber":21,"author":{"gitId":"Novianaghovin"},"content":"    }","lastModifiedDate":"2025-09-11T19:42:54","isFullCredit":false},{"lineNumber":22,"author":{"gitId":"Novianaghovin"},"content":"","lastModifiedDate":"2025-09-11T19:42:54","isFullCredit":false},{"lineNumber":23,"author":{"gitId":"Novianaghovin"},"content":"    public void markTask(int taskNumber) {","lastModifiedDate":"2025-09-11T19:42:54","isFullCredit":false},{"lineNumber":24,"author":{"gitId":"Novianaghovin"},"content":"        int index \u003d taskNumber - 1;","lastModifiedDate":"2025-09-11T19:42:54","isFullCredit":false},{"lineNumber":25,"author":{"gitId":"Novianaghovin"},"content":"        if (index \u003e\u003d 0 \u0026\u0026 index \u003c tasks.size()) {","lastModifiedDate":"2025-09-11T19:42:54","isFullCredit":false},{"lineNumber":26,"author":{"gitId":"Novianaghovin"},"content":"            tasks.get(index).markAsDone();","lastModifiedDate":"2025-09-11T19:42:54","isFullCredit":false},{"lineNumber":27,"author":{"gitId":"Novianaghovin"},"content":"            System.out.println(\"Slay, you completed the task. Let\u0027s go!\");","lastModifiedDate":"2025-09-11T19:42:54","isFullCredit":false},{"lineNumber":28,"author":{"gitId":"Novianaghovin"},"content":"            System.out.println(\"  \" + tasks.get(index).toString());","lastModifiedDate":"2025-09-11T19:42:54","isFullCredit":false},{"lineNumber":29,"author":{"gitId":"Novianaghovin"},"content":"        } else {","lastModifiedDate":"2025-09-11T19:42:54","isFullCredit":false},{"lineNumber":30,"author":{"gitId":"Novianaghovin"},"content":"            System.out.println(\"It\u0027s giving \u0027error\u0027. That task number is sus.\");","lastModifiedDate":"2025-09-11T19:42:54","isFullCredit":false},{"lineNumber":31,"author":{"gitId":"Novianaghovin"},"content":"        }","lastModifiedDate":"2025-09-11T19:42:54","isFullCredit":false},{"lineNumber":32,"author":{"gitId":"Novianaghovin"},"content":"    }","lastModifiedDate":"2025-09-11T19:42:54","isFullCredit":false},{"lineNumber":33,"author":{"gitId":"Novianaghovin"},"content":"","lastModifiedDate":"2025-09-11T19:42:54","isFullCredit":false},{"lineNumber":34,"author":{"gitId":"Novianaghovin"},"content":"    public void unmarkTask(int taskNumber) {","lastModifiedDate":"2025-09-11T19:42:54","isFullCredit":false},{"lineNumber":35,"author":{"gitId":"Novianaghovin"},"content":"        int index \u003d taskNumber - 1;","lastModifiedDate":"2025-09-11T19:42:54","isFullCredit":false},{"lineNumber":36,"author":{"gitId":"Novianaghovin"},"content":"        if (index \u003e\u003d 0 \u0026\u0026 index \u003c tasks.size()) {","lastModifiedDate":"2025-09-11T19:42:54","isFullCredit":false},{"lineNumber":37,"author":{"gitId":"Novianaghovin"},"content":"            tasks.get(index).markAsUndone();","lastModifiedDate":"2025-09-11T19:42:54","isFullCredit":false},{"lineNumber":38,"author":{"gitId":"Novianaghovin"},"content":"            System.out.println(\"No cap, this one\u0027s un-marked. Back to the grind.\");","lastModifiedDate":"2025-09-11T19:42:54","isFullCredit":false},{"lineNumber":39,"author":{"gitId":"Novianaghovin"},"content":"            System.out.println(\"  \" + tasks.get(index).toString());","lastModifiedDate":"2025-09-11T19:42:54","isFullCredit":false},{"lineNumber":40,"author":{"gitId":"Novianaghovin"},"content":"        } else {","lastModifiedDate":"2025-09-11T19:42:54","isFullCredit":false},{"lineNumber":41,"author":{"gitId":"Novianaghovin"},"content":"            System.out.println(\"It\u0027s giving \u0027error\u0027. That task number is sus.\");","lastModifiedDate":"2025-09-11T19:42:54","isFullCredit":false},{"lineNumber":42,"author":{"gitId":"Novianaghovin"},"content":"        }","lastModifiedDate":"2025-09-11T19:42:54","isFullCredit":false},{"lineNumber":43,"author":{"gitId":"Novianaghovin"},"content":"    }","lastModifiedDate":"2025-09-11T19:42:54","isFullCredit":false},{"lineNumber":44,"author":{"gitId":"Novianaghovin"},"content":"}","lastModifiedDate":"2025-09-11T19:42:54","isFullCredit":false}],"authorContributionMap":{"Novianaghovin":44}},{"path":"src/main/java/Whisperwind.java","fileType":"java","lines":[{"lineNumber":1,"author":{"gitId":"Novianaghovin"},"content":"import java.util.Scanner;","lastModifiedDate":"2025-09-11T17:04:27","isFullCredit":false},{"lineNumber":2,"author":{"gitId":"Novianaghovin"},"content":"","lastModifiedDate":"2025-09-11T17:04:27","isFullCredit":false},{"lineNumber":3,"author":{"gitId":"Novianaghovin"},"content":"public class Whisperwind {","lastModifiedDate":"2025-09-11T16:42:52","isFullCredit":false},{"lineNumber":4,"author":{"gitId":"Novianaghovin"},"content":"","lastModifiedDate":"2025-09-11T17:15:15","isFullCredit":false},{"lineNumber":5,"author":{"gitId":"Novianaghovin"},"content":"    private TaskList tasks;","lastModifiedDate":"2025-09-11T19:42:54","isFullCredit":false},{"lineNumber":6,"author":{"gitId":"Novianaghovin"},"content":"    private Scanner scanner;","lastModifiedDate":"2025-09-11T19:42:54","isFullCredit":false},{"lineNumber":7,"author":{"gitId":"Novianaghovin"},"content":"","lastModifiedDate":"2025-09-11T19:42:54","isFullCredit":false},{"lineNumber":8,"author":{"gitId":"Novianaghovin"},"content":"    public Whisperwind() {","lastModifiedDate":"2025-09-11T19:42:54","isFullCredit":false},{"lineNumber":9,"author":{"gitId":"Novianaghovin"},"content":"        this.tasks \u003d new TaskList();","lastModifiedDate":"2025-09-11T19:42:54","isFullCredit":false},{"lineNumber":10,"author":{"gitId":"Novianaghovin"},"content":"        this.scanner \u003d new Scanner(System.in);","lastModifiedDate":"2025-09-11T19:42:54","isFullCredit":false},{"lineNumber":11,"author":{"gitId":"Novianaghovin"},"content":"    }","lastModifiedDate":"2025-09-11T19:42:54","isFullCredit":false},{"lineNumber":12,"author":{"gitId":"Novianaghovin"},"content":"","lastModifiedDate":"2025-09-11T19:42:54","isFullCredit":false},{"lineNumber":13,"author":{"gitId":"Novianaghovin"},"content":"    private void showInstructions() {","lastModifiedDate":"2025-09-11T19:42:54","isFullCredit":false},{"lineNumber":14,"author":{"gitId":"Novianaghovin"},"content":"        System.out.println(\"Type \u0027list\u0027 to see the whole vibe for today\");","lastModifiedDate":"2025-09-11T19:42:54","isFullCredit":false},{"lineNumber":15,"author":{"gitId":"Novianaghovin"},"content":"        System.out.println(\"Type \u0027mark X\u0027 to mark a task as done. Slay!\");","lastModifiedDate":"2025-09-11T19:42:54","isFullCredit":false},{"lineNumber":16,"author":{"gitId":"Novianaghovin"},"content":"        System.out.println(\"Type \u0027unmark X\u0027 to get that task back on the grind\");","lastModifiedDate":"2025-09-11T19:42:54","isFullCredit":false},{"lineNumber":17,"author":{"gitId":"Novianaghovin"},"content":"        System.out.println(\"Type \u0027view instruction\u0027 to peep these instructions again\");","lastModifiedDate":"2025-09-11T19:42:54","isFullCredit":false},{"lineNumber":18,"author":{"gitId":"Novianaghovin"},"content":"        System.out.println(\"Type \u0027bye\u0027 to say goodbye.\");","lastModifiedDate":"2025-09-11T19:42:54","isFullCredit":false},{"lineNumber":19,"author":{"gitId":"Novianaghovin"},"content":"    }","lastModifiedDate":"2025-09-11T19:42:54","isFullCredit":false},{"lineNumber":20,"author":{"gitId":"Novianaghovin"},"content":"","lastModifiedDate":"2025-09-11T19:42:54","isFullCredit":false},{"lineNumber":21,"author":{"gitId":"Novianaghovin"},"content":"    public void start() {","lastModifiedDate":"2025-09-11T19:42:54","isFullCredit":false},{"lineNumber":22,"author":{"gitId":"Novianaghovin"},"content":"        System.out.println(\"Hello! I\u0027m Whisperwind\");","lastModifiedDate":"2025-09-11T19:42:54","isFullCredit":false},{"lineNumber":23,"author":{"gitId":"Novianaghovin"},"content":"        System.out.println(\"Type \u0027view instruction\u0027 to see instructions\");","lastModifiedDate":"2025-09-11T19:42:54","isFullCredit":false},{"lineNumber":24,"author":{"gitId":"Novianaghovin"},"content":"        System.out.println(\"What can I do for you?\");","lastModifiedDate":"2025-09-11T16:42:52","isFullCredit":false},{"lineNumber":25,"author":{"gitId":"Novianaghovin"},"content":"","lastModifiedDate":"2025-09-11T17:04:27","isFullCredit":false},{"lineNumber":26,"author":{"gitId":"Novianaghovin"},"content":"        boolean isExit \u003d false;","lastModifiedDate":"2025-09-11T17:15:15","isFullCredit":false},{"lineNumber":27,"author":{"gitId":"Novianaghovin"},"content":"        while (!isExit) {","lastModifiedDate":"2025-09-11T17:15:15","isFullCredit":false},{"lineNumber":28,"author":{"gitId":"Novianaghovin"},"content":"            System.out.print(\"\u003e \");","lastModifiedDate":"2025-09-11T17:15:15","isFullCredit":false},{"lineNumber":29,"author":{"gitId":"Novianaghovin"},"content":"            String input \u003d scanner.nextLine().trim();","lastModifiedDate":"2025-09-11T19:42:54","isFullCredit":false},{"lineNumber":30,"author":{"gitId":"Novianaghovin"},"content":"            String[] parts \u003d input.split(\" \", 2);","lastModifiedDate":"2025-09-11T19:42:54","isFullCredit":false},{"lineNumber":31,"author":{"gitId":"Novianaghovin"},"content":"            String command \u003d parts[0].toLowerCase();","lastModifiedDate":"2025-09-11T19:42:54","isFullCredit":false},{"lineNumber":32,"author":{"gitId":"Novianaghovin"},"content":"","lastModifiedDate":"2025-09-11T17:15:15","isFullCredit":false},{"lineNumber":33,"author":{"gitId":"Novianaghovin"},"content":"            switch (command) {","lastModifiedDate":"2025-09-11T19:42:54","isFullCredit":false},{"lineNumber":34,"author":{"gitId":"Novianaghovin"},"content":"                case \"list\":","lastModifiedDate":"2025-09-11T19:42:54","isFullCredit":false},{"lineNumber":35,"author":{"gitId":"Novianaghovin"},"content":"                    tasks.listTasks();","lastModifiedDate":"2025-09-11T19:42:54","isFullCredit":false},{"lineNumber":36,"author":{"gitId":"Novianaghovin"},"content":"                    break;","lastModifiedDate":"2025-09-11T19:42:54","isFullCredit":false},{"lineNumber":37,"author":{"gitId":"Novianaghovin"},"content":"                case \"mark\":","lastModifiedDate":"2025-09-11T19:42:54","isFullCredit":false},{"lineNumber":38,"author":{"gitId":"Novianaghovin"},"content":"                    if (parts.length \u003e 1) {","lastModifiedDate":"2025-09-11T19:42:54","isFullCredit":false},{"lineNumber":39,"author":{"gitId":"Novianaghovin"},"content":"                        try {","lastModifiedDate":"2025-09-11T19:42:54","isFullCredit":false},{"lineNumber":40,"author":{"gitId":"Novianaghovin"},"content":"                            int taskNumber \u003d Integer.parseInt(parts[1]);","lastModifiedDate":"2025-09-11T19:42:54","isFullCredit":false},{"lineNumber":41,"author":{"gitId":"Novianaghovin"},"content":"                            tasks.markTask(taskNumber);","lastModifiedDate":"2025-09-11T19:42:54","isFullCredit":false},{"lineNumber":42,"author":{"gitId":"Novianaghovin"},"content":"                        } catch (NumberFormatException e) {","lastModifiedDate":"2025-09-11T19:42:54","isFullCredit":false},{"lineNumber":43,"author":{"gitId":"Novianaghovin"},"content":"                            System.out.println(\"It\u0027s giving \u0027error\u0027. That number ain\u0027t it.\");","lastModifiedDate":"2025-09-11T19:42:54","isFullCredit":false},{"lineNumber":44,"author":{"gitId":"Novianaghovin"},"content":"                        }","lastModifiedDate":"2025-09-11T19:42:54","isFullCredit":false},{"lineNumber":45,"author":{"gitId":"Novianaghovin"},"content":"                    } else {","lastModifiedDate":"2025-09-11T17:15:15","isFullCredit":false},{"lineNumber":46,"author":{"gitId":"Novianaghovin"},"content":"                        System.out.println(\"Wait, which task are we marking?\");","lastModifiedDate":"2025-09-11T19:42:54","isFullCredit":false},{"lineNumber":47,"author":{"gitId":"Novianaghovin"},"content":"                    }","lastModifiedDate":"2025-09-11T17:15:15","isFullCredit":false},{"lineNumber":48,"author":{"gitId":"Novianaghovin"},"content":"                    break;","lastModifiedDate":"2025-09-11T19:42:54","isFullCredit":false},{"lineNumber":49,"author":{"gitId":"Novianaghovin"},"content":"                case \"unmark\":","lastModifiedDate":"2025-09-11T19:42:54","isFullCredit":false},{"lineNumber":50,"author":{"gitId":"Novianaghovin"},"content":"                    if (parts.length \u003e 1) {","lastModifiedDate":"2025-09-11T19:42:54","isFullCredit":false},{"lineNumber":51,"author":{"gitId":"Novianaghovin"},"content":"                        try {","lastModifiedDate":"2025-09-11T19:42:54","isFullCredit":false},{"lineNumber":52,"author":{"gitId":"Novianaghovin"},"content":"                            int taskNumber \u003d Integer.parseInt(parts[1]);","lastModifiedDate":"2025-09-11T19:42:54","isFullCredit":false},{"lineNumber":53,"author":{"gitId":"Novianaghovin"},"content":"                            tasks.unmarkTask(taskNumber);","lastModifiedDate":"2025-09-11T19:42:54","isFullCredit":false},{"lineNumber":54,"author":{"gitId":"Novianaghovin"},"content":"                        } catch (NumberFormatException e) {","lastModifiedDate":"2025-09-11T19:42:54","isFullCredit":false},{"lineNumber":55,"author":{"gitId":"Novianaghovin"},"content":"                            System.out.println(\"It\u0027s giving \u0027error\u0027. That number ain\u0027t it.\");","lastModifiedDate":"2025-09-11T19:42:54","isFullCredit":false},{"lineNumber":56,"author":{"gitId":"Novianaghovin"},"content":"                        }","lastModifiedDate":"2025-09-11T17:15:15","isFullCredit":false},{"lineNumber":57,"author":{"gitId":"Novianaghovin"},"content":"                    } else {","lastModifiedDate":"2025-09-11T19:42:54","isFullCredit":false},{"lineNumber":58,"author":{"gitId":"Novianaghovin"},"content":"                        System.out.println(\"Give me the number so I can unmark it.\");","lastModifiedDate":"2025-09-11T19:42:54","isFullCredit":false},{"lineNumber":59,"author":{"gitId":"Novianaghovin"},"content":"                    }","lastModifiedDate":"2025-09-11T17:04:27","isFullCredit":false},{"lineNumber":60,"author":{"gitId":"Novianaghovin"},"content":"                    break;","lastModifiedDate":"2025-09-11T19:42:54","isFullCredit":false},{"lineNumber":61,"author":{"gitId":"Novianaghovin"},"content":"                case \"bye\":","lastModifiedDate":"2025-09-11T19:42:54","isFullCredit":false},{"lineNumber":62,"author":{"gitId":"Novianaghovin"},"content":"                    isExit \u003d true;","lastModifiedDate":"2025-09-11T17:15:15","isFullCredit":false},{"lineNumber":63,"author":{"gitId":"Novianaghovin"},"content":"                    break;","lastModifiedDate":"2025-09-11T19:42:54","isFullCredit":false},{"lineNumber":64,"author":{"gitId":"Novianaghovin"},"content":"                case \"view\":","lastModifiedDate":"2025-09-11T19:42:54","isFullCredit":false},{"lineNumber":65,"author":{"gitId":"Novianaghovin"},"content":"                    if (parts.length \u003e 1 \u0026\u0026 parts[1].equalsIgnoreCase(\"instruction\")) {","lastModifiedDate":"2025-09-11T19:42:54","isFullCredit":false},{"lineNumber":66,"author":{"gitId":"Novianaghovin"},"content":"                        showInstructions();","lastModifiedDate":"2025-09-11T19:42:54","isFullCredit":false},{"lineNumber":67,"author":{"gitId":"Novianaghovin"},"content":"                    } else {","lastModifiedDate":"2025-09-11T19:42:54","isFullCredit":false},{"lineNumber":68,"author":{"gitId":"Novianaghovin"},"content":"                        tasks.addTask(input);","lastModifiedDate":"2025-09-11T19:42:54","isFullCredit":false},{"lineNumber":69,"author":{"gitId":"Novianaghovin"},"content":"                    }","lastModifiedDate":"2025-09-11T17:15:15","isFullCredit":false},{"lineNumber":70,"author":{"gitId":"Novianaghovin"},"content":"                    break;","lastModifiedDate":"2025-09-11T19:42:54","isFullCredit":false},{"lineNumber":71,"author":{"gitId":"Novianaghovin"},"content":"                default:","lastModifiedDate":"2025-09-11T19:42:54","isFullCredit":false},{"lineNumber":72,"author":{"gitId":"Novianaghovin"},"content":"                    tasks.addTask(input);","lastModifiedDate":"2025-09-11T19:42:54","isFullCredit":false},{"lineNumber":73,"author":{"gitId":"Novianaghovin"},"content":"                    break;","lastModifiedDate":"2025-09-11T17:15:15","isFullCredit":false},{"lineNumber":74,"author":{"gitId":"Novianaghovin"},"content":"            }","lastModifiedDate":"2025-09-11T17:15:15","isFullCredit":false},{"lineNumber":75,"author":{"gitId":"Novianaghovin"},"content":"        }","lastModifiedDate":"2025-09-11T17:15:15","isFullCredit":false},{"lineNumber":76,"author":{"gitId":"Novianaghovin"},"content":"        System.out.println(\"Bye. Hope to see you again soon!\");","lastModifiedDate":"2025-09-11T17:15:15","isFullCredit":false},{"lineNumber":77,"author":{"gitId":"Novianaghovin"},"content":"        scanner.close();","lastModifiedDate":"2025-09-11T17:04:27","isFullCredit":false},{"lineNumber":78,"author":{"gitId":"Novianaghovin"},"content":"    }","lastModifiedDate":"2025-09-11T16:42:52","isFullCredit":false},{"lineNumber":79,"author":{"gitId":"Novianaghovin"},"content":"","lastModifiedDate":"2025-09-11T19:42:54","isFullCredit":false},{"lineNumber":80,"author":{"gitId":"Novianaghovin"},"content":"    public static void main(String[] args) {","lastModifiedDate":"2025-09-11T19:42:54","isFullCredit":false},{"lineNumber":81,"author":{"gitId":"Novianaghovin"},"content":"        new Whisperwind().start();","lastModifiedDate":"2025-09-11T19:42:54","isFullCredit":false},{"lineNumber":82,"author":{"gitId":"Novianaghovin"},"content":"    }","lastModifiedDate":"2025-09-11T19:42:54","isFullCredit":false},{"lineNumber":83,"author":{"gitId":"Novianaghovin"},"content":"}","lastModifiedDate":"2025-09-11T16:42:52","isFullCredit":false}],"authorContributionMap":{"Novianaghovin":83}},{"path":"text-ui-test/runtest.bat","fileType":"bat","lines":[{"lineNumber":1,"author":{"gitId":"-"},"content":"@ECHO OFF","lastModifiedDate":"2020-05-25T00:03:55","isFullCredit":false},{"lineNumber":2,"author":{"gitId":"-"},"content":"","lastModifiedDate":"2020-05-25T00:03:55","isFullCredit":false},{"lineNumber":3,"author":{"gitId":"-"},"content":"REM create bin directory if it doesn\u0027t exist","lastModifiedDate":"2020-05-25T00:03:55","isFullCredit":false},{"lineNumber":4,"author":{"gitId":"-"},"content":"if not exist ..\\bin mkdir ..\\bin","lastModifiedDate":"2020-05-25T00:03:55","isFullCredit":false},{"lineNumber":5,"author":{"gitId":"-"},"content":"","lastModifiedDate":"2020-05-25T00:03:55","isFullCredit":false},{"lineNumber":6,"author":{"gitId":"-"},"content":"REM delete output from previous run","lastModifiedDate":"2020-05-25T00:03:55","isFullCredit":false},{"lineNumber":7,"author":{"gitId":"-"},"content":"if exist ACTUAL.TXT del ACTUAL.TXT","lastModifiedDate":"2020-08-25T17:23:26","isFullCredit":false},{"lineNumber":8,"author":{"gitId":"-"},"content":"","lastModifiedDate":"2020-05-25T00:03:55","isFullCredit":false},{"lineNumber":9,"author":{"gitId":"-"},"content":"REM compile the code into the bin folder","lastModifiedDate":"2020-05-25T00:03:55","isFullCredit":false},{"lineNumber":10,"author":{"gitId":"-"},"content":"javac  -cp ..\\src\\main\\java -Xlint:none -d ..\\bin ..\\src\\main\\java\\*.java","lastModifiedDate":"2020-08-25T17:23:26","isFullCredit":false},{"lineNumber":11,"author":{"gitId":"-"},"content":"IF ERRORLEVEL 1 (","lastModifiedDate":"2020-05-25T00:03:55","isFullCredit":false},{"lineNumber":12,"author":{"gitId":"-"},"content":"    echo ********** BUILD FAILURE **********","lastModifiedDate":"2020-05-25T00:03:55","isFullCredit":false},{"lineNumber":13,"author":{"gitId":"-"},"content":"    exit /b 1","lastModifiedDate":"2020-05-25T00:03:55","isFullCredit":false},{"lineNumber":14,"author":{"gitId":"-"},"content":")","lastModifiedDate":"2020-05-25T00:03:55","isFullCredit":false},{"lineNumber":15,"author":{"gitId":"-"},"content":"REM no error here, errorlevel \u003d\u003d 0","lastModifiedDate":"2020-05-25T00:03:55","isFullCredit":false},{"lineNumber":16,"author":{"gitId":"-"},"content":"","lastModifiedDate":"2020-05-25T00:03:55","isFullCredit":false},{"lineNumber":17,"author":{"gitId":"-"},"content":"REM run the program, feed commands from input.txt file and redirect the output to the ACTUAL.TXT","lastModifiedDate":"2020-05-25T00:03:55","isFullCredit":false},{"lineNumber":18,"author":{"gitId":"Novianaghovin"},"content":"java -classpath ..\\bin Whisperwind \u003c input.txt \u003e ACTUAL.TXT","lastModifiedDate":"2025-09-11T16:42:52","isFullCredit":false},{"lineNumber":19,"author":{"gitId":"-"},"content":"","lastModifiedDate":"2020-05-25T00:03:55","isFullCredit":false},{"lineNumber":20,"author":{"gitId":"-"},"content":"REM compare the output to the expected output","lastModifiedDate":"2020-05-25T00:03:55","isFullCredit":false},{"lineNumber":21,"author":{"gitId":"-"},"content":"FC ACTUAL.TXT EXPECTED.TXT","lastModifiedDate":"2020-05-25T00:03:55","isFullCredit":false}],"authorContributionMap":{"Novianaghovin":1,"-":20}}]
