{"authorDailyContributionsMap":{"Novianaghovin":[{"date":"2025-09-11T00:00:00","commitResults":[{"hash":"ca0c05ea5f49ff72e3e14593a98c8826496929fc","isMergeCommit":false,"messageTitle":"Level-0","messageBody":"","fileTypesAndContributionMap":{"java":{"insertions":8,"deletions":10},"bat":{"insertions":1,"deletions":1},"md":{"insertions":3,"deletions":3}}},{"hash":"e690ed64eabd2e8c326539d4a05680953ebbb282","isMergeCommit":false,"messageTitle":"Level-1","messageBody":"","tags":["Level-1"],"fileTypesAndContributionMap":{"java":{"insertions":15,"deletions":0}}},{"hash":"a37aed1b8f4a2c5f20a920602c088ee38df4c745","isMergeCommit":false,"messageTitle":"Revert \"Level-1\"","messageBody":"This reverts commit e690ed64eabd2e8c326539d4a05680953ebbb282.\n","fileTypesAndContributionMap":{"java":{"insertions":0,"deletions":15}}},{"hash":"2db4d4a28ef886cff06615bcdbda82374748af6c","isMergeCommit":false,"messageTitle":"lLevel 1. Echo","messageBody":"","fileTypesAndContributionMap":{"java":{"insertions":15,"deletions":0}}},{"hash":"377d84cffd6dc75f35b5d6f9d5548597994fe29e","isMergeCommit":false,"messageTitle":"Level 2. Add, List","messageBody":"","tags":["Level-2"],"fileTypesAndContributionMap":{"java":{"insertions":45,"deletions":8}}},{"hash":"624dc35f10cc23ee655542b5bcc587d064cd3564","isMergeCommit":false,"messageTitle":"Level 3. Mark as Done","messageBody":"","tags":["Level-3"],"fileTypesAndContributionMap":{"java":{"insertions":137,"deletions":44}}}]}]},"authorFileTypeContributionMap":{"Novianaghovin":{"java":153,"md":3,"fxml":0,"sh":0,"bat":1,"gradle":0,"txt":0}},"authorContributionVariance":{"Novianaghovin":2324.0957},"authorDisplayNameMap":{"Novianaghovin":"NOVI..OVIN"}}
