{"authorDailyContributionsMap":{"Novianaghovin":[{"date":"2025-09-11T00:00:00","commitResults":[{"hash":"ca0c05ea5f49ff72e3e14593a98c8826496929fc","isMergeCommit":false,"messageTitle":"Level-0","messageBody":"","fileTypesAndContributionMap":{"java":{"insertions":8,"deletions":10},"bat":{"insertions":1,"deletions":1},"md":{"insertions":3,"deletions":3}}},{"hash":"e690ed64eabd2e8c326539d4a05680953ebbb282","isMergeCommit":false,"messageTitle":"Level-1","messageBody":"","tags":["Level-1"],"fileTypesAndContributionMap":{"java":{"insertions":15,"deletions":0}}},{"hash":"a37aed1b8f4a2c5f20a920602c088ee38df4c745","isMergeCommit":false,"messageTitle":"Revert \"Level-1\"","messageBody":"This reverts commit e690ed64eabd2e8c326539d4a05680953ebbb282.\n","fileTypesAndContributionMap":{"java":{"insertions":0,"deletions":15}}},{"hash":"2db4d4a28ef886cff06615bcdbda82374748af6c","isMergeCommit":false,"messageTitle":"lLevel 1. Echo","messageBody":"","fileTypesAndContributionMap":{"java":{"insertions":15,"deletions":0}}},{"hash":"377d84cffd6dc75f35b5d6f9d5548597994fe29e","isMergeCommit":false,"messageTitle":"Level 2. Add, List","messageBody":"","tags":["Level-2"],"fileTypesAndContributionMap":{"java":{"insertions":45,"deletions":8}}},{"hash":"624dc35f10cc23ee655542b5bcc587d064cd3564","isMergeCommit":false,"messageTitle":"Level 3. Mark as Done","messageBody":"","tags":["Level-3"],"fileTypesAndContributionMap":{"java":{"insertions":137,"deletions":44}}}]},{"date":"2025-10-09T00:00:00","commitResults":[{"hash":"66534fff8687dcd6c5d3a2f9bf77659c7bf51953","isMergeCommit":false,"messageTitle":"Level 4. ToDos, Events, Deadlines","messageBody":"","tags":["Level-4"],"fileTypesAndContributionMap":{"java":{"insertions":149,"deletions":47}}},{"hash":"97531ad3bc6969e62e277564bee9d93a35dff762","isMergeCommit":false,"messageTitle":"Level-5: Handle Errors","messageBody":"","tags":["Level-5"],"fileTypesAndContributionMap":{"java":{"insertions":556,"deletions":111}}},{"hash":"882a842c0c9301bc709475688429d6829d600ace","isMergeCommit":false,"messageTitle":"Level 5. Handle Errors (with the help of AI) improvement","messageBody":"","tags":["Level-5AI"],"fileTypesAndContributionMap":{"txt":{"insertions":5,"deletions":0},"java":{"insertions":492,"deletions":117}}},{"hash":"4ecd527dfca109116029b5796e2d026349331d0e","isMergeCommit":false,"messageTitle":"Level-6 Delete \u0026 Enums (additional changes for multiple mark\u0026unmark)","messageBody":"","tags":["Level-6"],"fileTypesAndContributionMap":{"txt":{"insertions":8,"deletions":5},"java":{"insertions":1177,"deletions":258}}}]},{"date":"2025-10-10T00:00:00","commitResults":[{"hash":"427f83d5ec60e8b895be06a3c2d83dc84f3f6879","isMergeCommit":false,"messageTitle":"Level-7 Save, A-Packages - practicing branches","messageBody":"","tags":["Level-7"],"fileTypesAndContributionMap":{"txt":{"insertions":2,"deletions":0},"java":{"insertions":1870,"deletions":1},"bat":{"insertions":1,"deletions":1},"md":{"insertions":3,"deletions":3}}}]},{"date":"2025-10-14T00:00:00","commitResults":[{"hash":"aa3eecb51d3b2f6c3eda5cef179435c770751311","isMergeCommit":false,"messageTitle":"Level-8: Dates and Times, JavaDoc and fixing exception error handling in 1 package","messageBody":"","tags":["Level-8"],"fileTypesAndContributionMap":{"txt":{"insertions":12,"deletions":2},"java":{"insertions":1354,"deletions":231}}}]},{"date":"2025-10-18T00:00:00","commitResults":[{"hash":"5522bfc1f64d0c0c641aec3788b226462cf406b3","isMergeCommit":true,"messageTitle":"Merge branch \u0027master\u0027 into add-gradle-support","messageBody":"","fileTypesAndContributionMap":{}},{"hash":"dc4bcf6e4346aab2e523c4472057b864cd17bd3f","isMergeCommit":false,"messageTitle":"Add individual feature B-ViewSchedules , noticed that the date added can be in the past. Additional feature to ensure that deadline and event can only be in the future. Therefore can view schedule for today, tomorrow and upcoming","messageBody":"","tags":["individual-feature1-viewSchedules"],"fileTypesAndContributionMap":{"txt":{"insertions":2,"deletions":12},"java":{"insertions":643,"deletions":31}}},{"hash":"9dec5a57460d5582c3cfe76b2e9429ba42900326","isMergeCommit":false,"messageTitle":"Level-9: Find","messageBody":"","tags":["Level-9"],"fileTypesAndContributionMap":{"txt":{"insertions":5,"deletions":0},"java":{"insertions":115,"deletions":30}}}]},{"date":"2025-10-19T00:00:00","commitResults":[{"hash":"3146666a47cbfd5b2e78a41be034de4638216122","isMergeCommit":false,"messageTitle":"Level-8,  A-Gradle, A-JUnit updated after watching latest lectures successfully integrated the system by deleting .idea \u0026 duke-demo.iml , restart and changing mainClass.set(\"whisperwind.Whisperwind\") in build.gradle. Also can test in the terminal using these instructions: .\\gradlew, .\\gradlew clean run, ./gradlew test, ./gradlew test --info, ./gradlew clean test","messageBody":"","fileTypesAndContributionMap":{"gradle":{"insertions":1,"deletions":1},"txt":{"insertions":10,"deletions":5},"java":{"insertions":1357,"deletions":18}}},{"hash":"a694885841b2475c49983d200597c137f390f9e3","isMergeCommit":false,"messageTitle":"Week 11 - Improve the individual feature \"Archive\"","messageBody":"","fileTypesAndContributionMap":{"txt":{"insertions":29,"deletions":6},"java":{"insertions":927,"deletions":104}}},{"hash":"783c50d22dbc2215454ccf78f36635c6d5a49a54","isMergeCommit":false,"messageTitle":"Level-10 GUI - handling error in new interface is not align with my backedn code . Might need to revert later if not working (since this is optional). At the same time new code added to use assert feature (not JUnit assertions) to document important assumptions that should hold at various points in the code.","messageBody":"","tags":["Level-10"],"fileTypesAndContributionMap":{"gradle":{"insertions":17,"deletions":25},"txt":{"insertions":8,"deletions":6},"java":{"insertions":1578,"deletions":64}}}]},{"date":"2025-11-07T00:00:00","commitResults":[{"hash":"bb08a28535acdc054e0505f403e0a546f7c29615","isMergeCommit":false,"messageTitle":"Final submission, remove dead code, reconstruct long code split to 2 classes.","messageBody":"","tags":["Final"],"fileTypesAndContributionMap":{"gradle":{"insertions":25,"deletions":17},"txt":{"insertions":13,"deletions":16},"java":{"insertions":2157,"deletions":2457}}}]}]},"authorFileTypeContributionMap":{"Novianaghovin":{"java":9059,"md":3,"fxml":0,"sh":0,"bat":1,"gradle":25,"txt":42}},"authorContributionVariance":{"Novianaghovin":540307.2},"authorDisplayNameMap":{"Novianaghovin":"NOVI..OVIN"}}
