[{"path":"src/main/java/Deadline.java","fileType":"java","lines":[{"lineNumber":1,"author":{"gitId":"freshwaterlemon"},"content":"public class Deadline extends Task {","lastModifiedDate":"2025-09-13T14:36:48","isFullCredit":false},{"lineNumber":2,"author":{"gitId":"freshwaterlemon"},"content":"","lastModifiedDate":"2025-09-13T14:36:48","isFullCredit":false},{"lineNumber":3,"author":{"gitId":"freshwaterlemon"},"content":"    public Deadline(String deadlineDescription) {","lastModifiedDate":"2025-09-13T19:05:09","isFullCredit":false},{"lineNumber":4,"author":{"gitId":"freshwaterlemon"},"content":"        super(deadlineDescription);","lastModifiedDate":"2025-09-13T14:36:48","isFullCredit":false},{"lineNumber":5,"author":{"gitId":"freshwaterlemon"},"content":"    }","lastModifiedDate":"2025-09-13T14:36:48","isFullCredit":false},{"lineNumber":6,"author":{"gitId":"freshwaterlemon"},"content":"","lastModifiedDate":"2025-09-13T14:36:48","isFullCredit":false},{"lineNumber":7,"author":{"gitId":"freshwaterlemon"},"content":"    public String getScheduleItem() {","lastModifiedDate":"2025-09-13T14:36:48","isFullCredit":false},{"lineNumber":8,"author":{"gitId":"freshwaterlemon"},"content":"        return \"deadline\";","lastModifiedDate":"2025-09-13T14:36:48","isFullCredit":false},{"lineNumber":9,"author":{"gitId":"freshwaterlemon"},"content":"    }","lastModifiedDate":"2025-09-13T14:36:48","isFullCredit":false},{"lineNumber":10,"author":{"gitId":"freshwaterlemon"},"content":"","lastModifiedDate":"2025-09-13T14:36:48","isFullCredit":false},{"lineNumber":11,"author":{"gitId":"freshwaterlemon"},"content":"    @Override","lastModifiedDate":"2025-09-13T14:36:48","isFullCredit":false},{"lineNumber":12,"author":{"gitId":"freshwaterlemon"},"content":"    public String toString() {","lastModifiedDate":"2025-09-13T14:36:48","isFullCredit":false},{"lineNumber":13,"author":{"gitId":"freshwaterlemon"},"content":"        return \"[D]\" + \"[\" + getStatusIcon() + \"] \" + description;","lastModifiedDate":"2025-09-13T19:05:09","isFullCredit":false},{"lineNumber":14,"author":{"gitId":"freshwaterlemon"},"content":"    }","lastModifiedDate":"2025-09-13T14:36:48","isFullCredit":false},{"lineNumber":15,"author":{"gitId":"freshwaterlemon"},"content":"}","lastModifiedDate":"2025-09-13T14:36:48","isFullCredit":false}],"authorContributionMap":{"freshwaterlemon":15}},{"path":"src/main/java/Event.java","fileType":"java","lines":[{"lineNumber":1,"author":{"gitId":"freshwaterlemon"},"content":"public class Event extends Task {","lastModifiedDate":"2025-09-13T14:36:48","isFullCredit":false},{"lineNumber":2,"author":{"gitId":"freshwaterlemon"},"content":"","lastModifiedDate":"2025-09-13T14:36:48","isFullCredit":false},{"lineNumber":3,"author":{"gitId":"freshwaterlemon"},"content":"    public Event(String eventDescription) {","lastModifiedDate":"2025-09-13T19:05:09","isFullCredit":false},{"lineNumber":4,"author":{"gitId":"freshwaterlemon"},"content":"        super(eventDescription);","lastModifiedDate":"2025-09-13T14:36:48","isFullCredit":false},{"lineNumber":5,"author":{"gitId":"freshwaterlemon"},"content":"    }","lastModifiedDate":"2025-09-13T14:36:48","isFullCredit":false},{"lineNumber":6,"author":{"gitId":"freshwaterlemon"},"content":"","lastModifiedDate":"2025-09-13T14:36:48","isFullCredit":false},{"lineNumber":7,"author":{"gitId":"freshwaterlemon"},"content":"    public String getScheduleItem() {","lastModifiedDate":"2025-09-13T14:36:48","isFullCredit":false},{"lineNumber":8,"author":{"gitId":"freshwaterlemon"},"content":"        return \"event\";","lastModifiedDate":"2025-09-13T14:36:48","isFullCredit":false},{"lineNumber":9,"author":{"gitId":"freshwaterlemon"},"content":"    }","lastModifiedDate":"2025-09-13T14:36:48","isFullCredit":false},{"lineNumber":10,"author":{"gitId":"freshwaterlemon"},"content":"","lastModifiedDate":"2025-09-13T14:36:48","isFullCredit":false},{"lineNumber":11,"author":{"gitId":"freshwaterlemon"},"content":"    @Override","lastModifiedDate":"2025-09-13T14:36:48","isFullCredit":false},{"lineNumber":12,"author":{"gitId":"freshwaterlemon"},"content":"    public String toString() {","lastModifiedDate":"2025-09-13T14:36:48","isFullCredit":false},{"lineNumber":13,"author":{"gitId":"freshwaterlemon"},"content":"        return \"[E]\" + \"[\" + getStatusIcon() + \"] \" + description;","lastModifiedDate":"2025-09-13T19:05:09","isFullCredit":false},{"lineNumber":14,"author":{"gitId":"freshwaterlemon"},"content":"    }","lastModifiedDate":"2025-09-13T14:36:48","isFullCredit":false},{"lineNumber":15,"author":{"gitId":"freshwaterlemon"},"content":"}","lastModifiedDate":"2025-09-13T14:36:48","isFullCredit":false}],"authorContributionMap":{"freshwaterlemon":15}},{"path":"src/main/java/Pakipaki.java","fileType":"java","lines":[{"lineNumber":1,"author":{"gitId":"freshwaterlemon"},"content":"import java.util.Scanner;","lastModifiedDate":"2025-09-01T23:50:39","isFullCredit":false},{"lineNumber":2,"author":{"gitId":"freshwaterlemon"},"content":"import java.util.ArrayList;","lastModifiedDate":"2025-09-02T12:17:47","isFullCredit":false},{"lineNumber":3,"author":{"gitId":"freshwaterlemon"},"content":"","lastModifiedDate":"2025-09-01T23:50:39","isFullCredit":false},{"lineNumber":4,"author":{"gitId":"freshwaterlemon"},"content":"public class Pakipaki {","lastModifiedDate":"2025-08-31T23:42:42","isFullCredit":false},{"lineNumber":5,"author":{"gitId":"freshwaterlemon"},"content":"    private static final String BOTNAME \u003d \"PakiPaki\";","lastModifiedDate":"2025-09-01T22:54:04","isFullCredit":false},{"lineNumber":6,"author":{"gitId":"freshwaterlemon"},"content":"    private static final String HORIZONTAL_LINE \u003d \"____________________________________________________________\";","lastModifiedDate":"2025-09-01T22:54:04","isFullCredit":false},{"lineNumber":7,"author":{"gitId":"freshwaterlemon"},"content":"    private static final String USERGUIDEMSG \u003d \"\"\"","lastModifiedDate":"2025-09-13T14:36:48","isFullCredit":false},{"lineNumber":8,"author":{"gitId":"freshwaterlemon"},"content":"            Task Commands Overview:","lastModifiedDate":"2025-09-13T14:36:48","isFullCredit":false},{"lineNumber":9,"author":{"gitId":"freshwaterlemon"},"content":"","lastModifiedDate":"2025-09-13T14:36:48","isFullCredit":false},{"lineNumber":10,"author":{"gitId":"freshwaterlemon"},"content":"                1. Type \u0027list\u0027 to see all your tasks.","lastModifiedDate":"2025-09-13T14:36:48","isFullCredit":false},{"lineNumber":11,"author":{"gitId":"freshwaterlemon"},"content":"                2. Use \u0027todo \u003ctask\u003e\u0027 to add a simple task.","lastModifiedDate":"2025-09-13T14:36:48","isFullCredit":false},{"lineNumber":12,"author":{"gitId":"freshwaterlemon"},"content":"                3. Use \u0027deadline \u003ctask\u003e /by \u003cdate/time\u003e\u0027 to add a task with a deadline.","lastModifiedDate":"2025-09-13T14:36:48","isFullCredit":false},{"lineNumber":13,"author":{"gitId":"freshwaterlemon"},"content":"                4. Use \u0027event \u003ctask\u003e /from \u003cstart date/time\u003e /to \u003cend date/time\u003e\u0027 to add an event.","lastModifiedDate":"2025-09-13T14:36:48","isFullCredit":false},{"lineNumber":14,"author":{"gitId":"freshwaterlemon"},"content":"                5. Use \u0027mark \u003ctask\u003e\u0027 to mark a task as done.","lastModifiedDate":"2025-09-13T14:36:48","isFullCredit":false},{"lineNumber":15,"author":{"gitId":"freshwaterlemon"},"content":"                6. Use \u0027unmark \u003ctask\u003e\u0027 to mark a task as not done.","lastModifiedDate":"2025-09-13T14:36:48","isFullCredit":false},{"lineNumber":16,"author":{"gitId":"freshwaterlemon"},"content":"                7. Type \u0027bye\u0027 to exit the chat.","lastModifiedDate":"2025-09-13T14:36:48","isFullCredit":false},{"lineNumber":17,"author":{"gitId":"freshwaterlemon"},"content":"            \"\"\";","lastModifiedDate":"2025-09-13T14:36:48","isFullCredit":false},{"lineNumber":18,"author":{"gitId":"freshwaterlemon"},"content":"","lastModifiedDate":"2025-08-31T23:42:42","isFullCredit":false},{"lineNumber":19,"author":{"gitId":"freshwaterlemon"},"content":"    // print the horizontal decoration line for seperation","lastModifiedDate":"2025-09-13T15:47:49","isFullCredit":false},{"lineNumber":20,"author":{"gitId":"freshwaterlemon"},"content":"    private static void printHorzLine() {","lastModifiedDate":"2025-09-04T16:22:00","isFullCredit":false},{"lineNumber":21,"author":{"gitId":"freshwaterlemon"},"content":"        System.out.println(HORIZONTAL_LINE);","lastModifiedDate":"2025-09-01T23:50:39","isFullCredit":false},{"lineNumber":22,"author":{"gitId":"freshwaterlemon"},"content":"    }","lastModifiedDate":"2025-09-01T23:50:39","isFullCredit":false},{"lineNumber":23,"author":{"gitId":"freshwaterlemon"},"content":"","lastModifiedDate":"2025-09-01T23:50:39","isFullCredit":false},{"lineNumber":24,"author":{"gitId":"freshwaterlemon"},"content":"    // print start message","lastModifiedDate":"2025-09-02T12:17:47","isFullCredit":false},{"lineNumber":25,"author":{"gitId":"freshwaterlemon"},"content":"    private static void startMsg() {","lastModifiedDate":"2025-09-04T16:22:00","isFullCredit":false},{"lineNumber":26,"author":{"gitId":"freshwaterlemon"},"content":"        printHorzLine();","lastModifiedDate":"2025-09-01T23:50:39","isFullCredit":false},{"lineNumber":27,"author":{"gitId":"freshwaterlemon"},"content":"        String message \u003d \"\"\"","lastModifiedDate":"2025-09-02T12:59:20","isFullCredit":false},{"lineNumber":28,"author":{"gitId":"freshwaterlemon"},"content":"                Hello! I\u0027m %s, your friendly assistant here to help you manage your tasks.","lastModifiedDate":"2025-09-13T14:36:48","isFullCredit":false},{"lineNumber":29,"author":{"gitId":"freshwaterlemon"},"content":"","lastModifiedDate":"2025-09-02T12:59:20","isFullCredit":false},{"lineNumber":30,"author":{"gitId":"freshwaterlemon"},"content":"                %s","lastModifiedDate":"2025-09-13T14:36:48","isFullCredit":false},{"lineNumber":31,"author":{"gitId":"freshwaterlemon"},"content":"                \"\"\".formatted(BOTNAME, USERGUIDEMSG);","lastModifiedDate":"2025-09-13T14:36:48","isFullCredit":false},{"lineNumber":32,"author":{"gitId":"freshwaterlemon"},"content":"        System.out.println(message);","lastModifiedDate":"2025-09-02T12:59:20","isFullCredit":false},{"lineNumber":33,"author":{"gitId":"freshwaterlemon"},"content":"        printHorzLine();","lastModifiedDate":"2025-09-01T23:50:39","isFullCredit":false},{"lineNumber":34,"author":{"gitId":"freshwaterlemon"},"content":"    }","lastModifiedDate":"2025-09-01T22:54:04","isFullCredit":false},{"lineNumber":35,"author":{"gitId":"freshwaterlemon"},"content":"","lastModifiedDate":"2025-09-01T22:54:04","isFullCredit":false},{"lineNumber":36,"author":{"gitId":"freshwaterlemon"},"content":"    // print end message","lastModifiedDate":"2025-09-02T12:17:47","isFullCredit":false},{"lineNumber":37,"author":{"gitId":"freshwaterlemon"},"content":"    private static void endMsg() {","lastModifiedDate":"2025-09-04T16:22:00","isFullCredit":false},{"lineNumber":38,"author":{"gitId":"freshwaterlemon"},"content":"        System.out.println(\"    Thank you for chatting with me! Until next time!\");","lastModifiedDate":"2025-09-13T01:00:01","isFullCredit":false},{"lineNumber":39,"author":{"gitId":"freshwaterlemon"},"content":"        printHorzLine();","lastModifiedDate":"2025-09-01T23:50:39","isFullCredit":false},{"lineNumber":40,"author":{"gitId":"freshwaterlemon"},"content":"    }","lastModifiedDate":"2025-09-01T22:54:04","isFullCredit":false},{"lineNumber":41,"author":{"gitId":"freshwaterlemon"},"content":"","lastModifiedDate":"2025-09-01T22:54:04","isFullCredit":false},{"lineNumber":42,"author":{"gitId":"freshwaterlemon"},"content":"    // print items inside task list and display message if the list is empty.","lastModifiedDate":"2025-09-13T15:47:49","isFullCredit":false},{"lineNumber":43,"author":{"gitId":"freshwaterlemon"},"content":"    private static void printTaskList(ArrayList\u003cTask\u003e taskList) {","lastModifiedDate":"2025-09-04T16:22:00","isFullCredit":false},{"lineNumber":44,"author":{"gitId":"freshwaterlemon"},"content":"        if (taskList.isEmpty()) {","lastModifiedDate":"2025-09-02T12:47:08","isFullCredit":false},{"lineNumber":45,"author":{"gitId":"freshwaterlemon"},"content":"            System.out.println(","lastModifiedDate":"2025-09-02T13:26:40","isFullCredit":false},{"lineNumber":46,"author":{"gitId":"freshwaterlemon"},"content":"                    \"   Your task list is empty! Add something and I\u0027ll keep it ready for you!\");","lastModifiedDate":"2025-09-13T01:00:01","isFullCredit":false},{"lineNumber":47,"author":{"gitId":"freshwaterlemon"},"content":"        } else {","lastModifiedDate":"2025-09-02T12:47:08","isFullCredit":false},{"lineNumber":48,"author":{"gitId":"freshwaterlemon"},"content":"            System.out.println(\"    Here\u0027s what\u0027s on your task list so far: \" + \"(\" + taskList.size() + \" in total)\");","lastModifiedDate":"2025-09-13T14:36:48","isFullCredit":false},{"lineNumber":49,"author":{"gitId":"freshwaterlemon"},"content":"            for (int i \u003d 0; i \u003c taskList.size(); i++) {","lastModifiedDate":"2025-09-02T12:47:08","isFullCredit":false},{"lineNumber":50,"author":{"gitId":"freshwaterlemon"},"content":"                System.out.println(\"        \" + (i + 1) + \". \" + taskList.get(i));","lastModifiedDate":"2025-09-02T12:47:08","isFullCredit":false},{"lineNumber":51,"author":{"gitId":"freshwaterlemon"},"content":"            }","lastModifiedDate":"2025-09-02T12:47:08","isFullCredit":false},{"lineNumber":52,"author":{"gitId":"freshwaterlemon"},"content":"            System.out.println();","lastModifiedDate":"2025-09-02T12:47:08","isFullCredit":false},{"lineNumber":53,"author":{"gitId":"freshwaterlemon"},"content":"        }","lastModifiedDate":"2025-09-02T12:47:08","isFullCredit":false},{"lineNumber":54,"author":{"gitId":"freshwaterlemon"},"content":"    }","lastModifiedDate":"2025-09-02T12:47:08","isFullCredit":false},{"lineNumber":55,"author":{"gitId":"freshwaterlemon"},"content":"","lastModifiedDate":"2025-09-02T12:47:08","isFullCredit":false},{"lineNumber":56,"author":{"gitId":"freshwaterlemon"},"content":"    // find if task is inside the tasklist arraylist","lastModifiedDate":"2025-09-04T22:25:34","isFullCredit":false},{"lineNumber":57,"author":{"gitId":"freshwaterlemon"},"content":"    private static Task findTaskByDescription(String description, ArrayList\u003cTask\u003e taskList, boolean doneStatus,","lastModifiedDate":"2025-09-05T23:39:42","isFullCredit":false},{"lineNumber":58,"author":{"gitId":"freshwaterlemon"},"content":"            boolean findFromEnd) {","lastModifiedDate":"2025-09-05T23:39:42","isFullCredit":false},{"lineNumber":59,"author":{"gitId":"freshwaterlemon"},"content":"        // unmark from the end of list as newer task should be unmark first","lastModifiedDate":"2025-09-06T00:46:31","isFullCredit":false},{"lineNumber":60,"author":{"gitId":"freshwaterlemon"},"content":"        int startFrom, endAt, step;","lastModifiedDate":"2025-09-13T01:00:01","isFullCredit":false},{"lineNumber":61,"author":{"gitId":"freshwaterlemon"},"content":"","lastModifiedDate":"2025-09-06T00:46:31","isFullCredit":false},{"lineNumber":62,"author":{"gitId":"freshwaterlemon"},"content":"        if (findFromEnd) {","lastModifiedDate":"2025-09-05T23:39:42","isFullCredit":false},{"lineNumber":63,"author":{"gitId":"freshwaterlemon"},"content":"            startFrom \u003d taskList.size() - 1;","lastModifiedDate":"2025-09-06T00:46:31","isFullCredit":false},{"lineNumber":64,"author":{"gitId":"freshwaterlemon"},"content":"            endAt \u003d -1;","lastModifiedDate":"2025-09-13T01:00:01","isFullCredit":false},{"lineNumber":65,"author":{"gitId":"freshwaterlemon"},"content":"            step \u003d -1;","lastModifiedDate":"2025-09-06T00:46:31","isFullCredit":false},{"lineNumber":66,"author":{"gitId":"freshwaterlemon"},"content":"        } else {","lastModifiedDate":"2025-09-05T23:39:42","isFullCredit":false},{"lineNumber":67,"author":{"gitId":"freshwaterlemon"},"content":"            startFrom \u003d 0;","lastModifiedDate":"2025-09-06T00:46:31","isFullCredit":false},{"lineNumber":68,"author":{"gitId":"freshwaterlemon"},"content":"            endAt \u003d taskList.size();","lastModifiedDate":"2025-09-13T01:00:01","isFullCredit":false},{"lineNumber":69,"author":{"gitId":"freshwaterlemon"},"content":"            step \u003d 1;","lastModifiedDate":"2025-09-06T00:46:31","isFullCredit":false},{"lineNumber":70,"author":{"gitId":"freshwaterlemon"},"content":"        }","lastModifiedDate":"2025-09-06T00:46:31","isFullCredit":false},{"lineNumber":71,"author":{"gitId":"freshwaterlemon"},"content":"","lastModifiedDate":"2025-09-06T00:46:31","isFullCredit":false},{"lineNumber":72,"author":{"gitId":"freshwaterlemon"},"content":"        for (int i \u003d startFrom; i !\u003d endAt; i +\u003d step) {","lastModifiedDate":"2025-09-13T01:00:01","isFullCredit":false},{"lineNumber":73,"author":{"gitId":"freshwaterlemon"},"content":"            Task task \u003d taskList.get(i);","lastModifiedDate":"2025-09-06T00:46:31","isFullCredit":false},{"lineNumber":74,"author":{"gitId":"freshwaterlemon"},"content":"            // add in \u0026\u0026 task.getIsDone() \u003d\u003d doneStatus to handle duplicate task","lastModifiedDate":"2025-09-04T22:54:10","isFullCredit":false},{"lineNumber":75,"author":{"gitId":"freshwaterlemon"},"content":"            // user decide to do the same task again after it is done","lastModifiedDate":"2025-09-04T22:54:10","isFullCredit":false},{"lineNumber":76,"author":{"gitId":"freshwaterlemon"},"content":"            // check isDone in task obj, continue if task is found but already mark as done","lastModifiedDate":"2025-09-04T22:54:10","isFullCredit":false},{"lineNumber":77,"author":{"gitId":"freshwaterlemon"},"content":"            if (task.getDescription().equalsIgnoreCase(description) \u0026\u0026 task.getIsDone() \u003d\u003d doneStatus) {","lastModifiedDate":"2025-09-04T22:54:10","isFullCredit":false},{"lineNumber":78,"author":{"gitId":"freshwaterlemon"},"content":"                return task;","lastModifiedDate":"2025-09-04T22:25:34","isFullCredit":false},{"lineNumber":79,"author":{"gitId":"freshwaterlemon"},"content":"            }","lastModifiedDate":"2025-09-04T22:25:34","isFullCredit":false},{"lineNumber":80,"author":{"gitId":"freshwaterlemon"},"content":"        }","lastModifiedDate":"2025-09-04T22:25:34","isFullCredit":false},{"lineNumber":81,"author":{"gitId":"freshwaterlemon"},"content":"        return null;","lastModifiedDate":"2025-09-04T22:25:34","isFullCredit":false},{"lineNumber":82,"author":{"gitId":"freshwaterlemon"},"content":"    }","lastModifiedDate":"2025-09-04T22:25:34","isFullCredit":false},{"lineNumber":83,"author":{"gitId":"freshwaterlemon"},"content":"","lastModifiedDate":"2025-09-04T22:25:34","isFullCredit":false},{"lineNumber":84,"author":{"gitId":"freshwaterlemon"},"content":"    // handle marking of task as done","lastModifiedDate":"2025-09-04T22:25:34","isFullCredit":false},{"lineNumber":85,"author":{"gitId":"freshwaterlemon"},"content":"    private static void handleMark(String taskString, ArrayList\u003cTask\u003e taskList) {","lastModifiedDate":"2025-09-13T15:47:49","isFullCredit":false},{"lineNumber":86,"author":{"gitId":"freshwaterlemon"},"content":"        Task task \u003d findTaskByDescription(taskString, taskList, false, false);","lastModifiedDate":"2025-09-13T15:47:49","isFullCredit":false},{"lineNumber":87,"author":{"gitId":"freshwaterlemon"},"content":"        if (task !\u003d null) {","lastModifiedDate":"2025-09-04T22:25:34","isFullCredit":false},{"lineNumber":88,"author":{"gitId":"freshwaterlemon"},"content":"            task.markAsDone();","lastModifiedDate":"2025-09-04T22:25:34","isFullCredit":false},{"lineNumber":89,"author":{"gitId":"freshwaterlemon"},"content":"            System.out.println(\"    Alright! \\\"\" + taskString + \"\\\" mark as done!\");","lastModifiedDate":"2025-09-13T15:47:49","isFullCredit":false},{"lineNumber":90,"author":{"gitId":"freshwaterlemon"},"content":"            System.out.println(\"        \" + task + \"\\n\");","lastModifiedDate":"2025-09-04T22:25:34","isFullCredit":false},{"lineNumber":91,"author":{"gitId":"freshwaterlemon"},"content":"        } else {","lastModifiedDate":"2025-09-04T22:25:34","isFullCredit":false},{"lineNumber":92,"author":{"gitId":"freshwaterlemon"},"content":"            System.out.println(taskString + \" not found or all matching tasks are already marked as done.\\n\");","lastModifiedDate":"2025-09-13T15:47:49","isFullCredit":false},{"lineNumber":93,"author":{"gitId":"freshwaterlemon"},"content":"        }","lastModifiedDate":"2025-09-04T22:25:34","isFullCredit":false},{"lineNumber":94,"author":{"gitId":"freshwaterlemon"},"content":"    }","lastModifiedDate":"2025-09-04T16:22:00","isFullCredit":false},{"lineNumber":95,"author":{"gitId":"freshwaterlemon"},"content":"","lastModifiedDate":"2025-09-04T16:22:00","isFullCredit":false},{"lineNumber":96,"author":{"gitId":"freshwaterlemon"},"content":"    // handle unmarking of task as undone","lastModifiedDate":"2025-09-04T22:25:34","isFullCredit":false},{"lineNumber":97,"author":{"gitId":"freshwaterlemon"},"content":"    private static void handleUnmark(String taskString, ArrayList\u003cTask\u003e taskList) {","lastModifiedDate":"2025-09-13T15:47:49","isFullCredit":false},{"lineNumber":98,"author":{"gitId":"freshwaterlemon"},"content":"        Task task \u003d findTaskByDescription(taskString, taskList, true, true);","lastModifiedDate":"2025-09-13T15:47:49","isFullCredit":false},{"lineNumber":99,"author":{"gitId":"freshwaterlemon"},"content":"        if (task !\u003d null) {","lastModifiedDate":"2025-09-04T22:25:34","isFullCredit":false},{"lineNumber":100,"author":{"gitId":"freshwaterlemon"},"content":"            task.markAsUndone();","lastModifiedDate":"2025-09-04T22:25:34","isFullCredit":false},{"lineNumber":101,"author":{"gitId":"freshwaterlemon"},"content":"            System.out.println(\"    Alright! \\\"\" + taskString + \"\\\" unmark.\");","lastModifiedDate":"2025-09-13T15:47:49","isFullCredit":false},{"lineNumber":102,"author":{"gitId":"freshwaterlemon"},"content":"            System.out.println(\"        \" + task + \"\\n\");","lastModifiedDate":"2025-09-04T22:25:34","isFullCredit":false},{"lineNumber":103,"author":{"gitId":"freshwaterlemon"},"content":"        } else {","lastModifiedDate":"2025-09-04T22:25:34","isFullCredit":false},{"lineNumber":104,"author":{"gitId":"freshwaterlemon"},"content":"            System.out.println(\"    \" + taskString + \" not found or all matching tasks are already unmarked.\\n\");","lastModifiedDate":"2025-09-13T15:47:49","isFullCredit":false},{"lineNumber":105,"author":{"gitId":"freshwaterlemon"},"content":"        }","lastModifiedDate":"2025-09-04T22:25:34","isFullCredit":false},{"lineNumber":106,"author":{"gitId":"freshwaterlemon"},"content":"    }","lastModifiedDate":"2025-09-04T16:22:00","isFullCredit":false},{"lineNumber":107,"author":{"gitId":"freshwaterlemon"},"content":"","lastModifiedDate":"2025-09-04T16:22:00","isFullCredit":false},{"lineNumber":108,"author":{"gitId":"freshwaterlemon"},"content":"    // add task object to arraylist of task and display confirmation message","lastModifiedDate":"2025-09-13T15:47:49","isFullCredit":false},{"lineNumber":109,"author":{"gitId":"freshwaterlemon"},"content":"    private static void addTask(Task task, ArrayList\u003cTask\u003e taskList) {","lastModifiedDate":"2025-09-13T15:47:49","isFullCredit":false},{"lineNumber":110,"author":{"gitId":"freshwaterlemon"},"content":"        taskList.add(task);","lastModifiedDate":"2025-09-13T01:00:01","isFullCredit":false},{"lineNumber":111,"author":{"gitId":"freshwaterlemon"},"content":"        System.out.println(\"    Got it, task added to your task list.\");","lastModifiedDate":"2025-09-13T14:36:48","isFullCredit":false},{"lineNumber":112,"author":{"gitId":"freshwaterlemon"},"content":"        System.out.println(\"        \" + task.toString() + \"\\n\");","lastModifiedDate":"2025-09-13T14:36:48","isFullCredit":false},{"lineNumber":113,"author":{"gitId":"freshwaterlemon"},"content":"        System.out.println(\"    Now you have \" + taskList.size() + \" tasks in the list.\\n\");","lastModifiedDate":"2025-09-13T01:00:01","isFullCredit":false},{"lineNumber":114,"author":{"gitId":"freshwaterlemon"},"content":"    }","lastModifiedDate":"2025-09-13T01:00:01","isFullCredit":false},{"lineNumber":115,"author":{"gitId":"freshwaterlemon"},"content":"","lastModifiedDate":"2025-09-13T01:00:01","isFullCredit":false},{"lineNumber":116,"author":{"gitId":"freshwaterlemon"},"content":"    // handle to do","lastModifiedDate":"2025-09-13T15:47:49","isFullCredit":false},{"lineNumber":117,"author":{"gitId":"freshwaterlemon"},"content":"    private static void handleToDo(String description, ArrayList\u003cTask\u003e taskList) {","lastModifiedDate":"2025-09-13T15:47:49","isFullCredit":false},{"lineNumber":118,"author":{"gitId":"freshwaterlemon"},"content":"        addTask(new Todo(description), taskList);","lastModifiedDate":"2025-09-13T15:47:49","isFullCredit":false},{"lineNumber":119,"author":{"gitId":"freshwaterlemon"},"content":"    }","lastModifiedDate":"2025-09-13T15:47:49","isFullCredit":false},{"lineNumber":120,"author":{"gitId":"freshwaterlemon"},"content":"","lastModifiedDate":"2025-09-13T15:47:49","isFullCredit":false},{"lineNumber":121,"author":{"gitId":"freshwaterlemon"},"content":"    // handle deadline","lastModifiedDate":"2025-09-13T01:00:01","isFullCredit":false},{"lineNumber":122,"author":{"gitId":"freshwaterlemon"},"content":"    private static void handleDeadline(String description, ArrayList\u003cTask\u003e taskList) {","lastModifiedDate":"2025-09-13T14:36:48","isFullCredit":false},{"lineNumber":123,"author":{"gitId":"freshwaterlemon"},"content":"        int findIndex \u003d description.indexOf(\"/by\");","lastModifiedDate":"2025-09-13T01:00:01","isFullCredit":false},{"lineNumber":124,"author":{"gitId":"freshwaterlemon"},"content":"        if (findIndex \u003d\u003d -1) {","lastModifiedDate":"2025-09-13T15:47:49","isFullCredit":false},{"lineNumber":125,"author":{"gitId":"freshwaterlemon"},"content":"            System.out.println(\"    Oops! The deadline detail is missing\");","lastModifiedDate":"2025-09-13T14:36:48","isFullCredit":false},{"lineNumber":126,"author":{"gitId":"freshwaterlemon"},"content":"            System.out.println(\"    Please use the format: deadline \u003ctask\u003e /by \u003cdate/time\u003e\");","lastModifiedDate":"2025-09-13T14:36:48","isFullCredit":false},{"lineNumber":127,"author":{"gitId":"freshwaterlemon"},"content":"            return;","lastModifiedDate":"2025-09-13T01:00:01","isFullCredit":false},{"lineNumber":128,"author":{"gitId":"freshwaterlemon"},"content":"        }","lastModifiedDate":"2025-09-13T01:00:01","isFullCredit":false},{"lineNumber":129,"author":{"gitId":"freshwaterlemon"},"content":"        String deadlineDescription \u003d description.substring(0, findIndex).trim();","lastModifiedDate":"2025-09-13T15:47:49","isFullCredit":false},{"lineNumber":130,"author":{"gitId":"freshwaterlemon"},"content":"        String deadlineTiming \u003d description.substring(findIndex + 3).trim();","lastModifiedDate":"2025-09-13T15:47:49","isFullCredit":false},{"lineNumber":131,"author":{"gitId":"freshwaterlemon"},"content":"        String formattedDeadlineDescription \u003d deadlineDescription + \" (by: \" + deadlineTiming + \")\";","lastModifiedDate":"2025-09-13T19:05:09","isFullCredit":false},{"lineNumber":132,"author":{"gitId":"freshwaterlemon"},"content":"        // addTask(new Deadline(deadlineDescription, deadlineTiming), taskList);","lastModifiedDate":"2025-09-13T19:05:09","isFullCredit":false},{"lineNumber":133,"author":{"gitId":"freshwaterlemon"},"content":"        addTask(new Deadline(formattedDeadlineDescription), taskList);","lastModifiedDate":"2025-09-13T19:05:09","isFullCredit":false},{"lineNumber":134,"author":{"gitId":"freshwaterlemon"},"content":"","lastModifiedDate":"2025-09-13T01:00:01","isFullCredit":false},{"lineNumber":135,"author":{"gitId":"freshwaterlemon"},"content":"    }","lastModifiedDate":"2025-09-13T01:00:01","isFullCredit":false},{"lineNumber":136,"author":{"gitId":"freshwaterlemon"},"content":"","lastModifiedDate":"2025-09-13T01:00:01","isFullCredit":false},{"lineNumber":137,"author":{"gitId":"freshwaterlemon"},"content":"    // handle event","lastModifiedDate":"2025-09-13T01:00:01","isFullCredit":false},{"lineNumber":138,"author":{"gitId":"freshwaterlemon"},"content":"    private static void handleEvent(String description, ArrayList\u003cTask\u003e taskList) {","lastModifiedDate":"2025-09-13T14:36:48","isFullCredit":false},{"lineNumber":139,"author":{"gitId":"freshwaterlemon"},"content":"        int findIndexFrom \u003d description.indexOf(\"/from\");","lastModifiedDate":"2025-09-13T01:00:01","isFullCredit":false},{"lineNumber":140,"author":{"gitId":"freshwaterlemon"},"content":"        int findIndexTo \u003d description.indexOf(\"/to\");","lastModifiedDate":"2025-09-13T01:00:01","isFullCredit":false},{"lineNumber":141,"author":{"gitId":"freshwaterlemon"},"content":"        // user must include both from and to","lastModifiedDate":"2025-09-13T15:47:49","isFullCredit":false},{"lineNumber":142,"author":{"gitId":"freshwaterlemon"},"content":"        if (findIndexFrom \u003d\u003d -1 || findIndexTo \u003d\u003d -1 || findIndexFrom \u003e findIndexTo) {","lastModifiedDate":"2025-09-13T15:47:49","isFullCredit":false},{"lineNumber":143,"author":{"gitId":"freshwaterlemon"},"content":"            System.out.println(\"    Oops! The event detail is missing\");","lastModifiedDate":"2025-09-13T15:47:49","isFullCredit":false},{"lineNumber":144,"author":{"gitId":"freshwaterlemon"},"content":"            System.out.println(\"    Please use the format: event \u003ctask\u003e /from \u003cdate/time\u003e /to \u003cdate/time\u003e\");","lastModifiedDate":"2025-09-13T14:36:48","isFullCredit":false},{"lineNumber":145,"author":{"gitId":"freshwaterlemon"},"content":"            return;","lastModifiedDate":"2025-09-13T01:00:01","isFullCredit":false},{"lineNumber":146,"author":{"gitId":"freshwaterlemon"},"content":"        }","lastModifiedDate":"2025-09-13T01:00:01","isFullCredit":false},{"lineNumber":147,"author":{"gitId":"freshwaterlemon"},"content":"        String eventDescription \u003d description.substring(0, findIndexFrom).trim();","lastModifiedDate":"2025-09-13T15:47:49","isFullCredit":false},{"lineNumber":148,"author":{"gitId":"freshwaterlemon"},"content":"        String eventTimingFrom \u003d description.substring(findIndexFrom + 5, findIndexTo).trim();","lastModifiedDate":"2025-09-13T15:47:49","isFullCredit":false},{"lineNumber":149,"author":{"gitId":"freshwaterlemon"},"content":"        String eventTimingTo \u003d description.substring(findIndexTo + 3).trim();","lastModifiedDate":"2025-09-13T15:47:49","isFullCredit":false},{"lineNumber":150,"author":{"gitId":"freshwaterlemon"},"content":"        String formattedEventDescription \u003d eventDescription + \" (from: \" + eventTimingFrom + \" to: \" + eventTimingTo","lastModifiedDate":"2025-09-13T19:05:09","isFullCredit":false},{"lineNumber":151,"author":{"gitId":"freshwaterlemon"},"content":"                + \")\";","lastModifiedDate":"2025-09-13T19:05:09","isFullCredit":false},{"lineNumber":152,"author":{"gitId":"freshwaterlemon"},"content":"        // addTask(new Event(eventDescription, eventTimingFrom, eventTimingTo),","lastModifiedDate":"2025-09-13T19:05:09","isFullCredit":false},{"lineNumber":153,"author":{"gitId":"freshwaterlemon"},"content":"        // taskList);","lastModifiedDate":"2025-09-13T19:05:09","isFullCredit":false},{"lineNumber":154,"author":{"gitId":"freshwaterlemon"},"content":"        addTask(new Event(formattedEventDescription), taskList);","lastModifiedDate":"2025-09-13T19:05:09","isFullCredit":false},{"lineNumber":155,"author":{"gitId":"freshwaterlemon"},"content":"    }","lastModifiedDate":"2025-09-13T01:00:01","isFullCredit":false},{"lineNumber":156,"author":{"gitId":"freshwaterlemon"},"content":"","lastModifiedDate":"2025-09-13T01:00:01","isFullCredit":false},{"lineNumber":157,"author":{"gitId":"freshwaterlemon"},"content":"    // get user input and display them","lastModifiedDate":"2025-09-02T12:17:47","isFullCredit":false},{"lineNumber":158,"author":{"gitId":"freshwaterlemon"},"content":"    public static void handleUserInput(Scanner in) {","lastModifiedDate":"2025-09-02T12:17:47","isFullCredit":false},{"lineNumber":159,"author":{"gitId":"freshwaterlemon"},"content":"","lastModifiedDate":"2025-09-13T15:47:49","isFullCredit":false},{"lineNumber":160,"author":{"gitId":"freshwaterlemon"},"content":"        // arraylist of task object to store all task dynamically","lastModifiedDate":"2025-09-13T15:47:49","isFullCredit":false},{"lineNumber":161,"author":{"gitId":"freshwaterlemon"},"content":"        ArrayList\u003cTask\u003e taskList \u003d new ArrayList\u003cTask\u003e();","lastModifiedDate":"2025-09-04T16:22:00","isFullCredit":false},{"lineNumber":162,"author":{"gitId":"freshwaterlemon"},"content":"        // loop for user input","lastModifiedDate":"2025-09-02T12:17:47","isFullCredit":false},{"lineNumber":163,"author":{"gitId":"freshwaterlemon"},"content":"        while (true) {","lastModifiedDate":"2025-09-01T23:50:39","isFullCredit":false},{"lineNumber":164,"author":{"gitId":"freshwaterlemon"},"content":"            try {","lastModifiedDate":"2025-09-13T15:47:49","isFullCredit":false},{"lineNumber":165,"author":{"gitId":"freshwaterlemon"},"content":"                System.out.println();","lastModifiedDate":"2025-09-02T12:17:47","isFullCredit":false},{"lineNumber":166,"author":{"gitId":"freshwaterlemon"},"content":"                String userInput \u003d in.nextLine().trim();","lastModifiedDate":"2025-09-13T15:47:49","isFullCredit":false},{"lineNumber":167,"author":{"gitId":"freshwaterlemon"},"content":"","lastModifiedDate":"2025-09-02T12:17:47","isFullCredit":false},{"lineNumber":168,"author":{"gitId":"freshwaterlemon"},"content":"                if (userInput.isEmpty()) {","lastModifiedDate":"2025-09-04T16:22:00","isFullCredit":false},{"lineNumber":169,"author":{"gitId":"freshwaterlemon"},"content":"                    System.out.println(\"    (Oops! You didn\u0027t type anything. Go ahead, give me a task!)\\n\");","lastModifiedDate":"2025-09-04T16:22:00","isFullCredit":false},{"lineNumber":170,"author":{"gitId":"freshwaterlemon"},"content":"                    continue;","lastModifiedDate":"2025-09-04T16:22:00","isFullCredit":false},{"lineNumber":171,"author":{"gitId":"freshwaterlemon"},"content":"                }","lastModifiedDate":"2025-09-04T16:22:00","isFullCredit":false},{"lineNumber":172,"author":{"gitId":"freshwaterlemon"},"content":"","lastModifiedDate":"2025-09-04T16:22:00","isFullCredit":false},{"lineNumber":173,"author":{"gitId":"freshwaterlemon"},"content":"                // get the first word in the sentance","lastModifiedDate":"2025-09-13T14:36:48","isFullCredit":false},{"lineNumber":174,"author":{"gitId":"freshwaterlemon"},"content":"                String command \u003d userInput.split(\" \")[0].toLowerCase();","lastModifiedDate":"2025-09-04T16:22:00","isFullCredit":false},{"lineNumber":175,"author":{"gitId":"freshwaterlemon"},"content":"                // get everything after first word if there are more after first word","lastModifiedDate":"2025-09-04T22:25:34","isFullCredit":false},{"lineNumber":176,"author":{"gitId":"freshwaterlemon"},"content":"                String taskString \u003d userInput.length() \u003e command.length() ? userInput.substring(command.length()).trim()","lastModifiedDate":"2025-09-13T15:47:49","isFullCredit":false},{"lineNumber":177,"author":{"gitId":"freshwaterlemon"},"content":"                        : \"\";","lastModifiedDate":"2025-09-04T16:22:00","isFullCredit":false},{"lineNumber":178,"author":{"gitId":"freshwaterlemon"},"content":"","lastModifiedDate":"2025-09-04T16:22:00","isFullCredit":false},{"lineNumber":179,"author":{"gitId":"freshwaterlemon"},"content":"                // check if command is one that doesn\u0027t need arguments","lastModifiedDate":"2025-09-13T19:05:09","isFullCredit":false},{"lineNumber":180,"author":{"gitId":"freshwaterlemon"},"content":"                if (!(command.equals(\"list\") || command.equals(\"bye\"))) {","lastModifiedDate":"2025-09-13T15:47:49","isFullCredit":false},{"lineNumber":181,"author":{"gitId":"freshwaterlemon"},"content":"                    // for all other commands, everything after first word must not be empty","lastModifiedDate":"2025-09-13T19:05:09","isFullCredit":false},{"lineNumber":182,"author":{"gitId":"freshwaterlemon"},"content":"                    if (taskString.isEmpty()) {","lastModifiedDate":"2025-09-13T15:47:49","isFullCredit":false},{"lineNumber":183,"author":{"gitId":"freshwaterlemon"},"content":"                        System.out.println(\"    Details after \u0027\" + command + \"\u0027 cannot be empty.\");","lastModifiedDate":"2025-09-13T15:47:49","isFullCredit":false},{"lineNumber":184,"author":{"gitId":"freshwaterlemon"},"content":"                        continue;","lastModifiedDate":"2025-09-13T15:47:49","isFullCredit":false},{"lineNumber":185,"author":{"gitId":"freshwaterlemon"},"content":"                    }","lastModifiedDate":"2025-09-13T15:47:49","isFullCredit":false},{"lineNumber":186,"author":{"gitId":"freshwaterlemon"},"content":"                }","lastModifiedDate":"2025-09-13T15:47:49","isFullCredit":false},{"lineNumber":187,"author":{"gitId":"freshwaterlemon"},"content":"","lastModifiedDate":"2025-09-13T15:47:49","isFullCredit":false},{"lineNumber":188,"author":{"gitId":"freshwaterlemon"},"content":"                switch (command) {","lastModifiedDate":"2025-09-04T16:22:00","isFullCredit":false},{"lineNumber":189,"author":{"gitId":"freshwaterlemon"},"content":"                    case \"list\":","lastModifiedDate":"2025-09-04T16:22:00","isFullCredit":false},{"lineNumber":190,"author":{"gitId":"freshwaterlemon"},"content":"                        printTaskList(taskList);","lastModifiedDate":"2025-09-02T12:47:08","isFullCredit":false},{"lineNumber":191,"author":{"gitId":"freshwaterlemon"},"content":"                        break;","lastModifiedDate":"2025-09-04T16:22:00","isFullCredit":false},{"lineNumber":192,"author":{"gitId":"freshwaterlemon"},"content":"","lastModifiedDate":"2025-09-02T12:17:47","isFullCredit":false},{"lineNumber":193,"author":{"gitId":"freshwaterlemon"},"content":"                    case \"bye\":","lastModifiedDate":"2025-09-04T16:22:00","isFullCredit":false},{"lineNumber":194,"author":{"gitId":"freshwaterlemon"},"content":"                        endMsg();","lastModifiedDate":"2025-09-01T23:50:39","isFullCredit":false},{"lineNumber":195,"author":{"gitId":"freshwaterlemon"},"content":"                        return;","lastModifiedDate":"2025-09-04T16:22:00","isFullCredit":false},{"lineNumber":196,"author":{"gitId":"freshwaterlemon"},"content":"","lastModifiedDate":"2025-09-04T16:22:00","isFullCredit":false},{"lineNumber":197,"author":{"gitId":"freshwaterlemon"},"content":"                    case \"mark\":","lastModifiedDate":"2025-09-04T16:22:00","isFullCredit":false},{"lineNumber":198,"author":{"gitId":"freshwaterlemon"},"content":"                        handleMark(taskString, taskList);","lastModifiedDate":"2025-09-13T15:47:49","isFullCredit":false},{"lineNumber":199,"author":{"gitId":"freshwaterlemon"},"content":"                        break;","lastModifiedDate":"2025-09-04T16:22:00","isFullCredit":false},{"lineNumber":200,"author":{"gitId":"freshwaterlemon"},"content":"","lastModifiedDate":"2025-09-04T16:22:00","isFullCredit":false},{"lineNumber":201,"author":{"gitId":"freshwaterlemon"},"content":"                    case \"unmark\":","lastModifiedDate":"2025-09-04T16:22:00","isFullCredit":false},{"lineNumber":202,"author":{"gitId":"freshwaterlemon"},"content":"                        handleUnmark(taskString, taskList);","lastModifiedDate":"2025-09-13T15:47:49","isFullCredit":false},{"lineNumber":203,"author":{"gitId":"freshwaterlemon"},"content":"                        break;","lastModifiedDate":"2025-09-04T16:22:00","isFullCredit":false},{"lineNumber":204,"author":{"gitId":"freshwaterlemon"},"content":"","lastModifiedDate":"2025-09-04T16:22:00","isFullCredit":false},{"lineNumber":205,"author":{"gitId":"freshwaterlemon"},"content":"                    case \"todo\":","lastModifiedDate":"2025-09-13T01:00:01","isFullCredit":false},{"lineNumber":206,"author":{"gitId":"freshwaterlemon"},"content":"                        handleToDo(taskString, taskList);","lastModifiedDate":"2025-09-13T15:47:49","isFullCredit":false},{"lineNumber":207,"author":{"gitId":"freshwaterlemon"},"content":"                        break;","lastModifiedDate":"2025-09-13T01:00:01","isFullCredit":false},{"lineNumber":208,"author":{"gitId":"freshwaterlemon"},"content":"","lastModifiedDate":"2025-09-13T01:00:01","isFullCredit":false},{"lineNumber":209,"author":{"gitId":"freshwaterlemon"},"content":"                    case \"deadline\":","lastModifiedDate":"2025-09-13T01:00:01","isFullCredit":false},{"lineNumber":210,"author":{"gitId":"freshwaterlemon"},"content":"                        handleDeadline(taskString, taskList);","lastModifiedDate":"2025-09-13T15:47:49","isFullCredit":false},{"lineNumber":211,"author":{"gitId":"freshwaterlemon"},"content":"                        break;","lastModifiedDate":"2025-09-13T01:00:01","isFullCredit":false},{"lineNumber":212,"author":{"gitId":"freshwaterlemon"},"content":"","lastModifiedDate":"2025-09-13T01:00:01","isFullCredit":false},{"lineNumber":213,"author":{"gitId":"freshwaterlemon"},"content":"                    case \"event\":","lastModifiedDate":"2025-09-13T01:00:01","isFullCredit":false},{"lineNumber":214,"author":{"gitId":"freshwaterlemon"},"content":"                        handleEvent(taskString, taskList);","lastModifiedDate":"2025-09-13T15:47:49","isFullCredit":false},{"lineNumber":215,"author":{"gitId":"freshwaterlemon"},"content":"                        break;","lastModifiedDate":"2025-09-13T01:00:01","isFullCredit":false},{"lineNumber":216,"author":{"gitId":"freshwaterlemon"},"content":"","lastModifiedDate":"2025-09-13T01:00:01","isFullCredit":false},{"lineNumber":217,"author":{"gitId":"freshwaterlemon"},"content":"                    default:","lastModifiedDate":"2025-09-04T16:22:00","isFullCredit":false},{"lineNumber":218,"author":{"gitId":"freshwaterlemon"},"content":"                        String unknownCommandMsg \u003d \"\"\"","lastModifiedDate":"2025-09-13T14:36:48","isFullCredit":false},{"lineNumber":219,"author":{"gitId":"freshwaterlemon"},"content":"                                    Sorry, I do not quite get that.","lastModifiedDate":"2025-09-13T14:36:48","isFullCredit":false},{"lineNumber":220,"author":{"gitId":"freshwaterlemon"},"content":"","lastModifiedDate":"2025-09-13T14:36:48","isFullCredit":false},{"lineNumber":221,"author":{"gitId":"freshwaterlemon"},"content":"                                    %s","lastModifiedDate":"2025-09-13T14:36:48","isFullCredit":false},{"lineNumber":222,"author":{"gitId":"freshwaterlemon"},"content":"                                \"\"\".formatted(USERGUIDEMSG);","lastModifiedDate":"2025-09-13T14:36:48","isFullCredit":false},{"lineNumber":223,"author":{"gitId":"freshwaterlemon"},"content":"                        System.out.println(unknownCommandMsg);","lastModifiedDate":"2025-09-13T14:36:48","isFullCredit":false},{"lineNumber":224,"author":{"gitId":"freshwaterlemon"},"content":"                        break;","lastModifiedDate":"2025-09-01T23:50:39","isFullCredit":false},{"lineNumber":225,"author":{"gitId":"freshwaterlemon"},"content":"                }","lastModifiedDate":"2025-09-01T23:50:39","isFullCredit":false},{"lineNumber":226,"author":{"gitId":"freshwaterlemon"},"content":"            } catch (Exception e) {","lastModifiedDate":"2025-09-13T15:47:49","isFullCredit":false},{"lineNumber":227,"author":{"gitId":"freshwaterlemon"},"content":"                System.out.println(\"    Sorry, something went wrong processing your input. Please try again.\");","lastModifiedDate":"2025-09-13T15:47:49","isFullCredit":false},{"lineNumber":228,"author":{"gitId":"freshwaterlemon"},"content":"                System.out.println(e.getMessage());","lastModifiedDate":"2025-09-13T15:47:49","isFullCredit":false},{"lineNumber":229,"author":{"gitId":"freshwaterlemon"},"content":"            }","lastModifiedDate":"2025-09-13T15:47:49","isFullCredit":false},{"lineNumber":230,"author":{"gitId":"freshwaterlemon"},"content":"        }","lastModifiedDate":"2025-09-01T23:50:39","isFullCredit":false},{"lineNumber":231,"author":{"gitId":"freshwaterlemon"},"content":"    }","lastModifiedDate":"2025-09-01T22:54:04","isFullCredit":false},{"lineNumber":232,"author":{"gitId":"freshwaterlemon"},"content":"","lastModifiedDate":"2025-09-01T22:54:04","isFullCredit":false},{"lineNumber":233,"author":{"gitId":"freshwaterlemon"},"content":"    public static void main(String[] args) {","lastModifiedDate":"2025-09-01T22:54:04","isFullCredit":false},{"lineNumber":234,"author":{"gitId":"freshwaterlemon"},"content":"        Scanner in \u003d new Scanner(System.in);","lastModifiedDate":"2025-09-02T12:17:47","isFullCredit":false},{"lineNumber":235,"author":{"gitId":"freshwaterlemon"},"content":"        startMsg();","lastModifiedDate":"2025-09-01T22:54:04","isFullCredit":false},{"lineNumber":236,"author":{"gitId":"freshwaterlemon"},"content":"        handleUserInput(in);","lastModifiedDate":"2025-09-02T12:17:47","isFullCredit":false},{"lineNumber":237,"author":{"gitId":"freshwaterlemon"},"content":"        in.close();","lastModifiedDate":"2025-09-02T12:17:47","isFullCredit":false},{"lineNumber":238,"author":{"gitId":"freshwaterlemon"},"content":"    }","lastModifiedDate":"2025-08-31T23:42:42","isFullCredit":false},{"lineNumber":239,"author":{"gitId":"freshwaterlemon"},"content":"}","lastModifiedDate":"2025-08-31T23:42:42","isFullCredit":false}],"authorContributionMap":{"freshwaterlemon":239}},{"path":"src/main/java/Task.java","fileType":"java","lines":[{"lineNumber":1,"author":{"gitId":"freshwaterlemon"},"content":"public abstract class Task {","lastModifiedDate":"2025-09-13T14:36:48","isFullCredit":false},{"lineNumber":2,"author":{"gitId":"freshwaterlemon"},"content":"    protected String description;","lastModifiedDate":"2025-09-04T16:10:27","isFullCredit":false},{"lineNumber":3,"author":{"gitId":"freshwaterlemon"},"content":"    protected boolean isDone;","lastModifiedDate":"2025-09-04T16:10:27","isFullCredit":false},{"lineNumber":4,"author":{"gitId":"freshwaterlemon"},"content":"","lastModifiedDate":"2025-09-13T14:36:48","isFullCredit":false},{"lineNumber":5,"author":{"gitId":"freshwaterlemon"},"content":"    public Task(String description) {","lastModifiedDate":"2025-09-13T14:36:48","isFullCredit":false},{"lineNumber":6,"author":{"gitId":"freshwaterlemon"},"content":"        this.description \u003d description;","lastModifiedDate":"2025-09-04T16:10:27","isFullCredit":false},{"lineNumber":7,"author":{"gitId":"freshwaterlemon"},"content":"        this.isDone \u003d false;","lastModifiedDate":"2025-09-04T16:10:27","isFullCredit":false},{"lineNumber":8,"author":{"gitId":"freshwaterlemon"},"content":"    }","lastModifiedDate":"2025-09-04T16:10:27","isFullCredit":false},{"lineNumber":9,"author":{"gitId":"freshwaterlemon"},"content":"","lastModifiedDate":"2025-09-04T16:10:27","isFullCredit":false},{"lineNumber":10,"author":{"gitId":"freshwaterlemon"},"content":"    public String getStatusIcon() {","lastModifiedDate":"2025-09-04T16:10:27","isFullCredit":false},{"lineNumber":11,"author":{"gitId":"freshwaterlemon"},"content":"        return (isDone ? \"X\" : \" \"); // mark done task with X","lastModifiedDate":"2025-09-04T16:10:27","isFullCredit":false},{"lineNumber":12,"author":{"gitId":"freshwaterlemon"},"content":"    }","lastModifiedDate":"2025-09-04T16:10:27","isFullCredit":false},{"lineNumber":13,"author":{"gitId":"freshwaterlemon"},"content":"","lastModifiedDate":"2025-09-04T16:10:27","isFullCredit":false},{"lineNumber":14,"author":{"gitId":"freshwaterlemon"},"content":"    public String getDescription() {","lastModifiedDate":"2025-09-04T16:10:27","isFullCredit":false},{"lineNumber":15,"author":{"gitId":"freshwaterlemon"},"content":"        return description;","lastModifiedDate":"2025-09-04T16:10:27","isFullCredit":false},{"lineNumber":16,"author":{"gitId":"freshwaterlemon"},"content":"    }","lastModifiedDate":"2025-09-04T16:10:27","isFullCredit":false},{"lineNumber":17,"author":{"gitId":"freshwaterlemon"},"content":"","lastModifiedDate":"2025-09-04T16:10:27","isFullCredit":false},{"lineNumber":18,"author":{"gitId":"freshwaterlemon"},"content":"    public boolean getIsDone() {","lastModifiedDate":"2025-09-04T22:24:55","isFullCredit":false},{"lineNumber":19,"author":{"gitId":"freshwaterlemon"},"content":"        return isDone;","lastModifiedDate":"2025-09-04T22:24:55","isFullCredit":false},{"lineNumber":20,"author":{"gitId":"freshwaterlemon"},"content":"    }","lastModifiedDate":"2025-09-04T22:24:55","isFullCredit":false},{"lineNumber":21,"author":{"gitId":"freshwaterlemon"},"content":"","lastModifiedDate":"2025-09-04T22:24:55","isFullCredit":false},{"lineNumber":22,"author":{"gitId":"freshwaterlemon"},"content":"    public abstract String getScheduleItem();","lastModifiedDate":"2025-09-13T14:36:48","isFullCredit":false},{"lineNumber":23,"author":{"gitId":"freshwaterlemon"},"content":"","lastModifiedDate":"2025-09-13T01:00:01","isFullCredit":false},{"lineNumber":24,"author":{"gitId":"freshwaterlemon"},"content":"    public void markAsDone() {","lastModifiedDate":"2025-09-04T16:10:27","isFullCredit":false},{"lineNumber":25,"author":{"gitId":"freshwaterlemon"},"content":"        this.isDone \u003d true;","lastModifiedDate":"2025-09-04T16:10:27","isFullCredit":false},{"lineNumber":26,"author":{"gitId":"freshwaterlemon"},"content":"    }","lastModifiedDate":"2025-09-04T16:10:27","isFullCredit":false},{"lineNumber":27,"author":{"gitId":"freshwaterlemon"},"content":"","lastModifiedDate":"2025-09-04T16:10:27","isFullCredit":false},{"lineNumber":28,"author":{"gitId":"freshwaterlemon"},"content":"    public void markAsUndone() {","lastModifiedDate":"2025-09-04T16:10:27","isFullCredit":false},{"lineNumber":29,"author":{"gitId":"freshwaterlemon"},"content":"        this.isDone \u003d false;","lastModifiedDate":"2025-09-04T16:10:27","isFullCredit":false},{"lineNumber":30,"author":{"gitId":"freshwaterlemon"},"content":"    }","lastModifiedDate":"2025-09-04T16:10:27","isFullCredit":false},{"lineNumber":31,"author":{"gitId":"freshwaterlemon"},"content":"","lastModifiedDate":"2025-09-04T16:10:27","isFullCredit":false},{"lineNumber":32,"author":{"gitId":"freshwaterlemon"},"content":"    @Override","lastModifiedDate":"2025-09-04T16:10:27","isFullCredit":false},{"lineNumber":33,"author":{"gitId":"freshwaterlemon"},"content":"    public abstract String toString();","lastModifiedDate":"2025-09-13T14:36:48","isFullCredit":false},{"lineNumber":34,"author":{"gitId":"freshwaterlemon"},"content":"","lastModifiedDate":"2025-09-13T14:36:48","isFullCredit":false},{"lineNumber":35,"author":{"gitId":"freshwaterlemon"},"content":"}","lastModifiedDate":"2025-09-04T16:10:27","isFullCredit":false}],"authorContributionMap":{"freshwaterlemon":35}},{"path":"src/main/java/Todo.java","fileType":"java","lines":[{"lineNumber":1,"author":{"gitId":"freshwaterlemon"},"content":"public class Todo extends Task {","lastModifiedDate":"2025-09-13T14:36:48","isFullCredit":false},{"lineNumber":2,"author":{"gitId":"freshwaterlemon"},"content":"","lastModifiedDate":"2025-09-13T14:36:48","isFullCredit":false},{"lineNumber":3,"author":{"gitId":"freshwaterlemon"},"content":"    public Todo(String description) {","lastModifiedDate":"2025-09-13T14:36:48","isFullCredit":false},{"lineNumber":4,"author":{"gitId":"freshwaterlemon"},"content":"        super(description);","lastModifiedDate":"2025-09-13T14:36:48","isFullCredit":false},{"lineNumber":5,"author":{"gitId":"freshwaterlemon"},"content":"    }","lastModifiedDate":"2025-09-13T14:36:48","isFullCredit":false},{"lineNumber":6,"author":{"gitId":"freshwaterlemon"},"content":"","lastModifiedDate":"2025-09-13T14:36:48","isFullCredit":false},{"lineNumber":7,"author":{"gitId":"freshwaterlemon"},"content":"    @Override","lastModifiedDate":"2025-09-13T14:36:48","isFullCredit":false},{"lineNumber":8,"author":{"gitId":"freshwaterlemon"},"content":"    public String getScheduleItem() {","lastModifiedDate":"2025-09-13T14:36:48","isFullCredit":false},{"lineNumber":9,"author":{"gitId":"freshwaterlemon"},"content":"        return \"todo\";","lastModifiedDate":"2025-09-13T14:36:48","isFullCredit":false},{"lineNumber":10,"author":{"gitId":"freshwaterlemon"},"content":"    }","lastModifiedDate":"2025-09-13T14:36:48","isFullCredit":false},{"lineNumber":11,"author":{"gitId":"freshwaterlemon"},"content":"","lastModifiedDate":"2025-09-13T14:36:48","isFullCredit":false},{"lineNumber":12,"author":{"gitId":"freshwaterlemon"},"content":"    @Override","lastModifiedDate":"2025-09-13T14:36:48","isFullCredit":false},{"lineNumber":13,"author":{"gitId":"freshwaterlemon"},"content":"    public String toString() {","lastModifiedDate":"2025-09-13T14:36:48","isFullCredit":false},{"lineNumber":14,"author":{"gitId":"freshwaterlemon"},"content":"        return \"[T]\" + \"[\" + getStatusIcon() + \"] \" + description;","lastModifiedDate":"2025-09-13T14:36:48","isFullCredit":false},{"lineNumber":15,"author":{"gitId":"freshwaterlemon"},"content":"    }","lastModifiedDate":"2025-09-13T14:36:48","isFullCredit":false},{"lineNumber":16,"author":{"gitId":"freshwaterlemon"},"content":"}","lastModifiedDate":"2025-09-13T14:36:48","isFullCredit":false}],"authorContributionMap":{"freshwaterlemon":16}},{"path":"text-ui-test/input.txt","fileType":"txt","lines":[{"lineNumber":1,"author":{"gitId":"freshwaterlemon"},"content":"buy book","lastModifiedDate":"2025-09-09T18:52:05","isFullCredit":false},{"lineNumber":2,"author":{"gitId":"freshwaterlemon"},"content":"list","lastModifiedDate":"2025-09-09T18:52:05","isFullCredit":false},{"lineNumber":3,"author":{"gitId":"freshwaterlemon"},"content":"return book","lastModifiedDate":"2025-09-09T18:52:05","isFullCredit":false},{"lineNumber":4,"author":{"gitId":"freshwaterlemon"},"content":"mark buy book","lastModifiedDate":"2025-09-09T18:52:05","isFullCredit":false},{"lineNumber":5,"author":{"gitId":"freshwaterlemon"},"content":"list","lastModifiedDate":"2025-09-09T18:52:05","isFullCredit":false},{"lineNumber":6,"author":{"gitId":"freshwaterlemon"},"content":"buy book","lastModifiedDate":"2025-09-09T18:52:05","isFullCredit":false},{"lineNumber":7,"author":{"gitId":"freshwaterlemon"},"content":"mark buy book","lastModifiedDate":"2025-09-09T18:52:05","isFullCredit":false},{"lineNumber":8,"author":{"gitId":"freshwaterlemon"},"content":"list","lastModifiedDate":"2025-09-09T18:52:05","isFullCredit":false},{"lineNumber":9,"author":{"gitId":"freshwaterlemon"},"content":"mark buy book","lastModifiedDate":"2025-09-09T18:52:05","isFullCredit":false},{"lineNumber":10,"author":{"gitId":"freshwaterlemon"},"content":"unmark buy book","lastModifiedDate":"2025-09-09T18:52:05","isFullCredit":false},{"lineNumber":11,"author":{"gitId":"freshwaterlemon"},"content":"list","lastModifiedDate":"2025-09-09T18:52:05","isFullCredit":false},{"lineNumber":12,"author":{"gitId":"freshwaterlemon"},"content":"","lastModifiedDate":"2025-09-09T18:52:05","isFullCredit":false},{"lineNumber":13,"author":{"gitId":"freshwaterlemon"},"content":"bye","lastModifiedDate":"2025-09-09T18:52:05","isFullCredit":false}],"authorContributionMap":{"freshwaterlemon":13}},{"path":"text-ui-test/runtest.bat","fileType":"bat","lines":[{"lineNumber":1,"author":{"gitId":"-"},"content":"@ECHO OFF","lastModifiedDate":"2020-05-25T00:03:55","isFullCredit":false},{"lineNumber":2,"author":{"gitId":"-"},"content":"","lastModifiedDate":"2020-05-25T00:03:55","isFullCredit":false},{"lineNumber":3,"author":{"gitId":"-"},"content":"REM create bin directory if it doesn\u0027t exist","lastModifiedDate":"2020-05-25T00:03:55","isFullCredit":false},{"lineNumber":4,"author":{"gitId":"-"},"content":"if not exist ..\\bin mkdir ..\\bin","lastModifiedDate":"2020-05-25T00:03:55","isFullCredit":false},{"lineNumber":5,"author":{"gitId":"-"},"content":"","lastModifiedDate":"2020-05-25T00:03:55","isFullCredit":false},{"lineNumber":6,"author":{"gitId":"-"},"content":"REM delete output from previous run","lastModifiedDate":"2020-05-25T00:03:55","isFullCredit":false},{"lineNumber":7,"author":{"gitId":"-"},"content":"if exist ACTUAL.TXT del ACTUAL.TXT","lastModifiedDate":"2020-08-25T17:23:26","isFullCredit":false},{"lineNumber":8,"author":{"gitId":"-"},"content":"","lastModifiedDate":"2020-05-25T00:03:55","isFullCredit":false},{"lineNumber":9,"author":{"gitId":"-"},"content":"REM compile the code into the bin folder","lastModifiedDate":"2020-05-25T00:03:55","isFullCredit":false},{"lineNumber":10,"author":{"gitId":"-"},"content":"javac  -cp ..\\src\\main\\java -Xlint:none -d ..\\bin ..\\src\\main\\java\\*.java","lastModifiedDate":"2020-08-25T17:23:26","isFullCredit":false},{"lineNumber":11,"author":{"gitId":"-"},"content":"IF ERRORLEVEL 1 (","lastModifiedDate":"2020-05-25T00:03:55","isFullCredit":false},{"lineNumber":12,"author":{"gitId":"-"},"content":"    echo ********** BUILD FAILURE **********","lastModifiedDate":"2020-05-25T00:03:55","isFullCredit":false},{"lineNumber":13,"author":{"gitId":"-"},"content":"    exit /b 1","lastModifiedDate":"2020-05-25T00:03:55","isFullCredit":false},{"lineNumber":14,"author":{"gitId":"-"},"content":")","lastModifiedDate":"2020-05-25T00:03:55","isFullCredit":false},{"lineNumber":15,"author":{"gitId":"-"},"content":"REM no error here, errorlevel \u003d\u003d 0","lastModifiedDate":"2020-05-25T00:03:55","isFullCredit":false},{"lineNumber":16,"author":{"gitId":"-"},"content":"","lastModifiedDate":"2020-05-25T00:03:55","isFullCredit":false},{"lineNumber":17,"author":{"gitId":"-"},"content":"REM run the program, feed commands from input.txt file and redirect the output to the ACTUAL.TXT","lastModifiedDate":"2020-05-25T00:03:55","isFullCredit":false},{"lineNumber":18,"author":{"gitId":"freshwaterlemon"},"content":"java -classpath ..\\bin Pakipaki \u003c input.txt \u003e ACTUAL.TXT","lastModifiedDate":"2025-09-09T18:52:05","isFullCredit":false},{"lineNumber":19,"author":{"gitId":"-"},"content":"","lastModifiedDate":"2020-05-25T00:03:55","isFullCredit":false},{"lineNumber":20,"author":{"gitId":"-"},"content":"REM compare the output to the expected output","lastModifiedDate":"2020-05-25T00:03:55","isFullCredit":false},{"lineNumber":21,"author":{"gitId":"-"},"content":"FC ACTUAL.TXT EXPECTED.TXT","lastModifiedDate":"2020-05-25T00:03:55","isFullCredit":false}],"authorContributionMap":{"freshwaterlemon":1,"-":20}},{"path":"text-ui-test/runtest.sh","fileType":"sh","lines":[{"lineNumber":1,"author":{"gitId":"-"},"content":"#!/usr/bin/env bash","lastModifiedDate":"2020-05-25T00:03:55","isFullCredit":false},{"lineNumber":2,"author":{"gitId":"-"},"content":"","lastModifiedDate":"2020-05-25T00:03:55","isFullCredit":false},{"lineNumber":3,"author":{"gitId":"-"},"content":"# create bin directory if it doesn\u0027t exist","lastModifiedDate":"2020-05-25T00:03:55","isFullCredit":false},{"lineNumber":4,"author":{"gitId":"-"},"content":"if [ ! -d \"../bin\" ]","lastModifiedDate":"2020-05-25T00:03:55","isFullCredit":false},{"lineNumber":5,"author":{"gitId":"-"},"content":"then","lastModifiedDate":"2020-05-25T00:03:55","isFullCredit":false},{"lineNumber":6,"author":{"gitId":"-"},"content":"    mkdir ../bin","lastModifiedDate":"2020-05-25T00:03:55","isFullCredit":false},{"lineNumber":7,"author":{"gitId":"-"},"content":"fi","lastModifiedDate":"2020-05-25T00:03:55","isFullCredit":false},{"lineNumber":8,"author":{"gitId":"-"},"content":"","lastModifiedDate":"2020-05-25T00:03:55","isFullCredit":false},{"lineNumber":9,"author":{"gitId":"-"},"content":"# delete output from previous run","lastModifiedDate":"2020-05-25T00:03:55","isFullCredit":false},{"lineNumber":10,"author":{"gitId":"-"},"content":"if [ -e \"./ACTUAL.TXT\" ]","lastModifiedDate":"2020-05-25T00:03:55","isFullCredit":false},{"lineNumber":11,"author":{"gitId":"-"},"content":"then","lastModifiedDate":"2020-05-25T00:03:55","isFullCredit":false},{"lineNumber":12,"author":{"gitId":"-"},"content":"    rm ACTUAL.TXT","lastModifiedDate":"2020-05-25T00:03:55","isFullCredit":false},{"lineNumber":13,"author":{"gitId":"-"},"content":"fi","lastModifiedDate":"2020-05-25T00:03:55","isFullCredit":false},{"lineNumber":14,"author":{"gitId":"-"},"content":"","lastModifiedDate":"2020-05-25T00:03:55","isFullCredit":false},{"lineNumber":15,"author":{"gitId":"-"},"content":"# compile the code into the bin folder, terminates if error occurred","lastModifiedDate":"2020-05-25T00:03:55","isFullCredit":false},{"lineNumber":16,"author":{"gitId":"-"},"content":"if ! javac -cp ../src/main/java -Xlint:none -d ../bin ../src/main/java/*.java","lastModifiedDate":"2020-08-25T17:23:26","isFullCredit":false},{"lineNumber":17,"author":{"gitId":"-"},"content":"then","lastModifiedDate":"2020-05-25T00:03:55","isFullCredit":false},{"lineNumber":18,"author":{"gitId":"-"},"content":"    echo \"********** BUILD FAILURE **********\"","lastModifiedDate":"2020-05-25T00:03:55","isFullCredit":false},{"lineNumber":19,"author":{"gitId":"-"},"content":"    exit 1","lastModifiedDate":"2020-05-25T00:03:55","isFullCredit":false},{"lineNumber":20,"author":{"gitId":"-"},"content":"fi","lastModifiedDate":"2020-05-25T00:03:55","isFullCredit":false},{"lineNumber":21,"author":{"gitId":"-"},"content":"","lastModifiedDate":"2020-05-25T00:03:55","isFullCredit":false},{"lineNumber":22,"author":{"gitId":"-"},"content":"# run the program, feed commands from input.txt file and redirect the output to the ACTUAL.TXT","lastModifiedDate":"2020-05-25T00:03:55","isFullCredit":false},{"lineNumber":23,"author":{"gitId":"freshwaterlemon"},"content":"java -classpath ../bin Pakipaki \u003c input.txt \u003e ACTUAL.TXT","lastModifiedDate":"2025-09-09T18:52:05","isFullCredit":false},{"lineNumber":24,"author":{"gitId":"-"},"content":"","lastModifiedDate":"2020-05-25T00:03:55","isFullCredit":false},{"lineNumber":25,"author":{"gitId":"-"},"content":"# convert to UNIX format","lastModifiedDate":"2020-05-25T00:03:55","isFullCredit":false},{"lineNumber":26,"author":{"gitId":"-"},"content":"cp EXPECTED.TXT EXPECTED-UNIX.TXT","lastModifiedDate":"2020-05-25T00:03:55","isFullCredit":false},{"lineNumber":27,"author":{"gitId":"-"},"content":"dos2unix ACTUAL.TXT EXPECTED-UNIX.TXT","lastModifiedDate":"2020-05-25T00:03:55","isFullCredit":false},{"lineNumber":28,"author":{"gitId":"-"},"content":"","lastModifiedDate":"2020-05-25T00:03:55","isFullCredit":false},{"lineNumber":29,"author":{"gitId":"-"},"content":"# compare the output to the expected output","lastModifiedDate":"2020-05-25T00:03:55","isFullCredit":false},{"lineNumber":30,"author":{"gitId":"-"},"content":"diff ACTUAL.TXT EXPECTED-UNIX.TXT","lastModifiedDate":"2020-05-25T00:03:55","isFullCredit":false},{"lineNumber":31,"author":{"gitId":"-"},"content":"if [ $? -eq 0 ]","lastModifiedDate":"2020-05-25T00:03:55","isFullCredit":false},{"lineNumber":32,"author":{"gitId":"-"},"content":"then","lastModifiedDate":"2020-05-25T00:03:55","isFullCredit":false},{"lineNumber":33,"author":{"gitId":"-"},"content":"    echo \"Test result: PASSED\"","lastModifiedDate":"2020-05-25T00:03:55","isFullCredit":false},{"lineNumber":34,"author":{"gitId":"-"},"content":"    exit 0","lastModifiedDate":"2020-05-25T00:03:55","isFullCredit":false},{"lineNumber":35,"author":{"gitId":"-"},"content":"else","lastModifiedDate":"2020-05-25T00:03:55","isFullCredit":false},{"lineNumber":36,"author":{"gitId":"-"},"content":"    echo \"Test result: FAILED\"","lastModifiedDate":"2020-05-25T00:03:55","isFullCredit":false},{"lineNumber":37,"author":{"gitId":"-"},"content":"    exit 1","lastModifiedDate":"2020-05-25T00:03:55","isFullCredit":false},{"lineNumber":38,"author":{"gitId":"-"},"content":"fi","lastModifiedDate":"2020-05-25T00:03:55","isFullCredit":false}],"authorContributionMap":{"freshwaterlemon":1,"-":37}}]
