{"authorDailyContributionsMap":{"freshwaterlemon":[{"date":"2025-08-31T00:00:00","commitResults":[{"hash":"61b3fe972595069faa3cb9d2f45b96b370d64b81","isMergeCommit":false,"messageTitle":"update .gitignore to ignore class file","messageBody":"","fileTypesAndContributionMap":{"java":{"insertions":0,"deletions":10}}},{"hash":"69cfec77b7b5a12be84622d5d7b8c9050311d1b4","isMergeCommit":false,"messageTitle":"implement an initial skeletal version","messageBody":"","fileTypesAndContributionMap":{"java":{"insertions":14,"deletions":0}}}]},{"date":"2025-09-01T00:00:00","commitResults":[{"hash":"f83ea3a2d3d66ba1dacfaf42d8579c18b1618836","isMergeCommit":false,"messageTitle":"update level 0 task","messageBody":"","tags":["Level-0"],"fileTypesAndContributionMap":{"java":{"insertions":20,"deletions":9}}},{"hash":"985aa0807004a73a179746464fe1c83f963aeb46","isMergeCommit":false,"messageTitle":"level 1 task, Echo","messageBody":"","tags":["Level-1"],"fileTypesAndContributionMap":{"java":{"insertions":31,"deletions":7}}}]},{"date":"2025-09-02T00:00:00","commitResults":[{"hash":"b4f51fadbd253e456ebc682a42ae51d72bd35abc","isMergeCommit":false,"messageTitle":"store userinput and display them","messageBody":"","fileTypesAndContributionMap":{"java":{"insertions":41,"deletions":13}}},{"hash":"d583e569dae70b3a79b752353b920e572a4baae0","isMergeCommit":false,"messageTitle":"move print task list into individual method","messageBody":"","tags":["Level-2"],"fileTypesAndContributionMap":{"java":{"insertions":19,"deletions":13}}},{"hash":"aed6c6a10548ab52add7eeeaeedb10a464c955bd","isMergeCommit":false,"messageTitle":"start message change to text block for better readability","messageBody":"","fileTypesAndContributionMap":{"java":{"insertions":10,"deletions":7}}},{"hash":"6ed285d2fec049336705d473905b274660e4737e","isMergeCommit":false,"messageTitle":"customise output to give some personality","messageBody":"","fileTypesAndContributionMap":{"java":{"insertions":13,"deletions":10}}}]},{"date":"2025-09-04T00:00:00","commitResults":[{"hash":"c5fb266884bac90f5906da844f9791632c761fb1","isMergeCommit":false,"messageTitle":"create Task class","messageBody":"","fileTypesAndContributionMap":{"java":{"insertions":31,"deletions":0}}},{"hash":"dd944ae09c440790bd483af85fafa86b58a44855","isMergeCommit":false,"messageTitle":"create helper method add task, mark and unmark, if else to switch","messageBody":"","fileTypesAndContributionMap":{"java":{"insertions":72,"deletions":17}}},{"hash":"958ef0e373a8cd55ba9c50adca92870352a755bc","isMergeCommit":false,"messageTitle":"add a getter for isDone","messageBody":"","fileTypesAndContributionMap":{"java":{"insertions":4,"deletions":0}}},{"hash":"a405615319189d864b2edba700380bebcf9cbafe","isMergeCommit":false,"messageTitle":"handle marking and unmarking of task","messageBody":"","fileTypesAndContributionMap":{"java":{"insertions":44,"deletions":28}}},{"hash":"303ab1837e6cd327e256b076b56ffaf2e608f3f4","isMergeCommit":false,"messageTitle":"update code to handle duplicate tasks","messageBody":"","fileTypesAndContributionMap":{"java":{"insertions":25,"deletions":20}}}]},{"date":"2025-09-05T00:00:00","commitResults":[{"hash":"ba3357c2b0c175e38762d2214fdc92000b31ddca","isMergeCommit":false,"messageTitle":"update unmarking logic for newer tasks","messageBody":"","fileTypesAndContributionMap":{"java":{"insertions":20,"deletions":21}}}]},{"date":"2025-09-06T00:00:00","commitResults":[{"hash":"474993a7a66d28edbb5fd0f1ac5d7835449776b3","isMergeCommit":false,"messageTitle":"refactor findTaskByDescription method","messageBody":"","tags":["Level-3"],"fileTypesAndContributionMap":{"java":{"insertions":20,"deletions":16}}}]},{"date":"2025-09-09T00:00:00","commitResults":[{"hash":"e0526b42d3fd6ae066702109982544c77c13e638","isMergeCommit":false,"messageTitle":"set up text UI testing","messageBody":"","tags":["A-TextUiTesting"],"fileTypesAndContributionMap":{"txt":{"insertions":13,"deletions":0},"bat":{"insertions":1,"deletions":1},"sh":{"insertions":1,"deletions":1}}}]},{"date":"2025-09-13T00:00:00","commitResults":[{"hash":"97a96a6b8dd0987007fc057d96bc01c399478784","isMergeCommit":false,"messageTitle":"implement todo, deadline, event","messageBody":"","fileTypesAndContributionMap":{"java":{"insertions":108,"deletions":23}}},{"hash":"a223d0434d732140e317b152182c04ddc154894d","isMergeCommit":false,"messageTitle":"implement inheritance and polymorphism for multiple task types","messageBody":"","fileTypesAndContributionMap":{"java":{"insertions":135,"deletions":57}}},{"hash":"a21bb835ede6e82010a786ebf04156c3c6036f80","isMergeCommit":false,"messageTitle":"refactor: handleTodo, handleDeadline, handleEvent","messageBody":"","fileTypesAndContributionMap":{"java":{"insertions":95,"deletions":106}}},{"hash":"9ec206c497522ab412a272e5b9a9fe774bdf8783","isMergeCommit":false,"messageTitle":"rewrite deadline and event logic + check user input","messageBody":"","tags":["Level-4"],"fileTypesAndContributionMap":{"java":{"insertions":14,"deletions":49}}}]},{"date":"2025-09-19T00:00:00","commitResults":[{"hash":"d0dcf48f6aacc9c946543363ca77fd5bcd70d1d2","isMergeCommit":false,"messageTitle":"error handling with exceptions","messageBody":"","tags":["Level-5"],"fileTypesAndContributionMap":{"java":{"insertions":69,"deletions":30}}}]},{"date":"2025-09-22T00:00:00","commitResults":[{"hash":"efc63a84509477edd26e8fc88aed606a8c2b0826","isMergeCommit":false,"messageTitle":"added delete functionality","messageBody":"","tags":["Level-6"],"fileTypesAndContributionMap":{"java":{"insertions":63,"deletions":51}}}]},{"date":"2025-10-07T00:00:00","commitResults":[{"hash":"6104f5d02830215783a38478d00d41c5e32ea60a","isMergeCommit":false,"messageTitle":"save and load tasks","messageBody":"","fileTypesAndContributionMap":{"txt":{"insertions":4,"deletions":0},"java":{"insertions":180,"deletions":16}}}]},{"date":"2025-10-08T00:00:00","commitResults":[{"hash":"138ec97c69e62c985430eaf6c5fa1c942340cd96","isMergeCommit":false,"messageTitle":"handle file corruption","messageBody":"","fileTypesAndContributionMap":{"java":{"insertions":47,"deletions":22}}},{"hash":"b3ee49a69f5151ac5f69d463185b9ae1455b7240","isMergeCommit":false,"messageTitle":"refactor readStorageFile method","messageBody":"","tags":["Level-7"],"fileTypesAndContributionMap":{"java":{"insertions":57,"deletions":63}}}]},{"date":"2025-10-11T00:00:00","commitResults":[{"hash":"d0c198d0698b5ea3ea07468618be6ab4ab569a2e","isMergeCommit":false,"messageTitle":"refactor: move task and ui class to package","messageBody":"","fileTypesAndContributionMap":{"txt":{"insertions":1,"deletions":1},"java":{"insertions":146,"deletions":57}}},{"hash":"841f78516c790cd0acec3edfb22335955a69d4d7","isMergeCommit":false,"messageTitle":"refactor: storage class to package","messageBody":"","fileTypesAndContributionMap":{"java":{"insertions":261,"deletions":181}}}]},{"date":"2025-10-12T00:00:00","commitResults":[{"hash":"83d10b09c491bd4238063546fcec82d25963ba29","isMergeCommit":false,"messageTitle":"refactor input parsing to package","messageBody":"","fileTypesAndContributionMap":{"java":{"insertions":171,"deletions":193}}},{"hash":"3c89ad8bc1507c75602bf458ca58c7d19370427a","isMergeCommit":false,"messageTitle":"refactor tasklist to static final","messageBody":"","fileTypesAndContributionMap":{"java":{"insertions":57,"deletions":58}}},{"hash":"4870197ab950a74d56e947168d3106b368d46a6c","isMergeCommit":false,"messageTitle":"reactor move task class to package","messageBody":"","fileTypesAndContributionMap":{"java":{"insertions":354,"deletions":185}}},{"hash":"c0ad433c90f13bf5c2b2e99566b4680fae2b0423","isMergeCommit":false,"messageTitle":"refactor command  validation class to package","messageBody":"","fileTypesAndContributionMap":{"java":{"insertions":45,"deletions":168}}},{"hash":"5d22db31712154366f3c78fb6d8531dfc1240a67","isMergeCommit":false,"messageTitle":"refactor command handler to package","messageBody":"","fileTypesAndContributionMap":{"java":{"insertions":178,"deletions":116}}}]},{"date":"2025-10-13T00:00:00","commitResults":[{"hash":"498a20580e1ce4c951c290a7ffea86c5955a6a40","isMergeCommit":false,"messageTitle":"refactor exception to package","messageBody":"","fileTypesAndContributionMap":{"java":{"insertions":15,"deletions":91}}},{"hash":"012d05d9a5015ab6765a896e24fbef44235c1b96","isMergeCommit":false,"messageTitle":"change to ui package","messageBody":"","fileTypesAndContributionMap":{"java":{"insertions":18,"deletions":47}}},{"hash":"1188fc388ca9f8ccc8d99482fbba7e859a5d7529","isMergeCommit":false,"messageTitle":"rename bot","messageBody":"","fileTypesAndContributionMap":{"java":{"insertions":22,"deletions":21}}}]},{"date":"2025-10-14T00:00:00","commitResults":[{"hash":"d1c9441f67c2ab2b7d853b5802682901ae155444","isMergeCommit":false,"messageTitle":"move to correct package","messageBody":"","fileTypesAndContributionMap":{"txt":{"insertions":0,"deletions":0},"java":{"insertions":0,"deletions":0}}},{"hash":"8a521cc24197b21826e5691ea45d6cd4ae007cd4","isMergeCommit":false,"messageTitle":"refactor command class","messageBody":"","fileTypesAndContributionMap":{"java":{"insertions":383,"deletions":114}}},{"hash":"98233329159477637b978385eef6506b6921c97d","isMergeCommit":false,"messageTitle":"fix exception throws and corrupted storage code","messageBody":"","tags":["A-Packages","A-MoreOOP"],"fileTypesAndContributionMap":{"java":{"insertions":43,"deletions":51}}}]},{"date":"2025-10-19T00:00:00","commitResults":[{"hash":"03263ff61e6b0273341e729c08e6ba1b582779c2","isMergeCommit":false,"messageTitle":"implement date time parsing","messageBody":"","fileTypesAndContributionMap":{"txt":{"insertions":4,"deletions":4},"java":{"insertions":109,"deletions":36}}},{"hash":"69a1e7fe752b6671dcb38470d39307fe2e778c96","isMergeCommit":true,"messageTitle":"Merge Level-8_branch into master with a merge commit","messageBody":"","tags":["Level-8"],"fileTypesAndContributionMap":{}}]},{"date":"2025-10-20T00:00:00","commitResults":[{"hash":"766f13f8bbf8a4ad690a85fdeccfd3d722c7331c","isMergeCommit":false,"messageTitle":"fix storage error for corrupted file","messageBody":"","fileTypesAndContributionMap":{"java":{"insertions":24,"deletions":9}}},{"hash":"4e5e1d58f1dc1784b876f129d0e6215b06b5fd5b","isMergeCommit":false,"messageTitle":"add JavaDoc comment","messageBody":"","tags":["A-JavaDoc"],"fileTypesAndContributionMap":{"java":{"insertions":657,"deletions":70}}}]},{"date":"2025-10-21T00:00:00","commitResults":[{"hash":"a5accd1725682d906364d17f7f0a2ddc3fa1f567","isMergeCommit":false,"messageTitle":"update tasks in storage","messageBody":"","fileTypesAndContributionMap":{"txt":{"insertions":1,"deletions":1}}},{"hash":"3708ebf32c740cb73c1f46c79b9865749fbd58b2","isMergeCommit":false,"messageTitle":"update text UI testing","messageBody":"","fileTypesAndContributionMap":{"txt":{"insertions":27,"deletions":8},"sh":{"insertions":8,"deletions":2}}},{"hash":"6aaf3689d709038a094c1149070b00f7f4cc4e5f","isMergeCommit":true,"messageTitle":"Merge add-gradle-support branch into master","messageBody":"","fileTypesAndContributionMap":{}}]},{"date":"2025-10-22T00:00:00","commitResults":[{"hash":"65086c4cc508b6be94f1eec09da2221dd6ecd515","isMergeCommit":false,"messageTitle":"Fix package imports and declarations for Gradle compatibility","messageBody":"","tags":["A-Gradle"],"fileTypesAndContributionMap":{"gradle":{"insertions":1,"deletions":1},"java":{"insertions":87,"deletions":86},"md":{"insertions":1,"deletions":1}}}]},{"date":"2025-10-23T00:00:00","commitResults":[{"hash":"c1bb4135c70f239f090c760a7fbcb1bb73c79559","isMergeCommit":false,"messageTitle":"implement JUnit testing","messageBody":"","tags":["A-JUnit"],"fileTypesAndContributionMap":{"java":{"insertions":222,"deletions":0}}},{"hash":"ab2a615e75a1c1e61fc4dd98684d9b873cc8e783","isMergeCommit":true,"messageTitle":"Merge remote-tracking branch \u0027upstream/tweak-readme\u0027","messageBody":"","fileTypesAndContributionMap":{}},{"hash":"fbc36e5ab3ff189955893b46ce5d548947cd48e7","isMergeCommit":true,"messageTitle":"Merge remote-tracking branch \u0027upstream/add-details-to-readme\u0027","messageBody":"","tags":["Merge-Upstream-ReadmeRelated-Branch"],"fileTypesAndContributionMap":{}}]},{"date":"2025-10-25T00:00:00","commitResults":[{"hash":"2b99e827ccb23dfc7e3c7f2e77190eaa14d2b2bc","isMergeCommit":false,"messageTitle":"add mass operations for marking backdated tasks and deleting completed tasks","messageBody":"","fileTypesAndContributionMap":{"java":{"insertions":90,"deletions":16}}},{"hash":"d67690d002e881639a345a44bea6b0c47439b229","isMergeCommit":false,"messageTitle":"refactor move isBackdated method to Task","messageBody":"","tags":["C-MassOps"],"fileTypesAndContributionMap":{"java":{"insertions":32,"deletions":23}}},{"hash":"5efa0e624f6cb1031e965d726323b2d2d21544c2","isMergeCommit":false,"messageTitle":"task return specific type (Todo/Deadline/Event)","messageBody":"","fileTypesAndContributionMap":{"java":{"insertions":3,"deletions":3}}},{"hash":"62114f94ff8d4de39d1a8a354db5a19adb3f241f","isMergeCommit":false,"messageTitle":"add event overlap detection","messageBody":"","tags":["B-DetectAnomalies"],"fileTypesAndContributionMap":{"java":{"insertions":36,"deletions":5}}}]},{"date":"2025-10-26T00:00:00","commitResults":[{"hash":"a0996c3bcb1b26112eb4f6bf3c0755d64df1aa3a","isMergeCommit":false,"messageTitle":"add schedule feature to view tasks by date","messageBody":"","fileTypesAndContributionMap":{"txt":{"insertions":2,"deletions":0},"java":{"insertions":259,"deletions":30}}},{"hash":"8468e570f339533bbe1684d9a39bff1b12ee05a7","isMergeCommit":false,"messageTitle":"add find feature to search tasks by keyword","messageBody":"","tags":["Level-9"],"fileTypesAndContributionMap":{"java":{"insertions":84,"deletions":2}}}]},{"date":"2025-10-27T00:00:00","commitResults":[{"hash":"b67c586f1a4f0c635c6223415c5e272b71bf18c1","isMergeCommit":false,"messageTitle":"Tweak code to comply with a coding standard","messageBody":"","tags":["A-CodingStandard","A-CodeQuality"],"fileTypesAndContributionMap":{"txt":{"insertions":1,"deletions":0},"java":{"insertions":239,"deletions":207}}}]},{"date":"2025-10-28T00:00:00","commitResults":[{"hash":"c721c2d5b36cb0f608211ee593e0b014da3c0645","isMergeCommit":false,"messageTitle":"implement Level_10 GUI","messageBody":"","fileTypesAndContributionMap":{"gradle":{"insertions":15,"deletions":0},"txt":{"insertions":0,"deletions":1},"fxml":{"insertions":87,"deletions":0},"java":{"insertions":430,"deletions":35}}},{"hash":"9e687b15478eb4dffd5c4cf45ec84fdd837dd8ce","isMergeCommit":true,"messageTitle":"Merge branch \u0027Level_10_GUI\u0027","messageBody":"","tags":["Level-10"],"fileTypesAndContributionMap":{}},{"hash":"ff57a750c1966f9c1dd6f872bfdf58837de0ad33","isMergeCommit":false,"messageTitle":"update code style for dialog box","messageBody":"","fileTypesAndContributionMap":{"fxml":{"insertions":37,"deletions":10},"java":{"insertions":2,"deletions":3}}}]},{"date":"2025-10-29T00:00:00","commitResults":[{"hash":"322004de08cb37ac2d89471bd1bff498801562e5","isMergeCommit":false,"messageTitle":"Remove CommandHandler.java","messageBody":"","fileTypesAndContributionMap":{"java":{"insertions":0,"deletions":98}}},{"hash":"9fe94820aba747cd25ea9ca2688a2b106e1b9303","isMergeCommit":false,"messageTitle":"add assetions","messageBody":"","tags":["A-Assertions"],"fileTypesAndContributionMap":{"java":{"insertions":13,"deletions":37}}},{"hash":"7f81482e2cde2aedc611cf4f34b438fb2b7d50a4","isMergeCommit":false,"messageTitle":"set up jar files settings","messageBody":"","tags":["A-Jar"],"fileTypesAndContributionMap":{"gradle":{"insertions":2,"deletions":0}}}]},{"date":"2025-10-31T00:00:00","commitResults":[{"hash":"610a66ceda6067ec18f6578c3a5382d12917f8b0","isMergeCommit":false,"messageTitle":"improve GUI reply to user","messageBody":"","fileTypesAndContributionMap":{"txt":{"insertions":0,"deletions":6},"java":{"insertions":24,"deletions":20}}},{"hash":"8786759982090fad6ebc4c3a414e99c33c04f448","isMergeCommit":false,"messageTitle":"improve schedule date parsing using keywords + extend feature to adding deadline","messageBody":"","fileTypesAndContributionMap":{"java":{"insertions":27,"deletions":13}}}]},{"date":"2025-11-01T00:00:00","commitResults":[{"hash":"9f5cbc062675ad09567e572b6694425cf07e3312","isMergeCommit":false,"messageTitle":"fix corrupted file handling bug (list not blank), move data storage location","messageBody":"","fileTypesAndContributionMap":{"txt":{"insertions":0,"deletions":0},"java":{"insertions":2,"deletions":1}}},{"hash":"382b234296cbc0e0ee1d4b38b1307976ae4521d3","isMergeCommit":false,"messageTitle":"improve command validation with deadline/event description and no-argument checks","messageBody":"","fileTypesAndContributionMap":{"java":{"insertions":34,"deletions":13}}},{"hash":"5aa66e312d1609847d11b293cd6bbe755a45c96d","isMergeCommit":false,"messageTitle":"populate tasks.txt","messageBody":"","fileTypesAndContributionMap":{"txt":{"insertions":12,"deletions":0}}}]},{"date":"2025-11-02T00:00:00","commitResults":[{"hash":"440ac7743e6dd7c3c5cad060e8c09a6a96835294","isMergeCommit":false,"messageTitle":"improve schedule error message","messageBody":"","fileTypesAndContributionMap":{"java":{"insertions":8,"deletions":2}}}]},{"date":"2025-11-04T00:00:00","commitResults":[{"hash":"210800c11625b1eb5d2abbf5dbc812e36c6c1d26","isMergeCommit":false,"messageTitle":"update help guide message","messageBody":"","fileTypesAndContributionMap":{"java":{"insertions":19,"deletions":16}}}]},{"date":"2025-11-06T00:00:00","commitResults":[{"hash":"8c7042e6cada68701f932d31f79ed01fc33335a6","isMergeCommit":false,"messageTitle":"dialog box max width","messageBody":"","fileTypesAndContributionMap":{"java":{"insertions":4,"deletions":0}}},{"hash":"761b98d8692d23ea2ca9d76ef549dcb3a902ed12","isMergeCommit":false,"messageTitle":"fix logic to display date range for scehdule next week and next month","messageBody":"","tags":["B-ViewSchedules"],"fileTypesAndContributionMap":{"txt":{"insertions":10,"deletions":10},"java":{"insertions":431,"deletions":199}}}]},{"date":"2025-11-12T00:00:00","commitResults":[{"hash":"bc99b5bdf67162d8c8bf8e392752fabc7f0acdb6","isMergeCommit":false,"messageTitle":"app demo input","messageBody":"","fileTypesAndContributionMap":{"md":{"insertions":358,"deletions":0}}},{"hash":"22e710bfaa232dff42634a18d3f84ebec0828eb9","isMergeCommit":false,"messageTitle":"add comprehensive user guide and update README","messageBody":"","tags":["v1.0.0"],"fileTypesAndContributionMap":{"txt":{"insertions":2,"deletions":0},"md":{"insertions":301,"deletions":34}}},{"hash":"964acbf10b62e3a4d1adf96bea8cfb9736b825bc","isMergeCommit":false,"messageTitle":"update README with documentation","messageBody":"","fileTypesAndContributionMap":{"md":{"insertions":10,"deletions":0}}}]}]},"authorFileTypeContributionMap":{"freshwaterlemon":{"java":2877,"md":667,"fxml":114,"sh":8,"bat":1,"gradle":18,"txt":46}},"authorContributionVariance":{"freshwaterlemon":51457.914},"authorDisplayNameMap":{"freshwaterlemon":"NGUI..IONG"}}
