{"authorDailyContributionsMap":{"freshwaterlemon":[{"date":"2025-08-31T00:00:00","commitResults":[{"hash":"61b3fe972595069faa3cb9d2f45b96b370d64b81","isMergeCommit":false,"messageTitle":"update .gitignore to ignore class file","messageBody":"","fileTypesAndContributionMap":{"java":{"insertions":0,"deletions":10}}},{"hash":"69cfec77b7b5a12be84622d5d7b8c9050311d1b4","isMergeCommit":false,"messageTitle":"implement an initial skeletal version","messageBody":"","fileTypesAndContributionMap":{"java":{"insertions":14,"deletions":0}}}]},{"date":"2025-09-01T00:00:00","commitResults":[{"hash":"f83ea3a2d3d66ba1dacfaf42d8579c18b1618836","isMergeCommit":false,"messageTitle":"update level 0 task","messageBody":"","tags":["Level-0"],"fileTypesAndContributionMap":{"java":{"insertions":20,"deletions":9}}},{"hash":"985aa0807004a73a179746464fe1c83f963aeb46","isMergeCommit":false,"messageTitle":"level 1 task, Echo","messageBody":"","tags":["Level-1"],"fileTypesAndContributionMap":{"java":{"insertions":31,"deletions":7}}}]},{"date":"2025-09-02T00:00:00","commitResults":[{"hash":"b4f51fadbd253e456ebc682a42ae51d72bd35abc","isMergeCommit":false,"messageTitle":"store userinput and display them","messageBody":"","fileTypesAndContributionMap":{"java":{"insertions":41,"deletions":13}}},{"hash":"d583e569dae70b3a79b752353b920e572a4baae0","isMergeCommit":false,"messageTitle":"move print task list into individual method","messageBody":"","tags":["Level-2"],"fileTypesAndContributionMap":{"java":{"insertions":19,"deletions":13}}},{"hash":"aed6c6a10548ab52add7eeeaeedb10a464c955bd","isMergeCommit":false,"messageTitle":"start message change to text block for better readability","messageBody":"","fileTypesAndContributionMap":{"java":{"insertions":10,"deletions":7}}},{"hash":"6ed285d2fec049336705d473905b274660e4737e","isMergeCommit":false,"messageTitle":"customise output to give some personality","messageBody":"","fileTypesAndContributionMap":{"java":{"insertions":13,"deletions":10}}}]},{"date":"2025-09-04T00:00:00","commitResults":[{"hash":"c5fb266884bac90f5906da844f9791632c761fb1","isMergeCommit":false,"messageTitle":"create Task class","messageBody":"","fileTypesAndContributionMap":{"java":{"insertions":31,"deletions":0}}},{"hash":"dd944ae09c440790bd483af85fafa86b58a44855","isMergeCommit":false,"messageTitle":"create helper method add task, mark and unmark, if else to switch","messageBody":"","fileTypesAndContributionMap":{"java":{"insertions":72,"deletions":17}}},{"hash":"958ef0e373a8cd55ba9c50adca92870352a755bc","isMergeCommit":false,"messageTitle":"add a getter for isDone","messageBody":"","fileTypesAndContributionMap":{"java":{"insertions":4,"deletions":0}}},{"hash":"a405615319189d864b2edba700380bebcf9cbafe","isMergeCommit":false,"messageTitle":"handle marking and unmarking of task","messageBody":"","fileTypesAndContributionMap":{"java":{"insertions":44,"deletions":28}}},{"hash":"303ab1837e6cd327e256b076b56ffaf2e608f3f4","isMergeCommit":false,"messageTitle":"update code to handle duplicate tasks","messageBody":"","fileTypesAndContributionMap":{"java":{"insertions":25,"deletions":20}}}]},{"date":"2025-09-05T00:00:00","commitResults":[{"hash":"ba3357c2b0c175e38762d2214fdc92000b31ddca","isMergeCommit":false,"messageTitle":"update unmarking logic for newer tasks","messageBody":"","fileTypesAndContributionMap":{"java":{"insertions":20,"deletions":21}}}]},{"date":"2025-09-06T00:00:00","commitResults":[{"hash":"474993a7a66d28edbb5fd0f1ac5d7835449776b3","isMergeCommit":false,"messageTitle":"refactor findTaskByDescription method","messageBody":"","tags":["Level-3"],"fileTypesAndContributionMap":{"java":{"insertions":20,"deletions":16}}}]},{"date":"2025-09-09T00:00:00","commitResults":[{"hash":"e0526b42d3fd6ae066702109982544c77c13e638","isMergeCommit":false,"messageTitle":"set up text UI testing","messageBody":"","tags":["A-TextUiTesting"],"fileTypesAndContributionMap":{"txt":{"insertions":13,"deletions":0},"bat":{"insertions":1,"deletions":1},"sh":{"insertions":1,"deletions":1}}}]},{"date":"2025-09-13T00:00:00","commitResults":[{"hash":"97a96a6b8dd0987007fc057d96bc01c399478784","isMergeCommit":false,"messageTitle":"implement todo, deadline, event","messageBody":"","fileTypesAndContributionMap":{"java":{"insertions":108,"deletions":23}}},{"hash":"a223d0434d732140e317b152182c04ddc154894d","isMergeCommit":false,"messageTitle":"implement inheritance and polymorphism for multiple task types","messageBody":"","fileTypesAndContributionMap":{"java":{"insertions":135,"deletions":57}}},{"hash":"a21bb835ede6e82010a786ebf04156c3c6036f80","isMergeCommit":false,"messageTitle":"refactor: handleTodo, handleDeadline, handleEvent","messageBody":"","fileTypesAndContributionMap":{"java":{"insertions":95,"deletions":106}}},{"hash":"9ec206c497522ab412a272e5b9a9fe774bdf8783","isMergeCommit":false,"messageTitle":"rewrite deadline and event logic + check user input","messageBody":"","tags":["Level-4"],"fileTypesAndContributionMap":{"java":{"insertions":14,"deletions":49}}}]}]},"authorFileTypeContributionMap":{"freshwaterlemon":{"java":320,"md":0,"fxml":0,"sh":1,"bat":1,"gradle":0,"txt":13}},"authorContributionVariance":{"freshwaterlemon":9639.391},"authorDisplayNameMap":{"freshwaterlemon":"NGUI..IONG"}}
