{"authorDailyContributionsMap":{"chenqian-97":[{"date":"2025-09-27T00:00:00","commitResults":[{"hash":"9485e4c460f5922bb5ecb61c2b5bbe7865289e34","isMergeCommit":false,"messageTitle":"Implement Level-0: Rename, Greet, Exit","messageBody":"","tags":["level-0,-Rename,-Greet,-Exit"],"fileTypesAndContributionMap":{"java":{"insertions":12,"deletions":10}}},{"hash":"1c721e9bf74e6c839a596c7f9842d7ffd5e9609b","isMergeCommit":false,"messageTitle":"Level 1. Customize my chatbot","messageBody":"","tags":["Level-1.-Echo"],"fileTypesAndContributionMap":{"java":{"insertions":42,"deletions":2}}},{"hash":"be6c72d99e613896a3cb903c8eb904b16896e523","isMergeCommit":false,"messageTitle":"Level 2 Implementation","messageBody":"","tags":["Level-2.-Add,-List"],"fileTypesAndContributionMap":{"java":{"insertions":42,"deletions":16}}}]},{"date":"2025-09-28T00:00:00","commitResults":[{"hash":"8aac47987521856fddcdc31f0c1e4457bdfb7727","isMergeCommit":false,"messageTitle":"level-3 implementation","messageBody":"","tags":["Level-3,-Mark-as-Done"],"fileTypesAndContributionMap":{"java":{"insertions":65,"deletions":35}}},{"hash":"ed2b877616ce2d0ae26b29a711ce1fc490d40a48","isMergeCommit":false,"messageTitle":"level 4 implementation","messageBody":"","tags":["Level-4.-ToDos,-Events,-Deadlines"],"fileTypesAndContributionMap":{"java":{"insertions":78,"deletions":9}}},{"hash":"7f5f2c05250a01c42a2553acb0f2e1140fcd2904","isMergeCommit":false,"messageTitle":"level-5 implementation","messageBody":"","tags":["Level-5.-Handle-Errors"],"fileTypesAndContributionMap":{"java":{"insertions":123,"deletions":85}}}]},{"date":"2025-10-24T00:00:00","commitResults":[{"hash":"b300aab2a601db4108014fc7a323ad935a4a2939","isMergeCommit":false,"messageTitle":"Level 6. Delete","messageBody":"","tags":["Level-6.-Delete-"],"fileTypesAndContributionMap":{"java":{"insertions":67,"deletions":28}}}]},{"date":"2025-11-04T00:00:00","commitResults":[{"hash":"972a633b1616cd5747c5d3ba45f050130f399b7f","isMergeCommit":false,"messageTitle":"level 7 implementation: save","messageBody":"","tags":["Level-7.-Save"],"fileTypesAndContributionMap":{"txt":{"insertions":3,"deletions":0},"java":{"insertions":125,"deletions":9}}},{"hash":"0218d15e0732f780046c6d51eeb13495f15cb015","isMergeCommit":false,"messageTitle":"level 7 implementation: Add package chatbot and chatbot.tasks","messageBody":"","tags":["Level-7.-Add-Packages"],"fileTypesAndContributionMap":{"java":{"insertions":35,"deletions":6}}},{"hash":"16829b8976975bf1bc4eb9116ca574ec47447be7","isMergeCommit":false,"messageTitle":"level 7 implementation: Refactor. implement OOP structure and reorganise code into packages chatbot and chatbot.tasks","messageBody":"","tags":["Level-7.-Refactor"],"fileTypesAndContributionMap":{"txt":{"insertions":4,"deletions":2},"java":{"insertions":235,"deletions":206}}},{"hash":"1c09cfe91481efa1da311eb33bb41ee828221533","isMergeCommit":false,"messageTitle":"level 8 implementation: add Dates and Times","messageBody":"","tags":["Level-8.-Dates-and-Times"],"fileTypesAndContributionMap":{"txt":{"insertions":0,"deletions":4},"java":{"insertions":131,"deletions":28}}},{"hash":"d355f96c17854d39e121a1c23c08bdc98e9a3549","isMergeCommit":false,"messageTitle":"level 9 implement: find","messageBody":"","tags":["Level-9.-Find"],"fileTypesAndContributionMap":{"txt":{"insertions":3,"deletions":0},"java":{"insertions":39,"deletions":0}}}]},{"date":"2025-11-05T00:00:00","commitResults":[{"hash":"96849876003ec8fac8152eb5e06fc8561949f0e7","isMergeCommit":false,"messageTitle":"Individual feature implementation: FindFreeTimes","messageBody":"","tags":["Feature-FindFreeTimes"],"fileTypesAndContributionMap":{"txt":{"insertions":13,"deletions":0},"java":{"insertions":124,"deletions":2}}}]},{"date":"2025-11-15T00:00:00","commitResults":[{"hash":"45937d86fb366c473e226fae14408b51ab736272","isMergeCommit":false,"messageTitle":"Individual feature implementation: Priority","messageBody":"","tags":["Priority"],"fileTypesAndContributionMap":{"txt":{"insertions":5,"deletions":17},"java":{"insertions":113,"deletions":29}}}]},{"date":"2025-11-16T00:00:00","commitResults":[{"hash":"bcd809701aad4ceb322eaa3370bd0ddc7dedaabe","isMergeCommit":false,"messageTitle":"Final Implementation - Add test case and assertions part","messageBody":"","fileTypesAndContributionMap":{"txt":{"insertions":4,"deletions":5},"java":{"insertions":79,"deletions":2}}}]}]},"authorFileTypeContributionMap":{"chenqian-97":{"java":853,"md":0,"fxml":0,"sh":0,"bat":0,"gradle":0,"txt":4}},"authorContributionVariance":{"chenqian-97":8490.513},"authorDisplayNameMap":{"chenqian-97":"CHEN..QIAN"}}
