[{"path":"src/main/java/Deadline.java","fileType":"java","lines":[{"lineNumber":1,"author":{"gitId":"chiyangg"},"content":"public class Deadline extends Task {","lastModifiedDate":"2025-09-14T10:32:46","isFullCredit":false},{"lineNumber":2,"author":{"gitId":"chiyangg"},"content":"","lastModifiedDate":"2025-09-14T10:32:46","isFullCredit":false},{"lineNumber":3,"author":{"gitId":"chiyangg"},"content":"    protected String by;","lastModifiedDate":"2025-09-14T10:32:46","isFullCredit":false},{"lineNumber":4,"author":{"gitId":"chiyangg"},"content":"","lastModifiedDate":"2025-09-14T10:32:46","isFullCredit":false},{"lineNumber":5,"author":{"gitId":"chiyangg"},"content":"    public Deadline(String description, String by) {","lastModifiedDate":"2025-09-14T10:32:46","isFullCredit":false},{"lineNumber":6,"author":{"gitId":"chiyangg"},"content":"        super(description);","lastModifiedDate":"2025-09-14T10:32:46","isFullCredit":false},{"lineNumber":7,"author":{"gitId":"chiyangg"},"content":"        this.by \u003d by;","lastModifiedDate":"2025-09-14T10:32:46","isFullCredit":false},{"lineNumber":8,"author":{"gitId":"chiyangg"},"content":"    }","lastModifiedDate":"2025-09-14T10:32:46","isFullCredit":false},{"lineNumber":9,"author":{"gitId":"chiyangg"},"content":"","lastModifiedDate":"2025-09-14T10:32:46","isFullCredit":false},{"lineNumber":10,"author":{"gitId":"chiyangg"},"content":"    @Override","lastModifiedDate":"2025-09-14T10:32:46","isFullCredit":false},{"lineNumber":11,"author":{"gitId":"chiyangg"},"content":"    public String toString() {","lastModifiedDate":"2025-09-14T10:32:46","isFullCredit":false},{"lineNumber":12,"author":{"gitId":"chiyangg"},"content":"        return \"[D]\" + super.toString() + \" (by: \" + by + \")\";","lastModifiedDate":"2025-09-14T10:32:46","isFullCredit":false},{"lineNumber":13,"author":{"gitId":"chiyangg"},"content":"    }","lastModifiedDate":"2025-09-14T10:32:46","isFullCredit":false},{"lineNumber":14,"author":{"gitId":"chiyangg"},"content":"}","lastModifiedDate":"2025-09-14T10:32:46","isFullCredit":false}],"authorContributionMap":{"chiyangg":14}},{"path":"src/main/java/Echo.java","fileType":"java","lines":[{"lineNumber":1,"author":{"gitId":"chiyangg"},"content":"import java.util.Scanner;","lastModifiedDate":"2025-09-10T21:02:28","isFullCredit":false},{"lineNumber":2,"author":{"gitId":"chiyangg"},"content":"","lastModifiedDate":"2025-09-10T21:02:28","isFullCredit":false},{"lineNumber":3,"author":{"gitId":"chiyangg"},"content":"public class Echo {","lastModifiedDate":"2025-09-10T20:59:14","isFullCredit":false},{"lineNumber":4,"author":{"gitId":"chiyangg"},"content":"    public static void main(String[] args) {","lastModifiedDate":"2025-09-10T20:59:14","isFullCredit":false},{"lineNumber":5,"author":{"gitId":"chiyangg"},"content":"        horizontalLine();","lastModifiedDate":"2025-09-14T10:32:46","isFullCredit":false},{"lineNumber":6,"author":{"gitId":"chiyangg"},"content":"        System.out.println(\"Hello! I\u0027m Echo\");","lastModifiedDate":"2025-09-10T20:59:14","isFullCredit":false},{"lineNumber":7,"author":{"gitId":"chiyangg"},"content":"        System.out.println(\"What can I do for you?\");","lastModifiedDate":"2025-09-10T20:59:14","isFullCredit":false},{"lineNumber":8,"author":{"gitId":"chiyangg"},"content":"        horizontalLine();","lastModifiedDate":"2025-09-14T10:32:46","isFullCredit":false},{"lineNumber":9,"author":{"gitId":"chiyangg"},"content":"","lastModifiedDate":"2025-09-10T21:02:28","isFullCredit":false},{"lineNumber":10,"author":{"gitId":"chiyangg"},"content":"        Scanner sc \u003d new Scanner(System.in);","lastModifiedDate":"2025-09-10T21:02:28","isFullCredit":false},{"lineNumber":11,"author":{"gitId":"chiyangg"},"content":"        String userInput;","lastModifiedDate":"2025-09-10T21:02:28","isFullCredit":false},{"lineNumber":12,"author":{"gitId":"chiyangg"},"content":"        Task[] tasks \u003d  new Task[100];","lastModifiedDate":"2025-09-13T16:40:58","isFullCredit":false},{"lineNumber":13,"author":{"gitId":"chiyangg"},"content":"        int taskCounter \u003d 0;","lastModifiedDate":"2025-09-10T21:08:17","isFullCredit":false},{"lineNumber":14,"author":{"gitId":"chiyangg"},"content":"","lastModifiedDate":"2025-09-10T21:02:28","isFullCredit":false},{"lineNumber":15,"author":{"gitId":"chiyangg"},"content":"        while (true) {","lastModifiedDate":"2025-09-10T21:02:28","isFullCredit":false},{"lineNumber":16,"author":{"gitId":"chiyangg"},"content":"            userInput \u003d sc.nextLine();","lastModifiedDate":"2025-09-10T21:02:28","isFullCredit":false},{"lineNumber":17,"author":{"gitId":"chiyangg"},"content":"","lastModifiedDate":"2025-09-10T21:02:28","isFullCredit":false},{"lineNumber":18,"author":{"gitId":"chiyangg"},"content":"            if (userInput.equalsIgnoreCase(\"bye\")) {","lastModifiedDate":"2025-09-10T21:02:28","isFullCredit":false},{"lineNumber":19,"author":{"gitId":"chiyangg"},"content":"                horizontalLine();","lastModifiedDate":"2025-09-14T10:32:46","isFullCredit":false},{"lineNumber":20,"author":{"gitId":"chiyangg"},"content":"                System.out.println(\"Bye. Hope to see you again soon!\");","lastModifiedDate":"2025-09-10T20:59:14","isFullCredit":false},{"lineNumber":21,"author":{"gitId":"chiyangg"},"content":"                horizontalLine();","lastModifiedDate":"2025-09-14T10:32:46","isFullCredit":false},{"lineNumber":22,"author":{"gitId":"chiyangg"},"content":"                break;","lastModifiedDate":"2025-09-10T21:02:28","isFullCredit":false},{"lineNumber":23,"author":{"gitId":"chiyangg"},"content":"            }","lastModifiedDate":"2025-09-10T21:02:28","isFullCredit":false},{"lineNumber":24,"author":{"gitId":"chiyangg"},"content":"            else if (userInput.equalsIgnoreCase(\"list\")) {","lastModifiedDate":"2025-09-10T21:08:17","isFullCredit":false},{"lineNumber":25,"author":{"gitId":"chiyangg"},"content":"                horizontalLine();","lastModifiedDate":"2025-09-14T10:32:46","isFullCredit":false},{"lineNumber":26,"author":{"gitId":"chiyangg"},"content":"                for (int i \u003d 0; i \u003c taskCounter; i++) {","lastModifiedDate":"2025-09-10T21:08:17","isFullCredit":false},{"lineNumber":27,"author":{"gitId":"chiyangg"},"content":"                    System.out.println(i+1 + \". \" + tasks[i]);","lastModifiedDate":"2025-09-10T21:08:17","isFullCredit":false},{"lineNumber":28,"author":{"gitId":"chiyangg"},"content":"                }","lastModifiedDate":"2025-09-10T21:08:17","isFullCredit":false},{"lineNumber":29,"author":{"gitId":"chiyangg"},"content":"                horizontalLine();","lastModifiedDate":"2025-09-14T10:32:46","isFullCredit":false},{"lineNumber":30,"author":{"gitId":"chiyangg"},"content":"            }","lastModifiedDate":"2025-09-10T21:08:17","isFullCredit":false},{"lineNumber":31,"author":{"gitId":"chiyangg"},"content":"","lastModifiedDate":"2025-09-13T16:40:58","isFullCredit":false},{"lineNumber":32,"author":{"gitId":"chiyangg"},"content":"            else if (userInput.startsWith(\"mark \")) {","lastModifiedDate":"2025-09-13T16:40:58","isFullCredit":false},{"lineNumber":33,"author":{"gitId":"chiyangg"},"content":"                int index \u003d Integer.parseInt(userInput.split(\" \")[1]) - 1;","lastModifiedDate":"2025-09-13T16:40:58","isFullCredit":false},{"lineNumber":34,"author":{"gitId":"chiyangg"},"content":"                tasks[index].markAsDone();","lastModifiedDate":"2025-09-13T16:40:58","isFullCredit":false},{"lineNumber":35,"author":{"gitId":"chiyangg"},"content":"                horizontalLine();","lastModifiedDate":"2025-09-14T10:32:46","isFullCredit":false},{"lineNumber":36,"author":{"gitId":"chiyangg"},"content":"                System.out.println(\"Nice! I\u0027ve marked this task as done:\");","lastModifiedDate":"2025-09-13T16:40:58","isFullCredit":false},{"lineNumber":37,"author":{"gitId":"chiyangg"},"content":"                System.out.println(\"  \" + tasks[index]);","lastModifiedDate":"2025-09-13T16:40:58","isFullCredit":false},{"lineNumber":38,"author":{"gitId":"chiyangg"},"content":"                horizontalLine();","lastModifiedDate":"2025-09-14T10:32:46","isFullCredit":false},{"lineNumber":39,"author":{"gitId":"chiyangg"},"content":"            }","lastModifiedDate":"2025-09-13T16:40:58","isFullCredit":false},{"lineNumber":40,"author":{"gitId":"chiyangg"},"content":"","lastModifiedDate":"2025-09-13T16:40:58","isFullCredit":false},{"lineNumber":41,"author":{"gitId":"chiyangg"},"content":"            else if (userInput.startsWith(\"unmark \")) {","lastModifiedDate":"2025-09-13T16:40:58","isFullCredit":false},{"lineNumber":42,"author":{"gitId":"chiyangg"},"content":"                int index \u003d Integer.parseInt(userInput.split(\" \")[1]) - 1;","lastModifiedDate":"2025-09-13T16:40:58","isFullCredit":false},{"lineNumber":43,"author":{"gitId":"chiyangg"},"content":"                tasks[index].markAsNotDone();","lastModifiedDate":"2025-09-13T16:40:58","isFullCredit":false},{"lineNumber":44,"author":{"gitId":"chiyangg"},"content":"                horizontalLine();","lastModifiedDate":"2025-09-14T10:32:46","isFullCredit":false},{"lineNumber":45,"author":{"gitId":"chiyangg"},"content":"                System.out.println(\"Nice! I\u0027ve marked this task as not done yet:\");","lastModifiedDate":"2025-09-13T16:40:58","isFullCredit":false},{"lineNumber":46,"author":{"gitId":"chiyangg"},"content":"                System.out.println(\"  \" + tasks[index]);","lastModifiedDate":"2025-09-13T16:40:58","isFullCredit":false},{"lineNumber":47,"author":{"gitId":"chiyangg"},"content":"                horizontalLine();","lastModifiedDate":"2025-09-14T10:32:46","isFullCredit":false},{"lineNumber":48,"author":{"gitId":"chiyangg"},"content":"            }","lastModifiedDate":"2025-09-13T22:31:48","isFullCredit":false},{"lineNumber":49,"author":{"gitId":"chiyangg"},"content":"","lastModifiedDate":"2025-09-13T22:31:48","isFullCredit":false},{"lineNumber":50,"author":{"gitId":"chiyangg"},"content":"            else if (userInput.startsWith(\"todo \")) {","lastModifiedDate":"2025-09-13T22:31:48","isFullCredit":false},{"lineNumber":51,"author":{"gitId":"chiyangg"},"content":"                String description \u003d userInput.substring(5).trim();","lastModifiedDate":"2025-09-13T22:31:48","isFullCredit":false},{"lineNumber":52,"author":{"gitId":"chiyangg"},"content":"                tasks[taskCounter] \u003d new Todo(description);","lastModifiedDate":"2025-09-13T22:31:48","isFullCredit":false},{"lineNumber":53,"author":{"gitId":"chiyangg"},"content":"                taskCounter++;","lastModifiedDate":"2025-09-13T22:31:48","isFullCredit":false},{"lineNumber":54,"author":{"gitId":"chiyangg"},"content":"                horizontalLine();","lastModifiedDate":"2025-09-14T10:32:46","isFullCredit":false},{"lineNumber":55,"author":{"gitId":"chiyangg"},"content":"                System.out.println(tasks[taskCounter-1].addedMessage(taskCounter));","lastModifiedDate":"2025-09-14T10:32:46","isFullCredit":false},{"lineNumber":56,"author":{"gitId":"chiyangg"},"content":"                horizontalLine();","lastModifiedDate":"2025-09-14T10:32:46","isFullCredit":false},{"lineNumber":57,"author":{"gitId":"chiyangg"},"content":"            }","lastModifiedDate":"2025-09-14T10:32:46","isFullCredit":false},{"lineNumber":58,"author":{"gitId":"chiyangg"},"content":"","lastModifiedDate":"2025-09-14T10:32:46","isFullCredit":false},{"lineNumber":59,"author":{"gitId":"chiyangg"},"content":"            else if (userInput.startsWith(\"deadline \")) {","lastModifiedDate":"2025-09-14T10:32:46","isFullCredit":false},{"lineNumber":60,"author":{"gitId":"chiyangg"},"content":"                String withoutCommand \u003d userInput.substring(9);","lastModifiedDate":"2025-09-14T10:32:46","isFullCredit":false},{"lineNumber":61,"author":{"gitId":"chiyangg"},"content":"                String[] parts \u003d withoutCommand.split(\"/by\", 2);","lastModifiedDate":"2025-09-14T10:32:46","isFullCredit":false},{"lineNumber":62,"author":{"gitId":"chiyangg"},"content":"                String description \u003d parts[0].trim();","lastModifiedDate":"2025-09-14T10:32:46","isFullCredit":false},{"lineNumber":63,"author":{"gitId":"chiyangg"},"content":"                String by \u003d parts[1].trim();","lastModifiedDate":"2025-09-14T10:32:46","isFullCredit":false},{"lineNumber":64,"author":{"gitId":"chiyangg"},"content":"                tasks[taskCounter] \u003d new Deadline(description,by);","lastModifiedDate":"2025-09-14T10:32:46","isFullCredit":false},{"lineNumber":65,"author":{"gitId":"chiyangg"},"content":"                taskCounter++;","lastModifiedDate":"2025-09-14T10:32:46","isFullCredit":false},{"lineNumber":66,"author":{"gitId":"chiyangg"},"content":"                horizontalLine();","lastModifiedDate":"2025-09-14T10:32:46","isFullCredit":false},{"lineNumber":67,"author":{"gitId":"chiyangg"},"content":"                System.out.println(tasks[taskCounter-1].addedMessage(taskCounter));","lastModifiedDate":"2025-09-14T10:32:46","isFullCredit":false},{"lineNumber":68,"author":{"gitId":"chiyangg"},"content":"                horizontalLine();","lastModifiedDate":"2025-09-14T10:32:46","isFullCredit":false},{"lineNumber":69,"author":{"gitId":"chiyangg"},"content":"            }","lastModifiedDate":"2025-09-14T10:32:46","isFullCredit":false},{"lineNumber":70,"author":{"gitId":"chiyangg"},"content":"            else if (userInput.startsWith(\"event \")) {","lastModifiedDate":"2025-09-14T10:32:46","isFullCredit":false},{"lineNumber":71,"author":{"gitId":"chiyangg"},"content":"","lastModifiedDate":"2025-09-14T10:32:46","isFullCredit":false},{"lineNumber":72,"author":{"gitId":"chiyangg"},"content":"                String withoutCommand \u003d userInput.substring(6);","lastModifiedDate":"2025-09-14T10:32:46","isFullCredit":false},{"lineNumber":73,"author":{"gitId":"chiyangg"},"content":"                String[] parts \u003d withoutCommand.split(\"/from\", 2);","lastModifiedDate":"2025-09-14T10:32:46","isFullCredit":false},{"lineNumber":74,"author":{"gitId":"chiyangg"},"content":"                String description \u003d parts[0].trim();","lastModifiedDate":"2025-09-14T10:32:46","isFullCredit":false},{"lineNumber":75,"author":{"gitId":"chiyangg"},"content":"                String[] timeParts \u003d parts[1].split(\"/to\", 2);","lastModifiedDate":"2025-09-14T10:32:46","isFullCredit":false},{"lineNumber":76,"author":{"gitId":"chiyangg"},"content":"                String from \u003d timeParts[0].trim();","lastModifiedDate":"2025-09-14T10:32:46","isFullCredit":false},{"lineNumber":77,"author":{"gitId":"chiyangg"},"content":"                String to \u003d timeParts[1].trim();","lastModifiedDate":"2025-09-14T10:32:46","isFullCredit":false},{"lineNumber":78,"author":{"gitId":"chiyangg"},"content":"                tasks[taskCounter] \u003d new Event(description, from, to);","lastModifiedDate":"2025-09-14T10:32:46","isFullCredit":false},{"lineNumber":79,"author":{"gitId":"chiyangg"},"content":"                taskCounter++;","lastModifiedDate":"2025-09-14T10:32:46","isFullCredit":false},{"lineNumber":80,"author":{"gitId":"chiyangg"},"content":"                horizontalLine();","lastModifiedDate":"2025-09-14T10:32:46","isFullCredit":false},{"lineNumber":81,"author":{"gitId":"chiyangg"},"content":"                System.out.println(tasks[taskCounter-1].addedMessage(taskCounter));","lastModifiedDate":"2025-09-14T10:32:46","isFullCredit":false},{"lineNumber":82,"author":{"gitId":"chiyangg"},"content":"                horizontalLine();","lastModifiedDate":"2025-09-14T10:32:46","isFullCredit":false},{"lineNumber":83,"author":{"gitId":"chiyangg"},"content":"            }","lastModifiedDate":"2025-09-13T16:40:58","isFullCredit":false},{"lineNumber":84,"author":{"gitId":"chiyangg"},"content":"","lastModifiedDate":"2025-09-13T16:40:58","isFullCredit":false},{"lineNumber":85,"author":{"gitId":"chiyangg"},"content":"            else {","lastModifiedDate":"2025-09-10T21:02:28","isFullCredit":false},{"lineNumber":86,"author":{"gitId":"chiyangg"},"content":"                tasks[taskCounter] \u003d new Task(userInput);","lastModifiedDate":"2025-09-13T16:40:58","isFullCredit":false},{"lineNumber":87,"author":{"gitId":"chiyangg"},"content":"                taskCounter++;","lastModifiedDate":"2025-09-10T21:08:17","isFullCredit":false},{"lineNumber":88,"author":{"gitId":"chiyangg"},"content":"                horizontalLine();","lastModifiedDate":"2025-09-14T10:32:46","isFullCredit":false},{"lineNumber":89,"author":{"gitId":"chiyangg"},"content":"                System.out.println(\"added: \" + userInput);","lastModifiedDate":"2025-09-10T21:08:17","isFullCredit":false},{"lineNumber":90,"author":{"gitId":"chiyangg"},"content":"                horizontalLine();","lastModifiedDate":"2025-09-14T10:32:46","isFullCredit":false},{"lineNumber":91,"author":{"gitId":"chiyangg"},"content":"            }","lastModifiedDate":"2025-09-10T21:02:28","isFullCredit":false},{"lineNumber":92,"author":{"gitId":"chiyangg"},"content":"        }","lastModifiedDate":"2025-09-10T21:02:28","isFullCredit":false},{"lineNumber":93,"author":{"gitId":"chiyangg"},"content":"","lastModifiedDate":"2025-09-10T21:02:28","isFullCredit":false},{"lineNumber":94,"author":{"gitId":"chiyangg"},"content":"        sc.close();","lastModifiedDate":"2025-09-10T21:08:17","isFullCredit":false},{"lineNumber":95,"author":{"gitId":"chiyangg"},"content":"","lastModifiedDate":"2025-09-10T21:08:17","isFullCredit":false},{"lineNumber":96,"author":{"gitId":"chiyangg"},"content":"","lastModifiedDate":"2025-09-10T21:02:28","isFullCredit":false},{"lineNumber":97,"author":{"gitId":"chiyangg"},"content":"    }","lastModifiedDate":"2025-09-10T20:59:14","isFullCredit":false},{"lineNumber":98,"author":{"gitId":"chiyangg"},"content":"","lastModifiedDate":"2025-09-14T10:32:46","isFullCredit":false},{"lineNumber":99,"author":{"gitId":"chiyangg"},"content":"    public static void horizontalLine() {","lastModifiedDate":"2025-09-14T10:32:46","isFullCredit":false},{"lineNumber":100,"author":{"gitId":"chiyangg"},"content":"        System.out.println(\"___________________________________________\");","lastModifiedDate":"2025-09-14T10:32:46","isFullCredit":false},{"lineNumber":101,"author":{"gitId":"chiyangg"},"content":"    }","lastModifiedDate":"2025-09-14T10:32:46","isFullCredit":false},{"lineNumber":102,"author":{"gitId":"chiyangg"},"content":"}","lastModifiedDate":"2025-09-10T20:59:14","isFullCredit":false}],"authorContributionMap":{"chiyangg":102}},{"path":"src/main/java/Event.java","fileType":"java","lines":[{"lineNumber":1,"author":{"gitId":"chiyangg"},"content":"public class Event extends Task{","lastModifiedDate":"2025-09-14T10:32:46","isFullCredit":false},{"lineNumber":2,"author":{"gitId":"chiyangg"},"content":"","lastModifiedDate":"2025-09-14T10:32:46","isFullCredit":false},{"lineNumber":3,"author":{"gitId":"chiyangg"},"content":"    protected String from;","lastModifiedDate":"2025-09-14T10:32:46","isFullCredit":false},{"lineNumber":4,"author":{"gitId":"chiyangg"},"content":"    protected String to;","lastModifiedDate":"2025-09-14T10:32:46","isFullCredit":false},{"lineNumber":5,"author":{"gitId":"chiyangg"},"content":"","lastModifiedDate":"2025-09-14T10:32:46","isFullCredit":false},{"lineNumber":6,"author":{"gitId":"chiyangg"},"content":"    public Event(String description, String from, String to) {","lastModifiedDate":"2025-09-14T10:32:46","isFullCredit":false},{"lineNumber":7,"author":{"gitId":"chiyangg"},"content":"        super(description);","lastModifiedDate":"2025-09-14T10:32:46","isFullCredit":false},{"lineNumber":8,"author":{"gitId":"chiyangg"},"content":"        this.from \u003d from;","lastModifiedDate":"2025-09-14T10:32:46","isFullCredit":false},{"lineNumber":9,"author":{"gitId":"chiyangg"},"content":"        this.to \u003d to;","lastModifiedDate":"2025-09-14T10:32:46","isFullCredit":false},{"lineNumber":10,"author":{"gitId":"chiyangg"},"content":"    }","lastModifiedDate":"2025-09-14T10:32:46","isFullCredit":false},{"lineNumber":11,"author":{"gitId":"chiyangg"},"content":"","lastModifiedDate":"2025-09-14T10:32:46","isFullCredit":false},{"lineNumber":12,"author":{"gitId":"chiyangg"},"content":"    @Override","lastModifiedDate":"2025-09-14T10:32:46","isFullCredit":false},{"lineNumber":13,"author":{"gitId":"chiyangg"},"content":"    public String toString() {","lastModifiedDate":"2025-09-14T10:32:46","isFullCredit":false},{"lineNumber":14,"author":{"gitId":"chiyangg"},"content":"        return \"[E]\" + super.toString() + \" (from: \" + from + \" to: \" + to + \")\";","lastModifiedDate":"2025-09-14T10:32:46","isFullCredit":false},{"lineNumber":15,"author":{"gitId":"chiyangg"},"content":"    }","lastModifiedDate":"2025-09-14T10:32:46","isFullCredit":false},{"lineNumber":16,"author":{"gitId":"chiyangg"},"content":"}","lastModifiedDate":"2025-09-14T10:32:46","isFullCredit":false}],"authorContributionMap":{"chiyangg":16}},{"path":"src/main/java/Task.java","fileType":"java","lines":[{"lineNumber":1,"author":{"gitId":"chiyangg"},"content":"public class Task {","lastModifiedDate":"2025-09-13T16:40:58","isFullCredit":false},{"lineNumber":2,"author":{"gitId":"chiyangg"},"content":"    protected String description;","lastModifiedDate":"2025-09-13T16:40:58","isFullCredit":false},{"lineNumber":3,"author":{"gitId":"chiyangg"},"content":"    protected boolean isDone;","lastModifiedDate":"2025-09-13T16:40:58","isFullCredit":false},{"lineNumber":4,"author":{"gitId":"chiyangg"},"content":"","lastModifiedDate":"2025-09-13T16:40:58","isFullCredit":false},{"lineNumber":5,"author":{"gitId":"chiyangg"},"content":"","lastModifiedDate":"2025-09-14T10:32:46","isFullCredit":false},{"lineNumber":6,"author":{"gitId":"chiyangg"},"content":"    public Task(String description) {","lastModifiedDate":"2025-09-13T16:40:58","isFullCredit":false},{"lineNumber":7,"author":{"gitId":"chiyangg"},"content":"        this.description \u003d description;","lastModifiedDate":"2025-09-13T16:40:58","isFullCredit":false},{"lineNumber":8,"author":{"gitId":"chiyangg"},"content":"        this.isDone \u003d false;","lastModifiedDate":"2025-09-13T16:40:58","isFullCredit":false},{"lineNumber":9,"author":{"gitId":"chiyangg"},"content":"    }","lastModifiedDate":"2025-09-13T16:40:58","isFullCredit":false},{"lineNumber":10,"author":{"gitId":"chiyangg"},"content":"","lastModifiedDate":"2025-09-13T16:40:58","isFullCredit":false},{"lineNumber":11,"author":{"gitId":"chiyangg"},"content":"    public String getStatusIcon() {","lastModifiedDate":"2025-09-13T16:40:58","isFullCredit":false},{"lineNumber":12,"author":{"gitId":"chiyangg"},"content":"        return (isDone ? \"X\" : \" \"); // mark done task with X","lastModifiedDate":"2025-09-13T16:40:58","isFullCredit":false},{"lineNumber":13,"author":{"gitId":"chiyangg"},"content":"    }","lastModifiedDate":"2025-09-13T16:40:58","isFullCredit":false},{"lineNumber":14,"author":{"gitId":"chiyangg"},"content":"","lastModifiedDate":"2025-09-13T16:40:58","isFullCredit":false},{"lineNumber":15,"author":{"gitId":"chiyangg"},"content":"    public void markAsDone() {","lastModifiedDate":"2025-09-13T16:40:58","isFullCredit":false},{"lineNumber":16,"author":{"gitId":"chiyangg"},"content":"        isDone \u003d true;","lastModifiedDate":"2025-09-13T16:40:58","isFullCredit":false},{"lineNumber":17,"author":{"gitId":"chiyangg"},"content":"    }","lastModifiedDate":"2025-09-13T16:40:58","isFullCredit":false},{"lineNumber":18,"author":{"gitId":"chiyangg"},"content":"","lastModifiedDate":"2025-09-13T16:40:58","isFullCredit":false},{"lineNumber":19,"author":{"gitId":"chiyangg"},"content":"    public void markAsNotDone() {","lastModifiedDate":"2025-09-13T16:40:58","isFullCredit":false},{"lineNumber":20,"author":{"gitId":"chiyangg"},"content":"        isDone \u003d false;","lastModifiedDate":"2025-09-13T16:40:58","isFullCredit":false},{"lineNumber":21,"author":{"gitId":"chiyangg"},"content":"    }","lastModifiedDate":"2025-09-13T16:40:58","isFullCredit":false},{"lineNumber":22,"author":{"gitId":"chiyangg"},"content":"","lastModifiedDate":"2025-09-13T16:40:58","isFullCredit":false},{"lineNumber":23,"author":{"gitId":"chiyangg"},"content":"    public String addedMessage(int taskCounter) {","lastModifiedDate":"2025-09-14T10:32:46","isFullCredit":false},{"lineNumber":24,"author":{"gitId":"chiyangg"},"content":"        return \"Got it. I\u0027ve added this task: \\n\" + \"  \" +this + \"\\nNow you have \" + taskCounter + \" tasks in the list \";","lastModifiedDate":"2025-09-14T10:32:46","isFullCredit":false},{"lineNumber":25,"author":{"gitId":"chiyangg"},"content":"    }","lastModifiedDate":"2025-09-14T10:32:46","isFullCredit":false},{"lineNumber":26,"author":{"gitId":"chiyangg"},"content":"","lastModifiedDate":"2025-09-14T10:32:46","isFullCredit":false},{"lineNumber":27,"author":{"gitId":"chiyangg"},"content":"    @Override","lastModifiedDate":"2025-09-13T16:40:58","isFullCredit":false},{"lineNumber":28,"author":{"gitId":"chiyangg"},"content":"    public String toString() {","lastModifiedDate":"2025-09-13T16:40:58","isFullCredit":false},{"lineNumber":29,"author":{"gitId":"chiyangg"},"content":"        return \"[\" + getStatusIcon() + \"] \"+ description;","lastModifiedDate":"2025-09-13T16:40:58","isFullCredit":false},{"lineNumber":30,"author":{"gitId":"chiyangg"},"content":"    }","lastModifiedDate":"2025-09-13T16:40:58","isFullCredit":false},{"lineNumber":31,"author":{"gitId":"chiyangg"},"content":"","lastModifiedDate":"2025-09-13T16:40:58","isFullCredit":false},{"lineNumber":32,"author":{"gitId":"chiyangg"},"content":"}","lastModifiedDate":"2025-09-13T16:40:58","isFullCredit":false}],"authorContributionMap":{"chiyangg":32}},{"path":"src/main/java/Todo.java","fileType":"java","lines":[{"lineNumber":1,"author":{"gitId":"chiyangg"},"content":"public class Todo extends Task {","lastModifiedDate":"2025-09-13T22:31:48","isFullCredit":false},{"lineNumber":2,"author":{"gitId":"chiyangg"},"content":"","lastModifiedDate":"2025-09-13T22:31:48","isFullCredit":false},{"lineNumber":3,"author":{"gitId":"chiyangg"},"content":"    public Todo(String description) {","lastModifiedDate":"2025-09-13T22:31:48","isFullCredit":false},{"lineNumber":4,"author":{"gitId":"chiyangg"},"content":"        super(description);","lastModifiedDate":"2025-09-13T22:31:48","isFullCredit":false},{"lineNumber":5,"author":{"gitId":"chiyangg"},"content":"    }","lastModifiedDate":"2025-09-13T22:31:48","isFullCredit":false},{"lineNumber":6,"author":{"gitId":"chiyangg"},"content":"","lastModifiedDate":"2025-09-13T22:31:48","isFullCredit":false},{"lineNumber":7,"author":{"gitId":"chiyangg"},"content":"    @Override","lastModifiedDate":"2025-09-13T22:31:48","isFullCredit":false},{"lineNumber":8,"author":{"gitId":"chiyangg"},"content":"    public String toString() {","lastModifiedDate":"2025-09-13T22:31:48","isFullCredit":false},{"lineNumber":9,"author":{"gitId":"chiyangg"},"content":"        return \"[T]\" + super.toString() ;","lastModifiedDate":"2025-09-13T22:31:48","isFullCredit":false},{"lineNumber":10,"author":{"gitId":"chiyangg"},"content":"    }","lastModifiedDate":"2025-09-13T22:31:48","isFullCredit":false},{"lineNumber":11,"author":{"gitId":"chiyangg"},"content":"}","lastModifiedDate":"2025-09-13T22:31:48","isFullCredit":false}],"authorContributionMap":{"chiyangg":11}}]
