{"authorDailyContributionsMap":{"chiyangg":[{"date":"2025-09-10T00:00:00","commitResults":[{"hash":"e8272fcae2d680f9b077bc9db0486112a42f38b6","isMergeCommit":false,"messageTitle":"Rename, Greet, Exit","messageBody":"","tags":["Level-0"],"fileTypesAndContributionMap":{"java":{"insertions":10,"deletions":10}}},{"hash":"86837f4385962d1f4d32bf45f9198f30f0d02793","isMergeCommit":false,"messageTitle":"Echo","messageBody":"","tags":["Level-1"],"fileTypesAndContributionMap":{"java":{"insertions":23,"deletions":2}}},{"hash":"0b838be1178443a506393898a965e6ee0bcfb1e9","isMergeCommit":false,"messageTitle":"Add, List","messageBody":"","tags":["Level-2"],"fileTypesAndContributionMap":{"java":{"insertions":14,"deletions":1}}}]},{"date":"2025-09-13T00:00:00","commitResults":[{"hash":"463e0d3e47fb19798e74a5238aac86327724b870","isMergeCommit":false,"messageTitle":"Mark as Done","messageBody":"","tags":["Level-3"],"fileTypesAndContributionMap":{"java":{"insertions":46,"deletions":2}}},{"hash":"d582a6d13d9a7e3ccc54488f96fa8d77c3773003","isMergeCommit":false,"messageTitle":"Add Todo subclass, add horizontal line for mark and unmark.","messageBody":"","fileTypesAndContributionMap":{"java":{"insertions":24,"deletions":0}}}]},{"date":"2025-09-14T00:00:00","commitResults":[{"hash":"e7b4f1c668eee3829e925cc0e3e213425691433a","isMergeCommit":false,"messageTitle":"add: Deadline subclass, Event subclass, refactor: extract horizontalLine()","messageBody":"","tags":["Level-4"],"fileTypesAndContributionMap":{"java":{"insertions":80,"deletions":17}}}]}]},"authorFileTypeContributionMap":{"chiyangg":{"java":175,"md":0,"fxml":0,"sh":0,"bat":0,"gradle":0,"txt":0}},"authorContributionVariance":{"chiyangg":403.43823},"authorDisplayNameMap":{"chiyangg":"GOH ..YANG"}}
