{"authorDailyContributionsMap":{"chiyangg":[{"date":"2025-09-10T00:00:00","commitResults":[{"hash":"e8272fcae2d680f9b077bc9db0486112a42f38b6","isMergeCommit":false,"messageTitle":"Rename, Greet, Exit","messageBody":"","tags":["Level-0"],"fileTypesAndContributionMap":{"java":{"insertions":10,"deletions":10}}},{"hash":"86837f4385962d1f4d32bf45f9198f30f0d02793","isMergeCommit":false,"messageTitle":"Echo","messageBody":"","tags":["Level-1"],"fileTypesAndContributionMap":{"java":{"insertions":23,"deletions":2}}},{"hash":"0b838be1178443a506393898a965e6ee0bcfb1e9","isMergeCommit":false,"messageTitle":"Add, List","messageBody":"","tags":["Level-2"],"fileTypesAndContributionMap":{"java":{"insertions":14,"deletions":1}}}]},{"date":"2025-09-13T00:00:00","commitResults":[{"hash":"463e0d3e47fb19798e74a5238aac86327724b870","isMergeCommit":false,"messageTitle":"Mark as Done","messageBody":"","tags":["Level-3"],"fileTypesAndContributionMap":{"java":{"insertions":46,"deletions":2}}},{"hash":"d582a6d13d9a7e3ccc54488f96fa8d77c3773003","isMergeCommit":false,"messageTitle":"Add Todo subclass, add horizontal line for mark and unmark.","messageBody":"","fileTypesAndContributionMap":{"java":{"insertions":24,"deletions":0}}}]},{"date":"2025-09-14T00:00:00","commitResults":[{"hash":"e7b4f1c668eee3829e925cc0e3e213425691433a","isMergeCommit":false,"messageTitle":"add: Deadline subclass, Event subclass, refactor: extract horizontalLine()","messageBody":"","tags":["Level-4"],"fileTypesAndContributionMap":{"java":{"insertions":80,"deletions":17}}}]},{"date":"2025-09-20T00:00:00","commitResults":[{"hash":"60daf0dd426ce23d0fa2f73056914ba23720240f","isMergeCommit":false,"messageTitle":"Add EchoException and handle user input errors","messageBody":"","tags":["Level-5"],"fileTypesAndContributionMap":{"java":{"insertions":134,"deletions":68}}}]},{"date":"2025-10-04T00:00:00","commitResults":[{"hash":"0afa541da693a99e0fccc845c78a8eec5fed951e","isMergeCommit":false,"messageTitle":"replace array with ArrayList and add delete functionality","messageBody":"","tags":["Level-6"],"fileTypesAndContributionMap":{"java":{"insertions":42,"deletions":17}}}]},{"date":"2025-10-19T00:00:00","commitResults":[{"hash":"d5e3efb42b70609df16d1d747f8e38bb68134ef5","isMergeCommit":false,"messageTitle":"Add Storage and Parser classes; enable tasks to load and save","messageBody":"","tags":["Level-7"],"fileTypesAndContributionMap":{"java":{"insertions":118,"deletions":14}}}]},{"date":"2025-10-20T00:00:00","commitResults":[{"hash":"e966b61f275558f3916530106be3dd3531c1ae5e","isMergeCommit":true,"messageTitle":"Merge remote-tracking branch \u0027origin/add-gradle-support\u0027","messageBody":"","fileTypesAndContributionMap":{}}]},{"date":"2025-10-21T00:00:00","commitResults":[{"hash":"f13eb6cbc047a0c197012ffd205af4f7475921de","isMergeCommit":false,"messageTitle":"Refactor: extract Ui class and merge Gradle support","messageBody":"","fileTypesAndContributionMap":{"gradle":{"insertions":2,"deletions":2},"java":{"insertions":48,"deletions":15}}},{"hash":"94fb670f93e1e146b8aabec2c0f5c25cb63c6af0","isMergeCommit":false,"messageTitle":"Refactor: extract TaskList class","messageBody":"","fileTypesAndContributionMap":{"java":{"insertions":74,"deletions":38}}},{"hash":"579fd88ffaf7162339b8a89f4ff8aba2d39c5172","isMergeCommit":false,"messageTitle":"Refactor: move all classes into echo package","messageBody":"","fileTypesAndContributionMap":{"java":{"insertions":20,"deletions":2}}}]},{"date":"2025-11-01T00:00:00","commitResults":[{"hash":"16d46d61a9955e74e5310070ff32fba05ba1d28a","isMergeCommit":false,"messageTitle":"Add date/time support for Deadline and Event","messageBody":"","tags":["Level-8"],"fileTypesAndContributionMap":{"java":{"insertions":31,"deletions":23}}},{"hash":"81f50d293230acd9dcd7649142479fed2223933f","isMergeCommit":false,"messageTitle":"Add JavaDoc comments","messageBody":"","fileTypesAndContributionMap":{"java":{"insertions":95,"deletions":5}}},{"hash":"493d49f2f6e31df950d38128231af10acd230c40","isMergeCommit":false,"messageTitle":"Add JUnit tests for Deadline and Parser classes","messageBody":"","fileTypesAndContributionMap":{"java":{"insertions":47,"deletions":0}}},{"hash":"cd0b90ba92ede4d29dc4d0fe8f760735a4ae34b3","isMergeCommit":true,"messageTitle":"Merge remote-tracking branch \u0027upstream/tweak-readme\u0027","messageBody":"","fileTypesAndContributionMap":{}},{"hash":"cba03c4e85f5e91794581807dc3d271943d4c5f4","isMergeCommit":true,"messageTitle":"Merge remote-tracking branch \u0027upstream/add-details-to-readme\u0027","messageBody":"# Conflicts:\n#\tREADME.md\n","fileTypesAndContributionMap":{}}]}]},"authorFileTypeContributionMap":{"chiyangg":{"java":602,"md":0,"fxml":0,"sh":0,"bat":0,"gradle":2,"txt":0}},"authorContributionVariance":{"chiyangg":1656.1459},"authorDisplayNameMap":{"chiyangg":"GOH ..YANG"}}
