[{"path":"src/main/java/Deadline.java","fileType":"java","lines":[{"lineNumber":1,"author":{"gitId":"0103Yuan"},"content":"public class Deadline extends Task {","lastModifiedDate":"2025-09-16T00:00:17","isFullCredit":false},{"lineNumber":2,"author":{"gitId":"0103Yuan"},"content":"    protected String by;","lastModifiedDate":"2025-09-16T00:00:17","isFullCredit":false},{"lineNumber":3,"author":{"gitId":"0103Yuan"},"content":"","lastModifiedDate":"2025-09-16T00:00:17","isFullCredit":false},{"lineNumber":4,"author":{"gitId":"0103Yuan"},"content":"    public Deadline (String description, String by) {","lastModifiedDate":"2025-09-16T00:00:17","isFullCredit":false},{"lineNumber":5,"author":{"gitId":"0103Yuan"},"content":"        super(description);","lastModifiedDate":"2025-09-16T00:00:17","isFullCredit":false},{"lineNumber":6,"author":{"gitId":"0103Yuan"},"content":"        this.by \u003d by;","lastModifiedDate":"2025-09-16T00:00:17","isFullCredit":false},{"lineNumber":7,"author":{"gitId":"0103Yuan"},"content":"    }","lastModifiedDate":"2025-09-16T00:00:17","isFullCredit":false},{"lineNumber":8,"author":{"gitId":"0103Yuan"},"content":"","lastModifiedDate":"2025-09-16T00:00:17","isFullCredit":false},{"lineNumber":9,"author":{"gitId":"0103Yuan"},"content":"    @Override","lastModifiedDate":"2025-09-16T00:00:17","isFullCredit":false},{"lineNumber":10,"author":{"gitId":"0103Yuan"},"content":"    public String toString() {","lastModifiedDate":"2025-09-16T00:00:17","isFullCredit":false},{"lineNumber":11,"author":{"gitId":"0103Yuan"},"content":"        return \"[D] \" + super.toString() + \"(\" + by + \")\";","lastModifiedDate":"2025-09-16T00:00:17","isFullCredit":false},{"lineNumber":12,"author":{"gitId":"0103Yuan"},"content":"    }","lastModifiedDate":"2025-09-16T00:00:17","isFullCredit":false},{"lineNumber":13,"author":{"gitId":"0103Yuan"},"content":"}","lastModifiedDate":"2025-09-16T00:00:17","isFullCredit":false}],"authorContributionMap":{"0103Yuan":13}},{"path":"src/main/java/Event.java","fileType":"java","lines":[{"lineNumber":1,"author":{"gitId":"0103Yuan"},"content":"public class Event extends Task {","lastModifiedDate":"2025-09-16T00:00:17","isFullCredit":false},{"lineNumber":2,"author":{"gitId":"0103Yuan"},"content":"    protected String start;","lastModifiedDate":"2025-09-16T00:00:17","isFullCredit":false},{"lineNumber":3,"author":{"gitId":"0103Yuan"},"content":"    protected String end;","lastModifiedDate":"2025-09-16T00:00:17","isFullCredit":false},{"lineNumber":4,"author":{"gitId":"0103Yuan"},"content":"","lastModifiedDate":"2025-09-16T00:00:17","isFullCredit":false},{"lineNumber":5,"author":{"gitId":"0103Yuan"},"content":"    public Event (String description, String start, String end) {","lastModifiedDate":"2025-09-16T00:00:17","isFullCredit":false},{"lineNumber":6,"author":{"gitId":"0103Yuan"},"content":"        super(description);","lastModifiedDate":"2025-09-16T00:00:17","isFullCredit":false},{"lineNumber":7,"author":{"gitId":"0103Yuan"},"content":"        this.start \u003d start;","lastModifiedDate":"2025-09-16T00:00:17","isFullCredit":false},{"lineNumber":8,"author":{"gitId":"0103Yuan"},"content":"        this.end \u003d end;","lastModifiedDate":"2025-09-16T00:00:17","isFullCredit":false},{"lineNumber":9,"author":{"gitId":"0103Yuan"},"content":"    }","lastModifiedDate":"2025-09-16T00:00:17","isFullCredit":false},{"lineNumber":10,"author":{"gitId":"0103Yuan"},"content":"","lastModifiedDate":"2025-09-16T00:00:17","isFullCredit":false},{"lineNumber":11,"author":{"gitId":"0103Yuan"},"content":"    @Override","lastModifiedDate":"2025-09-16T00:00:17","isFullCredit":false},{"lineNumber":12,"author":{"gitId":"0103Yuan"},"content":"    public String toString() {","lastModifiedDate":"2025-09-16T00:00:17","isFullCredit":false},{"lineNumber":13,"author":{"gitId":"0103Yuan"},"content":"        return \"[E] \" + super.toString() + \"(\" + start + end + \")\";","lastModifiedDate":"2025-09-16T00:00:17","isFullCredit":false},{"lineNumber":14,"author":{"gitId":"0103Yuan"},"content":"    }","lastModifiedDate":"2025-09-16T00:00:17","isFullCredit":false},{"lineNumber":15,"author":{"gitId":"0103Yuan"},"content":"}","lastModifiedDate":"2025-09-16T00:00:17","isFullCredit":false}],"authorContributionMap":{"0103Yuan":15}},{"path":"src/main/java/NoNo.java","fileType":"java","lines":[{"lineNumber":1,"author":{"gitId":"0103Yuan"},"content":"import java.util.Arrays;","lastModifiedDate":"2025-09-02T22:17:26","isFullCredit":false},{"lineNumber":2,"author":{"gitId":"0103Yuan"},"content":"import java.util.Scanner;","lastModifiedDate":"2025-09-02T21:02:33","isFullCredit":false},{"lineNumber":3,"author":{"gitId":"0103Yuan"},"content":"","lastModifiedDate":"2025-09-02T21:02:33","isFullCredit":false},{"lineNumber":4,"author":{"gitId":"0103Yuan"},"content":"public class NoNo {","lastModifiedDate":"2025-09-01T23:31:00","isFullCredit":false},{"lineNumber":5,"author":{"gitId":"0103Yuan"},"content":"    public static void main(String[] args) {","lastModifiedDate":"2025-09-01T23:31:00","isFullCredit":false},{"lineNumber":6,"author":{"gitId":"0103Yuan"},"content":"        System.out.println(\"Hello! I\u0027m NoNo\");","lastModifiedDate":"2025-09-01T23:31:00","isFullCredit":false},{"lineNumber":7,"author":{"gitId":"0103Yuan"},"content":"        System.out.println(\"What can I do for you?\\n\");","lastModifiedDate":"2025-09-01T23:31:00","isFullCredit":false},{"lineNumber":8,"author":{"gitId":"0103Yuan"},"content":"","lastModifiedDate":"2025-09-02T21:02:33","isFullCredit":false},{"lineNumber":9,"author":{"gitId":"0103Yuan"},"content":"        Task[] taskList \u003d new Task[100];","lastModifiedDate":"2025-09-15T19:41:28","isFullCredit":false},{"lineNumber":10,"author":{"gitId":"0103Yuan"},"content":"        int taskNum \u003d 0;","lastModifiedDate":"2025-09-15T19:41:28","isFullCredit":false},{"lineNumber":11,"author":{"gitId":"0103Yuan"},"content":"","lastModifiedDate":"2025-09-15T19:41:28","isFullCredit":false},{"lineNumber":12,"author":{"gitId":"0103Yuan"},"content":"        Scanner in \u003d new Scanner(System.in);","lastModifiedDate":"2025-09-02T21:02:33","isFullCredit":false},{"lineNumber":13,"author":{"gitId":"0103Yuan"},"content":"        String instruction \u003d in.nextLine();","lastModifiedDate":"2025-09-15T19:41:28","isFullCredit":false},{"lineNumber":14,"author":{"gitId":"0103Yuan"},"content":"","lastModifiedDate":"2025-09-15T19:41:28","isFullCredit":false},{"lineNumber":15,"author":{"gitId":"0103Yuan"},"content":"        while (!instruction.equals(\"bye\")){","lastModifiedDate":"2025-09-02T21:02:33","isFullCredit":false},{"lineNumber":16,"author":{"gitId":"0103Yuan"},"content":"            if (instruction.startsWith(\"mark\")) {","lastModifiedDate":"2025-09-15T19:41:28","isFullCredit":false},{"lineNumber":17,"author":{"gitId":"0103Yuan"},"content":"                String[] words \u003d instruction.split(\" \");","lastModifiedDate":"2025-09-15T19:41:28","isFullCredit":false},{"lineNumber":18,"author":{"gitId":"0103Yuan"},"content":"                if (words.length \u003d\u003d 2) {","lastModifiedDate":"2025-09-15T19:41:28","isFullCredit":false},{"lineNumber":19,"author":{"gitId":"0103Yuan"},"content":"                    int numDone \u003d Integer.parseInt(words[1]) - 1; // convert string to num","lastModifiedDate":"2025-09-15T19:41:28","isFullCredit":false},{"lineNumber":20,"author":{"gitId":"0103Yuan"},"content":"                    if (numDone \u003c 0 || numDone \u003e\u003d taskNum ) {","lastModifiedDate":"2025-09-15T19:41:28","isFullCredit":false},{"lineNumber":21,"author":{"gitId":"0103Yuan"},"content":"                        System.out.println(\"Invalid task number\\n\");","lastModifiedDate":"2025-09-15T19:41:28","isFullCredit":false},{"lineNumber":22,"author":{"gitId":"0103Yuan"},"content":"                        instruction \u003d in.nextLine(); // next instruction","lastModifiedDate":"2025-09-15T19:41:28","isFullCredit":false},{"lineNumber":23,"author":{"gitId":"0103Yuan"},"content":"                        continue;","lastModifiedDate":"2025-09-15T19:41:28","isFullCredit":false},{"lineNumber":24,"author":{"gitId":"0103Yuan"},"content":"                    } else {","lastModifiedDate":"2025-09-15T19:41:28","isFullCredit":false},{"lineNumber":25,"author":{"gitId":"0103Yuan"},"content":"                        taskList[numDone].markAsDone(true);","lastModifiedDate":"2025-09-15T19:41:28","isFullCredit":false},{"lineNumber":26,"author":{"gitId":"0103Yuan"},"content":"                        System.out.println(\"Nice! The task is marked as done:\");","lastModifiedDate":"2025-09-15T19:41:28","isFullCredit":false},{"lineNumber":27,"author":{"gitId":"0103Yuan"},"content":"                        System.out.println(\"[\" + taskList[numDone].getStatusIcon() + \"] \" + taskList[numDone] + \"\\n\");","lastModifiedDate":"2025-09-15T19:41:28","isFullCredit":false},{"lineNumber":28,"author":{"gitId":"0103Yuan"},"content":"                    }","lastModifiedDate":"2025-09-15T19:41:28","isFullCredit":false},{"lineNumber":29,"author":{"gitId":"0103Yuan"},"content":"                }","lastModifiedDate":"2025-09-15T19:41:28","isFullCredit":false},{"lineNumber":30,"author":{"gitId":"0103Yuan"},"content":"            } else if (instruction.startsWith(\"unmark\")) {","lastModifiedDate":"2025-09-15T19:41:28","isFullCredit":false},{"lineNumber":31,"author":{"gitId":"0103Yuan"},"content":"                String[] words \u003d instruction.split(\" \");","lastModifiedDate":"2025-09-15T19:41:28","isFullCredit":false},{"lineNumber":32,"author":{"gitId":"0103Yuan"},"content":"                if (words.length \u003d\u003d 2) {","lastModifiedDate":"2025-09-15T19:41:28","isFullCredit":false},{"lineNumber":33,"author":{"gitId":"0103Yuan"},"content":"                    int numDone \u003d Integer.parseInt(words[1]) - 1;","lastModifiedDate":"2025-09-15T19:41:28","isFullCredit":false},{"lineNumber":34,"author":{"gitId":"0103Yuan"},"content":"                    if (numDone \u003c 0 || numDone \u003e\u003d taskNum ) {","lastModifiedDate":"2025-09-15T19:41:28","isFullCredit":false},{"lineNumber":35,"author":{"gitId":"0103Yuan"},"content":"                        System.out.println(\"Invalid task number\\n\");","lastModifiedDate":"2025-09-15T19:41:28","isFullCredit":false},{"lineNumber":36,"author":{"gitId":"0103Yuan"},"content":"                        instruction \u003d in.nextLine(); // next instruction","lastModifiedDate":"2025-09-15T19:41:28","isFullCredit":false},{"lineNumber":37,"author":{"gitId":"0103Yuan"},"content":"                        continue;","lastModifiedDate":"2025-09-15T19:41:28","isFullCredit":false},{"lineNumber":38,"author":{"gitId":"0103Yuan"},"content":"                    } else {","lastModifiedDate":"2025-09-15T19:41:28","isFullCredit":false},{"lineNumber":39,"author":{"gitId":"0103Yuan"},"content":"                        taskList[numDone].markAsDone(false);","lastModifiedDate":"2025-09-15T19:41:28","isFullCredit":false},{"lineNumber":40,"author":{"gitId":"0103Yuan"},"content":"                        System.out.println(\"OK! The task is marked as not done yet:\");","lastModifiedDate":"2025-09-15T19:41:28","isFullCredit":false},{"lineNumber":41,"author":{"gitId":"0103Yuan"},"content":"                        System.out.println(\"[\" + taskList[numDone].getStatusIcon() + \"] \" + taskList[numDone] + \"\\n\");","lastModifiedDate":"2025-09-15T19:41:28","isFullCredit":false},{"lineNumber":42,"author":{"gitId":"0103Yuan"},"content":"                    }","lastModifiedDate":"2025-09-15T19:41:28","isFullCredit":false},{"lineNumber":43,"author":{"gitId":"0103Yuan"},"content":"                }","lastModifiedDate":"2025-09-15T19:41:28","isFullCredit":false},{"lineNumber":44,"author":{"gitId":"0103Yuan"},"content":"            } else if (instruction.equals(\"list\")) {","lastModifiedDate":"2025-09-15T19:41:28","isFullCredit":false},{"lineNumber":45,"author":{"gitId":"0103Yuan"},"content":"                System.out.println(\"to do list: \");","lastModifiedDate":"2025-09-02T22:17:26","isFullCredit":false},{"lineNumber":46,"author":{"gitId":"0103Yuan"},"content":"                if (taskNum \u003d\u003d 0) {","lastModifiedDate":"2025-09-15T19:41:28","isFullCredit":false},{"lineNumber":47,"author":{"gitId":"0103Yuan"},"content":"                    System.out.println(\"no task added yet\\n\");","lastModifiedDate":"2025-09-02T22:17:26","isFullCredit":false},{"lineNumber":48,"author":{"gitId":"0103Yuan"},"content":"                } else {","lastModifiedDate":"2025-09-02T22:17:26","isFullCredit":false},{"lineNumber":49,"author":{"gitId":"0103Yuan"},"content":"                    for (int j \u003d 0; j \u003c taskNum; j++) {","lastModifiedDate":"2025-09-15T19:41:28","isFullCredit":false},{"lineNumber":50,"author":{"gitId":"0103Yuan"},"content":"                        System.out.println((j+1) + \". \" + \"[\" + taskList[j].getStatusIcon() + \"]\" + taskList[j]);","lastModifiedDate":"2025-09-15T19:41:28","isFullCredit":false},{"lineNumber":51,"author":{"gitId":"0103Yuan"},"content":"                    }","lastModifiedDate":"2025-09-02T22:17:26","isFullCredit":false},{"lineNumber":52,"author":{"gitId":"0103Yuan"},"content":"                    System.out.println();","lastModifiedDate":"2025-09-15T19:41:28","isFullCredit":false},{"lineNumber":53,"author":{"gitId":"0103Yuan"},"content":"                }","lastModifiedDate":"2025-09-02T22:17:26","isFullCredit":false},{"lineNumber":54,"author":{"gitId":"0103Yuan"},"content":"            } else if (instruction.startsWith(\"todo\")){  // e.g. todo borrow book","lastModifiedDate":"2025-09-16T00:00:17","isFullCredit":false},{"lineNumber":55,"author":{"gitId":"0103Yuan"},"content":"                String description \u003d instruction.substring(5);","lastModifiedDate":"2025-09-16T00:00:17","isFullCredit":false},{"lineNumber":56,"author":{"gitId":"0103Yuan"},"content":"                Task t \u003d new ToDo(description);","lastModifiedDate":"2025-09-16T00:00:17","isFullCredit":false},{"lineNumber":57,"author":{"gitId":"0103Yuan"},"content":"                taskList[taskNum] \u003d t;","lastModifiedDate":"2025-09-16T00:00:17","isFullCredit":false},{"lineNumber":58,"author":{"gitId":"0103Yuan"},"content":"                System.out.println(\"new task added: \" + t + \"\\n\");","lastModifiedDate":"2025-09-16T00:00:17","isFullCredit":false},{"lineNumber":59,"author":{"gitId":"0103Yuan"},"content":"                taskNum++;","lastModifiedDate":"2025-09-16T00:00:17","isFullCredit":false},{"lineNumber":60,"author":{"gitId":"0103Yuan"},"content":"            } else if (instruction.startsWith(\"deadline\")) { // e.g. deadline return book /by Sunday","lastModifiedDate":"2025-09-16T00:00:17","isFullCredit":false},{"lineNumber":61,"author":{"gitId":"0103Yuan"},"content":"                String description \u003d instruction.substring(9,instruction.indexOf(\"/by \"));","lastModifiedDate":"2025-09-16T00:00:17","isFullCredit":false},{"lineNumber":62,"author":{"gitId":"0103Yuan"},"content":"                String by \u003d instruction.substring(instruction.indexOf(\"by \"));","lastModifiedDate":"2025-09-16T00:00:17","isFullCredit":false},{"lineNumber":63,"author":{"gitId":"0103Yuan"},"content":"                Task t \u003d new Deadline(description, by);","lastModifiedDate":"2025-09-16T00:00:17","isFullCredit":false},{"lineNumber":64,"author":{"gitId":"0103Yuan"},"content":"                taskList[taskNum] \u003d t;","lastModifiedDate":"2025-09-16T00:00:17","isFullCredit":false},{"lineNumber":65,"author":{"gitId":"0103Yuan"},"content":"                System.out.println(\"new task added: \" + t + \"\\n\");","lastModifiedDate":"2025-09-16T00:00:17","isFullCredit":false},{"lineNumber":66,"author":{"gitId":"0103Yuan"},"content":"                taskNum++;","lastModifiedDate":"2025-09-16T00:00:17","isFullCredit":false},{"lineNumber":67,"author":{"gitId":"0103Yuan"},"content":"            } else if (instruction.startsWith(\"event\")) {  // e.g. event project meeting /from Mon 2pm /to 4pm","lastModifiedDate":"2025-09-16T00:00:17","isFullCredit":false},{"lineNumber":68,"author":{"gitId":"0103Yuan"},"content":"                String description \u003d instruction.substring(6,instruction.indexOf(\"/from\"));","lastModifiedDate":"2025-09-16T00:00:17","isFullCredit":false},{"lineNumber":69,"author":{"gitId":"0103Yuan"},"content":"                String start \u003d instruction.substring(instruction.indexOf(\"from\"), instruction.indexOf(\"/to\"));","lastModifiedDate":"2025-09-16T00:00:17","isFullCredit":false},{"lineNumber":70,"author":{"gitId":"0103Yuan"},"content":"                String end \u003d instruction.substring(instruction.indexOf(\"to\"));","lastModifiedDate":"2025-09-16T00:00:17","isFullCredit":false},{"lineNumber":71,"author":{"gitId":"0103Yuan"},"content":"                Task t \u003d new Event (description, start, end);","lastModifiedDate":"2025-09-16T00:00:17","isFullCredit":false},{"lineNumber":72,"author":{"gitId":"0103Yuan"},"content":"                taskList[taskNum] \u003d t;","lastModifiedDate":"2025-09-15T19:41:28","isFullCredit":false},{"lineNumber":73,"author":{"gitId":"0103Yuan"},"content":"                System.out.println(\"new task added: \" + t + \"\\n\");","lastModifiedDate":"2025-09-15T19:41:28","isFullCredit":false},{"lineNumber":74,"author":{"gitId":"0103Yuan"},"content":"                taskNum++;","lastModifiedDate":"2025-09-15T19:41:28","isFullCredit":false},{"lineNumber":75,"author":{"gitId":"0103Yuan"},"content":"            }","lastModifiedDate":"2025-09-02T22:17:26","isFullCredit":false},{"lineNumber":76,"author":{"gitId":"0103Yuan"},"content":"            instruction \u003d in.nextLine(); // next instruction","lastModifiedDate":"2025-09-15T19:41:28","isFullCredit":false},{"lineNumber":77,"author":{"gitId":"0103Yuan"},"content":"        }","lastModifiedDate":"2025-09-02T21:02:33","isFullCredit":false},{"lineNumber":78,"author":{"gitId":"0103Yuan"},"content":"        System.out.println(\"Bye. Hope to see you again soon!\");","lastModifiedDate":"2025-09-01T23:31:00","isFullCredit":false},{"lineNumber":79,"author":{"gitId":"0103Yuan"},"content":"    }","lastModifiedDate":"2025-09-01T23:31:00","isFullCredit":false},{"lineNumber":80,"author":{"gitId":"0103Yuan"},"content":"}","lastModifiedDate":"2025-09-01T23:31:00","isFullCredit":false}],"authorContributionMap":{"0103Yuan":80}},{"path":"src/main/java/Task.java","fileType":"java","lines":[{"lineNumber":1,"author":{"gitId":"0103Yuan"},"content":"public class Task {","lastModifiedDate":"2025-09-15T19:41:28","isFullCredit":false},{"lineNumber":2,"author":{"gitId":"0103Yuan"},"content":"    protected String description;","lastModifiedDate":"2025-09-15T19:41:28","isFullCredit":false},{"lineNumber":3,"author":{"gitId":"0103Yuan"},"content":"    protected boolean isDone;","lastModifiedDate":"2025-09-15T19:41:28","isFullCredit":false},{"lineNumber":4,"author":{"gitId":"0103Yuan"},"content":"","lastModifiedDate":"2025-09-15T19:41:28","isFullCredit":false},{"lineNumber":5,"author":{"gitId":"0103Yuan"},"content":"    public Task(String description) {","lastModifiedDate":"2025-09-15T19:41:28","isFullCredit":false},{"lineNumber":6,"author":{"gitId":"0103Yuan"},"content":"        this.description \u003d description;","lastModifiedDate":"2025-09-15T19:41:28","isFullCredit":false},{"lineNumber":7,"author":{"gitId":"0103Yuan"},"content":"        this.isDone \u003d false;","lastModifiedDate":"2025-09-15T19:41:28","isFullCredit":false},{"lineNumber":8,"author":{"gitId":"0103Yuan"},"content":"    }","lastModifiedDate":"2025-09-15T19:41:28","isFullCredit":false},{"lineNumber":9,"author":{"gitId":"0103Yuan"},"content":"","lastModifiedDate":"2025-09-15T19:41:28","isFullCredit":false},{"lineNumber":10,"author":{"gitId":"0103Yuan"},"content":"    public String getStatusIcon() {","lastModifiedDate":"2025-09-15T19:41:28","isFullCredit":false},{"lineNumber":11,"author":{"gitId":"0103Yuan"},"content":"        return (isDone ? \"X\" : \" \"); // mark done task with X","lastModifiedDate":"2025-09-15T19:41:28","isFullCredit":false},{"lineNumber":12,"author":{"gitId":"0103Yuan"},"content":"    }","lastModifiedDate":"2025-09-15T19:41:28","isFullCredit":false},{"lineNumber":13,"author":{"gitId":"0103Yuan"},"content":"","lastModifiedDate":"2025-09-15T19:41:28","isFullCredit":false},{"lineNumber":14,"author":{"gitId":"0103Yuan"},"content":"    public void markAsDone(boolean status){","lastModifiedDate":"2025-09-15T19:41:28","isFullCredit":false},{"lineNumber":15,"author":{"gitId":"0103Yuan"},"content":"        isDone \u003d status;","lastModifiedDate":"2025-09-15T19:41:28","isFullCredit":false},{"lineNumber":16,"author":{"gitId":"0103Yuan"},"content":"    }","lastModifiedDate":"2025-09-15T19:41:28","isFullCredit":false},{"lineNumber":17,"author":{"gitId":"0103Yuan"},"content":"","lastModifiedDate":"2025-09-15T19:41:28","isFullCredit":false},{"lineNumber":18,"author":{"gitId":"0103Yuan"},"content":"    public String toString() {  // change format","lastModifiedDate":"2025-09-15T19:41:28","isFullCredit":false},{"lineNumber":19,"author":{"gitId":"0103Yuan"},"content":"        return this.description;","lastModifiedDate":"2025-09-15T19:41:28","isFullCredit":false},{"lineNumber":20,"author":{"gitId":"0103Yuan"},"content":"    }","lastModifiedDate":"2025-09-15T19:41:28","isFullCredit":false},{"lineNumber":21,"author":{"gitId":"0103Yuan"},"content":"}","lastModifiedDate":"2025-09-15T19:41:28","isFullCredit":false}],"authorContributionMap":{"0103Yuan":21}},{"path":"src/main/java/ToDo.java","fileType":"java","lines":[{"lineNumber":1,"author":{"gitId":"0103Yuan"},"content":"public class ToDo extends Task {","lastModifiedDate":"2025-09-16T00:00:17","isFullCredit":false},{"lineNumber":2,"author":{"gitId":"0103Yuan"},"content":"","lastModifiedDate":"2025-09-16T00:00:17","isFullCredit":false},{"lineNumber":3,"author":{"gitId":"0103Yuan"},"content":"    public ToDo (String description) {","lastModifiedDate":"2025-09-16T00:00:17","isFullCredit":false},{"lineNumber":4,"author":{"gitId":"0103Yuan"},"content":"        super(description);","lastModifiedDate":"2025-09-16T00:00:17","isFullCredit":false},{"lineNumber":5,"author":{"gitId":"0103Yuan"},"content":"    }","lastModifiedDate":"2025-09-16T00:00:17","isFullCredit":false},{"lineNumber":6,"author":{"gitId":"0103Yuan"},"content":"","lastModifiedDate":"2025-09-16T00:00:17","isFullCredit":false},{"lineNumber":7,"author":{"gitId":"0103Yuan"},"content":"","lastModifiedDate":"2025-09-16T00:00:17","isFullCredit":false},{"lineNumber":8,"author":{"gitId":"0103Yuan"},"content":"    @Override","lastModifiedDate":"2025-09-16T00:00:17","isFullCredit":false},{"lineNumber":9,"author":{"gitId":"0103Yuan"},"content":"    public String toString() {","lastModifiedDate":"2025-09-16T00:00:17","isFullCredit":false},{"lineNumber":10,"author":{"gitId":"0103Yuan"},"content":"        return \"[T] \" + super.toString();","lastModifiedDate":"2025-09-16T00:00:17","isFullCredit":false},{"lineNumber":11,"author":{"gitId":"0103Yuan"},"content":"    }","lastModifiedDate":"2025-09-16T00:00:17","isFullCredit":false},{"lineNumber":12,"author":{"gitId":"0103Yuan"},"content":"","lastModifiedDate":"2025-09-16T00:00:17","isFullCredit":false},{"lineNumber":13,"author":{"gitId":"0103Yuan"},"content":"}","lastModifiedDate":"2025-09-16T00:00:17","isFullCredit":false}],"authorContributionMap":{"0103Yuan":13}}]
