{"authorDailyContributionsMap":{"0103Yuan":[{"date":"2025-09-01T00:00:00","commitResults":[{"hash":"288d8aece0cfa7c8e97dc2726bf85f3cf948e67f","isMergeCommit":false,"messageTitle":"Level 0. Rename, Greet, Exit","messageBody":"","tags":["Level-0"],"fileTypesAndContributionMap":{"java":{"insertions":7,"deletions":10}}}]},{"date":"2025-09-02T00:00:00","commitResults":[{"hash":"a49019114b0bb72edb56c5a3be73924b09b987eb","isMergeCommit":false,"messageTitle":"Level 1. Echo","messageBody":"","tags":["Level-1"],"fileTypesAndContributionMap":{"java":{"insertions":10,"deletions":0}}},{"hash":"3aa052a499fe39dba35d543f1d555ded99b88fb9","isMergeCommit":false,"messageTitle":"Level 2. Add, List","messageBody":"","tags":["Level-2"],"fileTypesAndContributionMap":{"java":{"insertions":17,"deletions":1}}}]},{"date":"2025-09-15T00:00:00","commitResults":[{"hash":"48ea2824741faa63d5ede611658eca88a1c1b7e8","isMergeCommit":false,"messageTitle":"mark as done / not done, add task class","messageBody":"","tags":["Level-3"],"fileTypesAndContributionMap":{"java":{"insertions":64,"deletions":12}}}]},{"date":"2025-09-16T00:00:00","commitResults":[{"hash":"c18ce166f26d22e8a0988ed78a6b2db2fb80d6a5","isMergeCommit":false,"messageTitle":"Level 4. ToDos, Events, Deadlines diff types of tasks inherit from Task class","messageBody":"","tags":["Level-4"],"fileTypesAndContributionMap":{"java":{"insertions":59,"deletions":2}}}]}]},"authorFileTypeContributionMap":{"0103Yuan":{"java":142,"md":0,"fxml":0,"sh":0,"bat":0,"gradle":0,"txt":0}},"authorContributionVariance":{"0103Yuan":223.11777},"authorDisplayNameMap":{"0103Yuan":"KANG..YUAN"}}
