{"authorDailyContributionsMap":{"0103Yuan":[{"date":"2025-09-01T00:00:00","commitResults":[{"hash":"288d8aece0cfa7c8e97dc2726bf85f3cf948e67f","isMergeCommit":false,"messageTitle":"Level 0. Rename, Greet, Exit","messageBody":"","tags":["Level-0"],"fileTypesAndContributionMap":{"java":{"insertions":7,"deletions":10}}}]},{"date":"2025-09-02T00:00:00","commitResults":[{"hash":"a49019114b0bb72edb56c5a3be73924b09b987eb","isMergeCommit":false,"messageTitle":"Level 1. Echo","messageBody":"","tags":["Level-1"],"fileTypesAndContributionMap":{"java":{"insertions":10,"deletions":0}}},{"hash":"3aa052a499fe39dba35d543f1d555ded99b88fb9","isMergeCommit":false,"messageTitle":"Level 2. Add, List","messageBody":"","tags":["Level-2"],"fileTypesAndContributionMap":{"java":{"insertions":17,"deletions":1}}}]},{"date":"2025-09-15T00:00:00","commitResults":[{"hash":"48ea2824741faa63d5ede611658eca88a1c1b7e8","isMergeCommit":false,"messageTitle":"mark as done / not done, add task class","messageBody":"","tags":["Level-3"],"fileTypesAndContributionMap":{"java":{"insertions":64,"deletions":12}}}]},{"date":"2025-09-16T00:00:00","commitResults":[{"hash":"c18ce166f26d22e8a0988ed78a6b2db2fb80d6a5","isMergeCommit":false,"messageTitle":"Level 4. ToDos, Events, Deadlines diff types of tasks inherit from Task class","messageBody":"","tags":["Level-4"],"fileTypesAndContributionMap":{"java":{"insertions":59,"deletions":2}}}]},{"date":"2025-10-04T00:00:00","commitResults":[{"hash":"58bf1a6a2e2740acf2e7716ca02e977048d8a499","isMergeCommit":false,"messageTitle":"handle error messages for todo/deadline/event","messageBody":"","fileTypesAndContributionMap":{"java":{"insertions":93,"deletions":55}}},{"hash":"00197c56feb25f8f09f70cd03f55a2d61de90944","isMergeCommit":false,"messageTitle":"handle error messages for mark/unmark","messageBody":"","tags":["Level-5"],"fileTypesAndContributionMap":{"java":{"insertions":32,"deletions":24}}},{"hash":"6d4cf0cc2f62b1cafe19f2b9193e6547ea57eda9","isMergeCommit":false,"messageTitle":"add the delete function to delete a task from the list","messageBody":"","tags":["Level-6"],"fileTypesAndContributionMap":{"java":{"insertions":35,"deletions":19}}}]},{"date":"2025-10-08T00:00:00","commitResults":[{"hash":"6957efa5962c064c0fbac599d0a480c0068ef1a4","isMergeCommit":false,"messageTitle":"clearer error message","messageBody":"","fileTypesAndContributionMap":{"java":{"insertions":13,"deletions":8}}}]},{"date":"2025-10-22T00:00:00","commitResults":[{"hash":"5e77a0d77f4757bf28945c6ffa0f167fb4c5a3be","isMergeCommit":false,"messageTitle":"Save/load data from the hard disk","messageBody":"","fileTypesAndContributionMap":{"txt":{"insertions":2,"deletions":0},"java":{"insertions":135,"deletions":31}}},{"hash":"77b697d24b267ac061704ed35c386f7323bc6081","isMergeCommit":false,"messageTitle":"others","messageBody":"","fileTypesAndContributionMap":{"bat":{"insertions":1,"deletions":1},"md":{"insertions":3,"deletions":3}}},{"hash":"9dbd24f814859c6d04f5c07a36b4bc4241371343","isMergeCommit":false,"messageTitle":"More OOP","messageBody":"","fileTypesAndContributionMap":{"txt":{"insertions":0,"deletions":1},"java":{"insertions":334,"deletions":140}}},{"hash":"ea9472ee19b8d5fd24413a1ba3a6d9ff231de6cd","isMergeCommit":false,"messageTitle":"Divide classes into packages","messageBody":"","tags":["Level-7"],"fileTypesAndContributionMap":{"txt":{"insertions":1,"deletions":0},"java":{"insertions":36,"deletions":10}}}]},{"date":"2025-10-28T00:00:00","commitResults":[{"hash":"aa6ee0206a9781fc15321ca62d36b065851e593f","isMergeCommit":false,"messageTitle":"understand dates and times","messageBody":"","fileTypesAndContributionMap":{"txt":{"insertions":2,"deletions":1},"java":{"insertions":43,"deletions":11}}},{"hash":"006d1cb7fcc3f5a6b61dc026fae678d8ca28374d","isMergeCommit":false,"messageTitle":"understand times","messageBody":"","tags":["Level-8"],"fileTypesAndContributionMap":{"txt":{"insertions":3,"deletions":2},"java":{"insertions":33,"deletions":23}}}]},{"date":"2025-10-31T00:00:00","commitResults":[{"hash":"af4557ac7411a0cd4f51dcaa22d4620817daa1a4","isMergeCommit":false,"messageTitle":"add JavaDoc comments","messageBody":"","fileTypesAndContributionMap":{"java":{"insertions":295,"deletions":5}}},{"hash":"22b6ea11e506838138a1b2004aa5f1e06a1f905f","isMergeCommit":true,"messageTitle":"Merge branch \u0027add-gradle-support\u0027","messageBody":"","fileTypesAndContributionMap":{}}]},{"date":"2025-11-01T00:00:00","commitResults":[{"hash":"86bbfdf190aed5a5a19be9cbe1d2fe4d5f96f326","isMergeCommit":false,"messageTitle":"add JUnit tests","messageBody":"","fileTypesAndContributionMap":{"java":{"insertions":72,"deletions":0}}},{"hash":"6cc7749e8992429b2c631dcc910d875e79bf7719","isMergeCommit":false,"messageTitle":"check for duplicate tasks before adding","messageBody":"","fileTypesAndContributionMap":{"java":{"insertions":9,"deletions":1}}}]},{"date":"2025-11-02T00:00:00","commitResults":[{"hash":"660a1f39159112096bccd968cb730f828a873d8a","isMergeCommit":false,"messageTitle":"find a task by keyword","messageBody":"","tags":["Level-9"],"fileTypesAndContributionMap":{"java":{"insertions":48,"deletions":2}}}]},{"date":"2025-11-09T00:00:00","commitResults":[{"hash":"6269e4c56b961affd2318f60943cf249adaedf9c","isMergeCommit":false,"messageTitle":"tweak the code to comply with a coding standard","messageBody":"","fileTypesAndContributionMap":{"java":{"insertions":122,"deletions":91}}}]},{"date":"2025-11-11T00:00:00","commitResults":[{"hash":"5af0563f6f4ddf1cbe5c8851a4c47a39ab8d5a70","isMergeCommit":false,"messageTitle":"assertions","messageBody":"","fileTypesAndContributionMap":{"java":{"insertions":29,"deletions":5}}},{"hash":"5d24689e19e01aa6e727a7602ee0667130d6872e","isMergeCommit":false,"messageTitle":"empty task list","messageBody":"","fileTypesAndContributionMap":{"txt":{"insertions":0,"deletions":4}}},{"hash":"ced29433b80829740a6f0b02b38ab6a227add5ae","isMergeCommit":false,"messageTitle":"add a blank line after some error messages","messageBody":"","fileTypesAndContributionMap":{"java":{"insertions":3,"deletions":3}}}]}]},"authorFileTypeContributionMap":{"0103Yuan":{"java":1046,"md":3,"fxml":0,"sh":0,"bat":1,"gradle":0,"txt":0}},"authorContributionVariance":{"0103Yuan":6865.802},"authorDisplayNameMap":{"0103Yuan":"KANG..YUAN"}}
