[{"path":"src/main/java/Deadline.java","fileType":"java","lines":[{"lineNumber":1,"author":{"gitId":"e1291653"},"content":"public class Deadline extends Task {","lastModifiedDate":"2025-09-14T23:53:28","isFullCredit":false},{"lineNumber":2,"author":{"gitId":"e1291653"},"content":"    protected String by;","lastModifiedDate":"2025-09-14T23:53:28","isFullCredit":false},{"lineNumber":3,"author":{"gitId":"e1291653"},"content":"","lastModifiedDate":"2025-09-14T23:53:28","isFullCredit":false},{"lineNumber":4,"author":{"gitId":"e1291653"},"content":"    public Deadline(String description, String by) {","lastModifiedDate":"2025-09-14T23:53:28","isFullCredit":false},{"lineNumber":5,"author":{"gitId":"e1291653"},"content":"        super(description);","lastModifiedDate":"2025-09-14T23:53:28","isFullCredit":false},{"lineNumber":6,"author":{"gitId":"e1291653"},"content":"        this.by \u003d by;","lastModifiedDate":"2025-09-14T23:53:28","isFullCredit":false},{"lineNumber":7,"author":{"gitId":"e1291653"},"content":"    }","lastModifiedDate":"2025-09-14T23:53:28","isFullCredit":false},{"lineNumber":8,"author":{"gitId":"e1291653"},"content":"","lastModifiedDate":"2025-09-14T23:53:28","isFullCredit":false},{"lineNumber":9,"author":{"gitId":"e1291653"},"content":"    @Override","lastModifiedDate":"2025-09-14T23:53:28","isFullCredit":false},{"lineNumber":10,"author":{"gitId":"e1291653"},"content":"    public String toString() {","lastModifiedDate":"2025-09-14T23:53:28","isFullCredit":false},{"lineNumber":11,"author":{"gitId":"e1291653"},"content":"        return \"[D]\" + super.toString() + \" (by: \" + by + \")\";","lastModifiedDate":"2025-09-14T23:53:28","isFullCredit":false},{"lineNumber":12,"author":{"gitId":"e1291653"},"content":"    }","lastModifiedDate":"2025-09-14T23:53:28","isFullCredit":false},{"lineNumber":13,"author":{"gitId":"e1291653"},"content":"}","lastModifiedDate":"2025-09-14T23:53:28","isFullCredit":false}],"authorContributionMap":{"e1291653":13}},{"path":"src/main/java/Event.java","fileType":"java","lines":[{"lineNumber":1,"author":{"gitId":"e1291653"},"content":"public class Event extends Task {","lastModifiedDate":"2025-09-14T23:53:28","isFullCredit":false},{"lineNumber":2,"author":{"gitId":"e1291653"},"content":"    protected String from;","lastModifiedDate":"2025-09-14T23:53:28","isFullCredit":false},{"lineNumber":3,"author":{"gitId":"e1291653"},"content":"    protected String to;","lastModifiedDate":"2025-09-14T23:53:28","isFullCredit":false},{"lineNumber":4,"author":{"gitId":"e1291653"},"content":"","lastModifiedDate":"2025-09-14T23:53:28","isFullCredit":false},{"lineNumber":5,"author":{"gitId":"e1291653"},"content":"    public Event(String description, String from, String to) {","lastModifiedDate":"2025-09-14T23:53:28","isFullCredit":false},{"lineNumber":6,"author":{"gitId":"e1291653"},"content":"        super(description);","lastModifiedDate":"2025-09-14T23:53:28","isFullCredit":false},{"lineNumber":7,"author":{"gitId":"e1291653"},"content":"        this.from \u003d from;","lastModifiedDate":"2025-09-14T23:53:28","isFullCredit":false},{"lineNumber":8,"author":{"gitId":"e1291653"},"content":"        this.to \u003d to;","lastModifiedDate":"2025-09-14T23:53:28","isFullCredit":false},{"lineNumber":9,"author":{"gitId":"e1291653"},"content":"    }","lastModifiedDate":"2025-09-14T23:53:28","isFullCredit":false},{"lineNumber":10,"author":{"gitId":"e1291653"},"content":"","lastModifiedDate":"2025-09-14T23:53:28","isFullCredit":false},{"lineNumber":11,"author":{"gitId":"e1291653"},"content":"    @Override","lastModifiedDate":"2025-09-14T23:53:28","isFullCredit":false},{"lineNumber":12,"author":{"gitId":"e1291653"},"content":"    public String toString() {","lastModifiedDate":"2025-09-14T23:53:28","isFullCredit":false},{"lineNumber":13,"author":{"gitId":"e1291653"},"content":"        return \"[E]\" + super.toString() + \" (from: \" + from + \" to: \" + to + \")\";","lastModifiedDate":"2025-09-14T23:53:28","isFullCredit":false},{"lineNumber":14,"author":{"gitId":"e1291653"},"content":"    }","lastModifiedDate":"2025-09-14T23:53:28","isFullCredit":false},{"lineNumber":15,"author":{"gitId":"e1291653"},"content":"}","lastModifiedDate":"2025-09-14T23:53:28","isFullCredit":false},{"lineNumber":16,"author":{"gitId":"e1291653"},"content":"","lastModifiedDate":"2025-09-14T23:53:28","isFullCredit":false}],"authorContributionMap":{"e1291653":16}},{"path":"src/main/java/Kev.java","fileType":"java","lines":[{"lineNumber":1,"author":{"gitId":"e1291653"},"content":"import java.util.Scanner;","lastModifiedDate":"2025-09-14T23:22:42","isFullCredit":false},{"lineNumber":2,"author":{"gitId":"e1291653"},"content":"","lastModifiedDate":"2025-09-14T23:22:42","isFullCredit":false},{"lineNumber":3,"author":{"gitId":"e1291653"},"content":"public class Kev {","lastModifiedDate":"2025-09-14T23:22:42","isFullCredit":false},{"lineNumber":4,"author":{"gitId":"e1291653"},"content":"    public static void main(String[] args) {","lastModifiedDate":"2025-09-14T23:22:42","isFullCredit":false},{"lineNumber":5,"author":{"gitId":"e1291653"},"content":"        Scanner sc \u003d new Scanner(System.in);","lastModifiedDate":"2025-09-14T23:22:42","isFullCredit":false},{"lineNumber":6,"author":{"gitId":"e1291653"},"content":"        Task[] tasks \u003d new Task[100];","lastModifiedDate":"2025-09-14T23:53:28","isFullCredit":false},{"lineNumber":7,"author":{"gitId":"e1291653"},"content":"        int taskCount \u003d 0;","lastModifiedDate":"2025-09-14T23:22:42","isFullCredit":false},{"lineNumber":8,"author":{"gitId":"e1291653"},"content":"","lastModifiedDate":"2025-09-14T23:22:42","isFullCredit":false},{"lineNumber":9,"author":{"gitId":"e1291653"},"content":"        String input;","lastModifiedDate":"2025-09-14T23:22:42","isFullCredit":false},{"lineNumber":10,"author":{"gitId":"e1291653"},"content":"","lastModifiedDate":"2025-09-14T23:22:42","isFullCredit":false},{"lineNumber":11,"author":{"gitId":"e1291653"},"content":"        System.out.println(\"____________________________________________________________\");","lastModifiedDate":"2025-09-14T23:22:42","isFullCredit":false},{"lineNumber":12,"author":{"gitId":"e1291653"},"content":"        System.out.println(\" Hello! I\u0027m Kev\");","lastModifiedDate":"2025-09-14T23:22:42","isFullCredit":false},{"lineNumber":13,"author":{"gitId":"e1291653"},"content":"        System.out.println(\" What can I do for you?\");","lastModifiedDate":"2025-09-14T23:22:42","isFullCredit":false},{"lineNumber":14,"author":{"gitId":"e1291653"},"content":"        System.out.println(\"____________________________________________________________\");","lastModifiedDate":"2025-09-14T23:22:42","isFullCredit":false},{"lineNumber":15,"author":{"gitId":"e1291653"},"content":"","lastModifiedDate":"2025-09-14T23:22:42","isFullCredit":false},{"lineNumber":16,"author":{"gitId":"e1291653"},"content":"        //to loop until exit condition is satisfied","lastModifiedDate":"2025-09-14T23:22:42","isFullCredit":false},{"lineNumber":17,"author":{"gitId":"e1291653"},"content":"        while (true) {","lastModifiedDate":"2025-09-14T23:22:42","isFullCredit":false},{"lineNumber":18,"author":{"gitId":"e1291653"},"content":"            input \u003d sc.nextLine().trim();  //to read user input","lastModifiedDate":"2025-09-14T23:22:42","isFullCredit":false},{"lineNumber":19,"author":{"gitId":"e1291653"},"content":"","lastModifiedDate":"2025-09-14T23:22:42","isFullCredit":false},{"lineNumber":20,"author":{"gitId":"e1291653"},"content":"            if (input.equalsIgnoreCase(\"bye\")) {  //exit condition","lastModifiedDate":"2025-09-14T23:22:42","isFullCredit":false},{"lineNumber":21,"author":{"gitId":"e1291653"},"content":"                System.out.println(\"____________________________________________________________\");","lastModifiedDate":"2025-09-14T23:22:42","isFullCredit":false},{"lineNumber":22,"author":{"gitId":"e1291653"},"content":"                System.out.println(\" Bye. Hope to see you again soon!\");","lastModifiedDate":"2025-09-14T23:22:42","isFullCredit":false},{"lineNumber":23,"author":{"gitId":"e1291653"},"content":"                System.out.println(\"____________________________________________________________\");","lastModifiedDate":"2025-09-14T23:22:42","isFullCredit":false},{"lineNumber":24,"author":{"gitId":"e1291653"},"content":"                break;","lastModifiedDate":"2025-09-14T23:22:42","isFullCredit":false},{"lineNumber":25,"author":{"gitId":"e1291653"},"content":"            }","lastModifiedDate":"2025-09-14T23:22:42","isFullCredit":false},{"lineNumber":26,"author":{"gitId":"e1291653"},"content":"","lastModifiedDate":"2025-09-14T23:22:42","isFullCredit":false},{"lineNumber":27,"author":{"gitId":"e1291653"},"content":"            else if (input.equalsIgnoreCase(\"list\")) {","lastModifiedDate":"2025-09-14T23:22:42","isFullCredit":false},{"lineNumber":28,"author":{"gitId":"e1291653"},"content":"                //to display stored tasks","lastModifiedDate":"2025-09-14T23:22:42","isFullCredit":false},{"lineNumber":29,"author":{"gitId":"e1291653"},"content":"                System.out.println(\"____________________________________________________________\");","lastModifiedDate":"2025-09-14T23:22:42","isFullCredit":false},{"lineNumber":30,"author":{"gitId":"e1291653"},"content":"                for (int i \u003d 0; i \u003c taskCount; i++) {","lastModifiedDate":"2025-09-14T23:22:42","isFullCredit":false},{"lineNumber":31,"author":{"gitId":"e1291653"},"content":"                    System.out.println(\" \" + (i + 1) + \". \" + tasks[i]);","lastModifiedDate":"2025-09-14T23:22:42","isFullCredit":false},{"lineNumber":32,"author":{"gitId":"e1291653"},"content":"                }","lastModifiedDate":"2025-09-14T23:22:42","isFullCredit":false},{"lineNumber":33,"author":{"gitId":"e1291653"},"content":"                System.out.println(\"____________________________________________________________\");","lastModifiedDate":"2025-09-14T23:22:42","isFullCredit":false},{"lineNumber":34,"author":{"gitId":"e1291653"},"content":"            }","lastModifiedDate":"2025-09-14T23:22:42","isFullCredit":false},{"lineNumber":35,"author":{"gitId":"e1291653"},"content":"            else if (input.startsWith(\"mark \")) {","lastModifiedDate":"2025-09-14T23:53:28","isFullCredit":false},{"lineNumber":36,"author":{"gitId":"e1291653"},"content":"                int idx \u003d Integer.parseInt(input.split(\" \")[1]) - 1;","lastModifiedDate":"2025-09-14T23:53:28","isFullCredit":false},{"lineNumber":37,"author":{"gitId":"e1291653"},"content":"                if (idx \u003e\u003d 0 \u0026\u0026 idx \u003c taskCount) {","lastModifiedDate":"2025-09-14T23:53:28","isFullCredit":false},{"lineNumber":38,"author":{"gitId":"e1291653"},"content":"                    tasks[idx].markAsDone();","lastModifiedDate":"2025-09-14T23:53:28","isFullCredit":false},{"lineNumber":39,"author":{"gitId":"e1291653"},"content":"                    System.out.println(\"____________________________________________________________\");","lastModifiedDate":"2025-09-14T23:53:28","isFullCredit":false},{"lineNumber":40,"author":{"gitId":"e1291653"},"content":"                    System.out.println(\" Nice! I\u0027ve marked this task as done:\");","lastModifiedDate":"2025-09-14T23:53:28","isFullCredit":false},{"lineNumber":41,"author":{"gitId":"e1291653"},"content":"                    System.out.println(\"   \" + tasks[idx]);","lastModifiedDate":"2025-09-14T23:53:28","isFullCredit":false},{"lineNumber":42,"author":{"gitId":"e1291653"},"content":"                    System.out.println(\"____________________________________________________________\");","lastModifiedDate":"2025-09-14T23:53:28","isFullCredit":false},{"lineNumber":43,"author":{"gitId":"e1291653"},"content":"                }","lastModifiedDate":"2025-09-14T23:53:28","isFullCredit":false},{"lineNumber":44,"author":{"gitId":"e1291653"},"content":"            } else if (input.startsWith(\"unmark \")) {","lastModifiedDate":"2025-09-14T23:53:28","isFullCredit":false},{"lineNumber":45,"author":{"gitId":"e1291653"},"content":"                int idx \u003d Integer.parseInt(input.split(\" \")[1]) - 1;","lastModifiedDate":"2025-09-14T23:53:28","isFullCredit":false},{"lineNumber":46,"author":{"gitId":"e1291653"},"content":"                if (idx \u003e\u003d 0 \u0026\u0026 idx \u003c taskCount) {","lastModifiedDate":"2025-09-14T23:53:28","isFullCredit":false},{"lineNumber":47,"author":{"gitId":"e1291653"},"content":"                    tasks[idx].markAsNotDone();","lastModifiedDate":"2025-09-14T23:53:28","isFullCredit":false},{"lineNumber":48,"author":{"gitId":"e1291653"},"content":"                    System.out.println(\"____________________________________________________________\");","lastModifiedDate":"2025-09-14T23:53:28","isFullCredit":false},{"lineNumber":49,"author":{"gitId":"e1291653"},"content":"                    System.out.println(\" OK, I\u0027ve marked this task as not done yet:\");","lastModifiedDate":"2025-09-14T23:53:28","isFullCredit":false},{"lineNumber":50,"author":{"gitId":"e1291653"},"content":"                    System.out.println(\"   \" + tasks[idx]);","lastModifiedDate":"2025-09-14T23:53:28","isFullCredit":false},{"lineNumber":51,"author":{"gitId":"e1291653"},"content":"                    System.out.println(\"____________________________________________________________\");","lastModifiedDate":"2025-09-14T23:53:28","isFullCredit":false},{"lineNumber":52,"author":{"gitId":"e1291653"},"content":"                }","lastModifiedDate":"2025-09-14T23:53:28","isFullCredit":false},{"lineNumber":53,"author":{"gitId":"e1291653"},"content":"            }","lastModifiedDate":"2025-09-14T23:53:28","isFullCredit":false},{"lineNumber":54,"author":{"gitId":"e1291653"},"content":"            else if (input.startsWith(\"todo \")) {","lastModifiedDate":"2025-09-14T23:53:28","isFullCredit":false},{"lineNumber":55,"author":{"gitId":"e1291653"},"content":"                String desc \u003d input.substring(5).trim();","lastModifiedDate":"2025-09-14T23:53:28","isFullCredit":false},{"lineNumber":56,"author":{"gitId":"e1291653"},"content":"                tasks[taskCount++] \u003d new Todo(desc);","lastModifiedDate":"2025-09-14T23:53:28","isFullCredit":false},{"lineNumber":57,"author":{"gitId":"e1291653"},"content":"                System.out.println(\" Got it. I\u0027ve added this task:\");","lastModifiedDate":"2025-09-14T23:53:28","isFullCredit":false},{"lineNumber":58,"author":{"gitId":"e1291653"},"content":"                System.out.println(\"   \" + tasks[taskCount - 1]);","lastModifiedDate":"2025-09-14T23:53:28","isFullCredit":false},{"lineNumber":59,"author":{"gitId":"e1291653"},"content":"                System.out.println(\" Now you have \" + taskCount + \" tasks in the list.\");","lastModifiedDate":"2025-09-14T23:53:28","isFullCredit":false},{"lineNumber":60,"author":{"gitId":"e1291653"},"content":"            }","lastModifiedDate":"2025-09-14T23:53:28","isFullCredit":false},{"lineNumber":61,"author":{"gitId":"e1291653"},"content":"            else if (input.startsWith(\"deadline \")) {","lastModifiedDate":"2025-09-14T23:53:28","isFullCredit":false},{"lineNumber":62,"author":{"gitId":"e1291653"},"content":"                String[] parts \u003d input.substring(9).split(\"/by\", 2);","lastModifiedDate":"2025-09-14T23:53:28","isFullCredit":false},{"lineNumber":63,"author":{"gitId":"e1291653"},"content":"                String desc \u003d parts[0].trim();","lastModifiedDate":"2025-09-14T23:53:28","isFullCredit":false},{"lineNumber":64,"author":{"gitId":"e1291653"},"content":"                String by \u003d parts[1].trim();","lastModifiedDate":"2025-09-14T23:53:28","isFullCredit":false},{"lineNumber":65,"author":{"gitId":"e1291653"},"content":"                tasks[taskCount++] \u003d new Deadline(desc, by);","lastModifiedDate":"2025-09-14T23:53:28","isFullCredit":false},{"lineNumber":66,"author":{"gitId":"e1291653"},"content":"                System.out.println(\" Got it. I\u0027ve added this task:\");","lastModifiedDate":"2025-09-14T23:53:28","isFullCredit":false},{"lineNumber":67,"author":{"gitId":"e1291653"},"content":"                System.out.println(\"   \" + tasks[taskCount - 1]);","lastModifiedDate":"2025-09-14T23:53:28","isFullCredit":false},{"lineNumber":68,"author":{"gitId":"e1291653"},"content":"                System.out.println(\" Now you have \" + taskCount + \" tasks in the list.\");","lastModifiedDate":"2025-09-14T23:53:28","isFullCredit":false},{"lineNumber":69,"author":{"gitId":"e1291653"},"content":"            }","lastModifiedDate":"2025-09-14T23:53:28","isFullCredit":false},{"lineNumber":70,"author":{"gitId":"e1291653"},"content":"            else if (input.startsWith(\"event \")) {","lastModifiedDate":"2025-09-14T23:53:28","isFullCredit":false},{"lineNumber":71,"author":{"gitId":"e1291653"},"content":"                String[] parts \u003d input.substring(6).split(\"/from|/to\");","lastModifiedDate":"2025-09-14T23:53:28","isFullCredit":false},{"lineNumber":72,"author":{"gitId":"e1291653"},"content":"                String desc \u003d parts[0].trim();","lastModifiedDate":"2025-09-14T23:53:28","isFullCredit":false},{"lineNumber":73,"author":{"gitId":"e1291653"},"content":"                String from \u003d parts[1].trim();","lastModifiedDate":"2025-09-14T23:53:28","isFullCredit":false},{"lineNumber":74,"author":{"gitId":"e1291653"},"content":"                String to \u003d parts[2].trim();","lastModifiedDate":"2025-09-14T23:53:28","isFullCredit":false},{"lineNumber":75,"author":{"gitId":"e1291653"},"content":"                tasks[taskCount++] \u003d new Event(desc, from, to);","lastModifiedDate":"2025-09-14T23:53:28","isFullCredit":false},{"lineNumber":76,"author":{"gitId":"e1291653"},"content":"                System.out.println(\" Got it. I\u0027ve added this task:\");","lastModifiedDate":"2025-09-14T23:53:28","isFullCredit":false},{"lineNumber":77,"author":{"gitId":"e1291653"},"content":"                System.out.println(\"   \" + tasks[taskCount - 1]);","lastModifiedDate":"2025-09-14T23:53:28","isFullCredit":false},{"lineNumber":78,"author":{"gitId":"e1291653"},"content":"                System.out.println(\" Now you have \" + taskCount + \" tasks in the list.\");","lastModifiedDate":"2025-09-14T23:53:28","isFullCredit":false},{"lineNumber":79,"author":{"gitId":"e1291653"},"content":"            }","lastModifiedDate":"2025-09-14T23:53:28","isFullCredit":false},{"lineNumber":80,"author":{"gitId":"e1291653"},"content":"","lastModifiedDate":"2025-09-14T23:22:42","isFullCredit":false},{"lineNumber":81,"author":{"gitId":"e1291653"},"content":"            else {","lastModifiedDate":"2025-09-14T23:22:42","isFullCredit":false},{"lineNumber":82,"author":{"gitId":"e1291653"},"content":"                //to store tasks","lastModifiedDate":"2025-09-14T23:22:42","isFullCredit":false},{"lineNumber":83,"author":{"gitId":"e1291653"},"content":"                if (taskCount \u003c tasks.length) {","lastModifiedDate":"2025-09-14T23:22:42","isFullCredit":false},{"lineNumber":84,"author":{"gitId":"e1291653"},"content":"                    tasks[taskCount] \u003d new Task(input);","lastModifiedDate":"2025-09-14T23:53:28","isFullCredit":false},{"lineNumber":85,"author":{"gitId":"e1291653"},"content":"                    taskCount++;","lastModifiedDate":"2025-09-14T23:22:42","isFullCredit":false},{"lineNumber":86,"author":{"gitId":"e1291653"},"content":"                    System.out.println(\"____________________________________________________________\");","lastModifiedDate":"2025-09-14T23:22:42","isFullCredit":false},{"lineNumber":87,"author":{"gitId":"e1291653"},"content":"                    System.out.println(\" added: \" + input);","lastModifiedDate":"2025-09-14T23:22:42","isFullCredit":false},{"lineNumber":88,"author":{"gitId":"e1291653"},"content":"                    System.out.println(\"____________________________________________________________\");","lastModifiedDate":"2025-09-14T23:22:42","isFullCredit":false},{"lineNumber":89,"author":{"gitId":"e1291653"},"content":"                } else {","lastModifiedDate":"2025-09-14T23:22:42","isFullCredit":false},{"lineNumber":90,"author":{"gitId":"e1291653"},"content":"                    System.out.println(\"____________________________________________________________\");","lastModifiedDate":"2025-09-14T23:22:42","isFullCredit":false},{"lineNumber":91,"author":{"gitId":"e1291653"},"content":"                    System.out.println(\" Cannot add more tasks, storage full!\");","lastModifiedDate":"2025-09-14T23:22:42","isFullCredit":false},{"lineNumber":92,"author":{"gitId":"e1291653"},"content":"                    System.out.println(\"____________________________________________________________\");","lastModifiedDate":"2025-09-14T23:22:42","isFullCredit":false},{"lineNumber":93,"author":{"gitId":"e1291653"},"content":"                }","lastModifiedDate":"2025-09-14T23:22:42","isFullCredit":false},{"lineNumber":94,"author":{"gitId":"e1291653"},"content":"            }","lastModifiedDate":"2025-09-14T23:22:42","isFullCredit":false},{"lineNumber":95,"author":{"gitId":"e1291653"},"content":"        }","lastModifiedDate":"2025-09-14T23:22:42","isFullCredit":false},{"lineNumber":96,"author":{"gitId":"e1291653"},"content":"        sc.close();","lastModifiedDate":"2025-09-14T23:22:42","isFullCredit":false},{"lineNumber":97,"author":{"gitId":"e1291653"},"content":"    }","lastModifiedDate":"2025-09-14T23:22:42","isFullCredit":false},{"lineNumber":98,"author":{"gitId":"e1291653"},"content":"}","lastModifiedDate":"2025-09-14T23:22:42","isFullCredit":false},{"lineNumber":99,"author":{"gitId":"e1291653"},"content":"","lastModifiedDate":"2025-09-14T23:22:42","isFullCredit":false}],"authorContributionMap":{"e1291653":99}},{"path":"src/main/java/Task.java","fileType":"java","lines":[{"lineNumber":1,"author":{"gitId":"e1291653"},"content":"public class Task {","lastModifiedDate":"2025-09-14T23:53:28","isFullCredit":false},{"lineNumber":2,"author":{"gitId":"e1291653"},"content":"    protected String description;","lastModifiedDate":"2025-09-14T23:53:28","isFullCredit":false},{"lineNumber":3,"author":{"gitId":"e1291653"},"content":"    protected boolean isDone;","lastModifiedDate":"2025-09-14T23:53:28","isFullCredit":false},{"lineNumber":4,"author":{"gitId":"e1291653"},"content":"","lastModifiedDate":"2025-09-14T23:53:28","isFullCredit":false},{"lineNumber":5,"author":{"gitId":"e1291653"},"content":"    public Task(String description) {","lastModifiedDate":"2025-09-14T23:53:28","isFullCredit":false},{"lineNumber":6,"author":{"gitId":"e1291653"},"content":"        this.description \u003d description;","lastModifiedDate":"2025-09-14T23:53:28","isFullCredit":false},{"lineNumber":7,"author":{"gitId":"e1291653"},"content":"        this.isDone \u003d false;","lastModifiedDate":"2025-09-14T23:53:28","isFullCredit":false},{"lineNumber":8,"author":{"gitId":"e1291653"},"content":"    }","lastModifiedDate":"2025-09-14T23:53:28","isFullCredit":false},{"lineNumber":9,"author":{"gitId":"e1291653"},"content":"","lastModifiedDate":"2025-09-14T23:53:28","isFullCredit":false},{"lineNumber":10,"author":{"gitId":"e1291653"},"content":"    public void markAsDone() {","lastModifiedDate":"2025-09-14T23:53:28","isFullCredit":false},{"lineNumber":11,"author":{"gitId":"e1291653"},"content":"        isDone \u003d true;","lastModifiedDate":"2025-09-14T23:53:28","isFullCredit":false},{"lineNumber":12,"author":{"gitId":"e1291653"},"content":"    }","lastModifiedDate":"2025-09-14T23:53:28","isFullCredit":false},{"lineNumber":13,"author":{"gitId":"e1291653"},"content":"","lastModifiedDate":"2025-09-14T23:53:28","isFullCredit":false},{"lineNumber":14,"author":{"gitId":"e1291653"},"content":"    public void markAsNotDone() {","lastModifiedDate":"2025-09-14T23:53:28","isFullCredit":false},{"lineNumber":15,"author":{"gitId":"e1291653"},"content":"        isDone \u003d false;","lastModifiedDate":"2025-09-14T23:53:28","isFullCredit":false},{"lineNumber":16,"author":{"gitId":"e1291653"},"content":"    }","lastModifiedDate":"2025-09-14T23:53:28","isFullCredit":false},{"lineNumber":17,"author":{"gitId":"e1291653"},"content":"","lastModifiedDate":"2025-09-14T23:53:28","isFullCredit":false},{"lineNumber":18,"author":{"gitId":"e1291653"},"content":"    public String getStatusIcon() {","lastModifiedDate":"2025-09-14T23:53:28","isFullCredit":false},{"lineNumber":19,"author":{"gitId":"e1291653"},"content":"        return (isDone ? \"X\" : \" \");","lastModifiedDate":"2025-09-14T23:53:28","isFullCredit":false},{"lineNumber":20,"author":{"gitId":"e1291653"},"content":"    }","lastModifiedDate":"2025-09-14T23:53:28","isFullCredit":false},{"lineNumber":21,"author":{"gitId":"e1291653"},"content":"","lastModifiedDate":"2025-09-14T23:53:28","isFullCredit":false},{"lineNumber":22,"author":{"gitId":"e1291653"},"content":"    @Override","lastModifiedDate":"2025-09-14T23:53:28","isFullCredit":false},{"lineNumber":23,"author":{"gitId":"e1291653"},"content":"    public String toString() {","lastModifiedDate":"2025-09-14T23:53:28","isFullCredit":false},{"lineNumber":24,"author":{"gitId":"e1291653"},"content":"        return \"[\" + getStatusIcon() + \"] \" + description;","lastModifiedDate":"2025-09-14T23:53:28","isFullCredit":false},{"lineNumber":25,"author":{"gitId":"e1291653"},"content":"    }","lastModifiedDate":"2025-09-14T23:53:28","isFullCredit":false},{"lineNumber":26,"author":{"gitId":"e1291653"},"content":"}","lastModifiedDate":"2025-09-14T23:53:28","isFullCredit":false}],"authorContributionMap":{"e1291653":26}},{"path":"src/main/java/Todo.java","fileType":"java","lines":[{"lineNumber":1,"author":{"gitId":"e1291653"},"content":"public class Todo extends Task {","lastModifiedDate":"2025-09-14T23:53:28","isFullCredit":false},{"lineNumber":2,"author":{"gitId":"e1291653"},"content":"","lastModifiedDate":"2025-09-14T23:53:28","isFullCredit":false},{"lineNumber":3,"author":{"gitId":"e1291653"},"content":"    public Todo(String description) {","lastModifiedDate":"2025-09-14T23:53:28","isFullCredit":false},{"lineNumber":4,"author":{"gitId":"e1291653"},"content":"        super(description);","lastModifiedDate":"2025-09-14T23:53:28","isFullCredit":false},{"lineNumber":5,"author":{"gitId":"e1291653"},"content":"    }","lastModifiedDate":"2025-09-14T23:53:28","isFullCredit":false},{"lineNumber":6,"author":{"gitId":"e1291653"},"content":"","lastModifiedDate":"2025-09-14T23:53:28","isFullCredit":false},{"lineNumber":7,"author":{"gitId":"e1291653"},"content":"    @Override","lastModifiedDate":"2025-09-14T23:53:28","isFullCredit":false},{"lineNumber":8,"author":{"gitId":"e1291653"},"content":"    public String toString() {","lastModifiedDate":"2025-09-14T23:53:28","isFullCredit":false},{"lineNumber":9,"author":{"gitId":"e1291653"},"content":"        return \"[T]\" + super.toString();","lastModifiedDate":"2025-09-14T23:53:28","isFullCredit":false},{"lineNumber":10,"author":{"gitId":"e1291653"},"content":"    }","lastModifiedDate":"2025-09-14T23:53:28","isFullCredit":false},{"lineNumber":11,"author":{"gitId":"e1291653"},"content":"}","lastModifiedDate":"2025-09-14T23:53:28","isFullCredit":false}],"authorContributionMap":{"e1291653":11}},{"path":"text-ui-test/input.txt","fileType":"txt","lines":[{"lineNumber":1,"author":{"gitId":"e1291653"},"content":"","lastModifiedDate":"2025-09-14T23:53:28","isFullCredit":false}],"authorContributionMap":{"e1291653":1}}]
