{"authorDailyContributionsMap":{"e1291653":[{"date":"2025-09-14T00:00:00","commitResults":[{"hash":"c5f1c6dc9533d5a4745d4714ccbcb98a40158da9","isMergeCommit":false,"messageTitle":"chatbot week 3","messageBody":"","fileTypesAndContributionMap":{"java":{"insertions":54,"deletions":10}}},{"hash":"120cef46a8aea95178485ca4e580b5222fb51411","isMergeCommit":false,"messageTitle":"week 4 \u0026 5 chatbot","messageBody":"","fileTypesAndContributionMap":{"txt":{"insertions":1,"deletions":0},"java":{"insertions":113,"deletions":2}}}]}]},"authorFileTypeContributionMap":{"e1291653":{"java":165,"md":0,"fxml":0,"sh":0,"bat":0,"gradle":0,"txt":1}},"authorContributionVariance":{"e1291653":753.06116},"authorDisplayNameMap":{"e1291653":"KANG..ANNA"}}
