{"authorDailyContributionsMap":{"e1291653":[{"date":"2025-09-14T00:00:00","commitResults":[{"hash":"c5f1c6dc9533d5a4745d4714ccbcb98a40158da9","isMergeCommit":false,"messageTitle":"chatbot week 3","messageBody":"","fileTypesAndContributionMap":{"java":{"insertions":54,"deletions":10}}},{"hash":"120cef46a8aea95178485ca4e580b5222fb51411","isMergeCommit":false,"messageTitle":"week 4 \u0026 5 chatbot","messageBody":"","fileTypesAndContributionMap":{"txt":{"insertions":1,"deletions":0},"java":{"insertions":113,"deletions":2}}}]},{"date":"2025-11-04T00:00:00","commitResults":[{"hash":"efb43433ccabaa1dda0dcb4f2cecc065eb6e2698","isMergeCommit":false,"messageTitle":"week6","messageBody":"","fileTypesAndContributionMap":{"java":{"insertions":148,"deletions":101}}},{"hash":"6bcf7a946d989c157d77baf9f5517b11b564205b","isMergeCommit":false,"messageTitle":"week8","messageBody":"","fileTypesAndContributionMap":{"txt":{"insertions":3,"deletions":0},"java":{"insertions":184,"deletions":33}}}]},{"date":"2025-11-06T00:00:00","commitResults":[{"hash":"d89a2f70e944283a62177a73a797498a08ef44f4","isMergeCommit":false,"messageTitle":"week8tasks","messageBody":"","fileTypesAndContributionMap":{"txt":{"insertions":2,"deletions":2},"java":{"insertions":522,"deletions":276}}}]},{"date":"2025-11-15T00:00:00","commitResults":[{"hash":"60d38f9a12003171697fadf85e07b02aa561df1c","isMergeCommit":false,"messageTitle":"week 9","messageBody":"","fileTypesAndContributionMap":{"txt":{"insertions":3,"deletions":3},"java":{"insertions":173,"deletions":41}}},{"hash":"310df5946a851eee1de9005a9bbc250eff8ddd01","isMergeCommit":true,"messageTitle":"Merge remote-tracking branch \u0027upstream/add-gradle-support\u0027","messageBody":"","fileTypesAndContributionMap":{}},{"hash":"aa0ec0e5c182df5f58bfb801c700ab53885ae6dc","isMergeCommit":true,"messageTitle":"Merge remote-tracking branch \u0027upstream/tweak-readme\u0027","messageBody":"","fileTypesAndContributionMap":{}},{"hash":"b1ae7581a398c42fad399fac26973a2b21fbee49","isMergeCommit":false,"messageTitle":"week9tasks","messageBody":"","fileTypesAndContributionMap":{"gradle":{"insertions":2,"deletions":2},"txt":{"insertions":4,"deletions":0},"java":{"insertions":665,"deletions":52}}},{"hash":"7b174d55ab2943eabf8e5b9bb228c81706f983ca","isMergeCommit":false,"messageTitle":"week 10","messageBody":"","fileTypesAndContributionMap":{"txt":{"insertions":3,"deletions":1},"java":{"insertions":338,"deletions":0}}},{"hash":"537e2907a0814cc7c94a8df9d173a766a1680c76","isMergeCommit":false,"messageTitle":"reminder function week 10","messageBody":"","fileTypesAndContributionMap":{"txt":{"insertions":2,"deletions":0},"java":{"insertions":217,"deletions":50}}},{"hash":"c0227d3ce3659b76190d27048c24cafa29ed9814","isMergeCommit":false,"messageTitle":"week 11","messageBody":"","fileTypesAndContributionMap":{"gradle":{"insertions":2,"deletions":0},"txt":{"insertions":0,"deletions":1},"java":{"insertions":164,"deletions":16}}}]},{"date":"2025-11-16T00:00:00","commitResults":[{"hash":"b8870b19d08b35c15d3f891809466da1709b8dde","isMergeCommit":false,"messageTitle":"final submission version","messageBody":"","fileTypesAndContributionMap":{"gradle":{"insertions":26,"deletions":3},"txt":{"insertions":1,"deletions":1},"java":{"insertions":322,"deletions":91}}}]}]},"authorFileTypeContributionMap":{"e1291653":{"java":2238,"md":0,"fxml":0,"sh":0,"bat":0,"gradle":28,"txt":11}},"authorContributionVariance":{"e1291653":38010.008},"authorDisplayNameMap":{"e1291653":"KANG..ANNA"}}
