[{"path":"src/main/java/ChaseBot.java","fileType":"java","lines":[{"lineNumber":1,"author":{"gitId":"Chasecaii"},"content":"import java.util.ArrayList;","lastModifiedDate":"2025-09-14T17:59:48","isFullCredit":false},{"lineNumber":2,"author":{"gitId":"Chasecaii"},"content":"import java.util.Scanner;","lastModifiedDate":"2025-09-14T17:14:56","isFullCredit":false},{"lineNumber":3,"author":{"gitId":"Chasecaii"},"content":"","lastModifiedDate":"2025-09-14T17:14:56","isFullCredit":false},{"lineNumber":4,"author":{"gitId":"Chasecaii"},"content":"public class ChaseBot {","lastModifiedDate":"2025-09-14T17:19:58","isFullCredit":false},{"lineNumber":5,"author":{"gitId":"Chasecaii"},"content":"    public static void main(String[] args) {","lastModifiedDate":"2025-09-14T17:14:56","isFullCredit":false},{"lineNumber":6,"author":{"gitId":"Chasecaii"},"content":"        System.out.println(\"Hello! I\u0027m Duke\");","lastModifiedDate":"2025-09-14T18:34:05","isFullCredit":false},{"lineNumber":7,"author":{"gitId":"Chasecaii"},"content":"        System.out.println(\"What can I do for you?\");","lastModifiedDate":"2025-09-14T17:14:56","isFullCredit":false},{"lineNumber":8,"author":{"gitId":"Chasecaii"},"content":"","lastModifiedDate":"2025-09-14T17:14:56","isFullCredit":false},{"lineNumber":9,"author":{"gitId":"Chasecaii"},"content":"        Scanner sc \u003d new Scanner(System.in);","lastModifiedDate":"2025-09-14T17:14:56","isFullCredit":false},{"lineNumber":10,"author":{"gitId":"Chasecaii"},"content":"        ArrayList\u003cTask\u003e tasks \u003d new ArrayList\u003c\u003e();","lastModifiedDate":"2025-09-14T18:34:05","isFullCredit":false},{"lineNumber":11,"author":{"gitId":"Chasecaii"},"content":"","lastModifiedDate":"2025-09-14T17:59:48","isFullCredit":false},{"lineNumber":12,"author":{"gitId":"Chasecaii"},"content":"        while (true) {","lastModifiedDate":"2025-09-14T17:14:56","isFullCredit":false},{"lineNumber":13,"author":{"gitId":"Chasecaii"},"content":"            String line \u003d sc.nextLine().trim();","lastModifiedDate":"2025-09-14T18:34:05","isFullCredit":false},{"lineNumber":14,"author":{"gitId":"Chasecaii"},"content":"            if (line.equals(\"bye\")) {","lastModifiedDate":"2025-09-14T17:14:56","isFullCredit":false},{"lineNumber":15,"author":{"gitId":"Chasecaii"},"content":"                System.out.println(\"Bye. Hope to see you again soon!\");","lastModifiedDate":"2025-09-14T17:59:48","isFullCredit":false},{"lineNumber":16,"author":{"gitId":"Chasecaii"},"content":"                break;","lastModifiedDate":"2025-09-14T17:14:56","isFullCredit":false},{"lineNumber":17,"author":{"gitId":"Chasecaii"},"content":"            } else if (line.equals(\"list\")) {","lastModifiedDate":"2025-09-14T17:59:48","isFullCredit":false},{"lineNumber":18,"author":{"gitId":"Chasecaii"},"content":"                for (int i \u003d 0; i \u003c tasks.size(); i++) {","lastModifiedDate":"2025-09-14T17:59:48","isFullCredit":false},{"lineNumber":19,"author":{"gitId":"Chasecaii"},"content":"                    System.out.println((i + 1) + \". \" + tasks.get(i));","lastModifiedDate":"2025-09-14T17:59:48","isFullCredit":false},{"lineNumber":20,"author":{"gitId":"Chasecaii"},"content":"                }","lastModifiedDate":"2025-09-14T17:59:48","isFullCredit":false},{"lineNumber":21,"author":{"gitId":"Chasecaii"},"content":"            } else if (line.startsWith(\"mark \")) {","lastModifiedDate":"2025-09-14T18:34:05","isFullCredit":false},{"lineNumber":22,"author":{"gitId":"Chasecaii"},"content":"                int idx \u003d Integer.parseInt(line.substring(5).trim()) - 1;","lastModifiedDate":"2025-09-14T18:34:05","isFullCredit":false},{"lineNumber":23,"author":{"gitId":"Chasecaii"},"content":"                if (0 \u003c\u003d idx \u0026\u0026 idx \u003c tasks.size()) {","lastModifiedDate":"2025-09-14T18:34:05","isFullCredit":false},{"lineNumber":24,"author":{"gitId":"Chasecaii"},"content":"                    tasks.get(idx).mark();","lastModifiedDate":"2025-09-14T18:34:05","isFullCredit":false},{"lineNumber":25,"author":{"gitId":"Chasecaii"},"content":"                    System.out.println(\"Nice! I\u0027ve marked this task as done:\");","lastModifiedDate":"2025-09-14T18:34:05","isFullCredit":false},{"lineNumber":26,"author":{"gitId":"Chasecaii"},"content":"                    System.out.println(\"  \" + tasks.get(idx));","lastModifiedDate":"2025-09-14T18:34:05","isFullCredit":false},{"lineNumber":27,"author":{"gitId":"Chasecaii"},"content":"                }","lastModifiedDate":"2025-09-14T18:34:05","isFullCredit":false},{"lineNumber":28,"author":{"gitId":"Chasecaii"},"content":"            } else if (line.startsWith(\"unmark \")) {","lastModifiedDate":"2025-09-14T18:34:05","isFullCredit":false},{"lineNumber":29,"author":{"gitId":"Chasecaii"},"content":"                int idx \u003d Integer.parseInt(line.substring(7).trim()) - 1;","lastModifiedDate":"2025-09-14T18:34:05","isFullCredit":false},{"lineNumber":30,"author":{"gitId":"Chasecaii"},"content":"                if (0 \u003c\u003d idx \u0026\u0026 idx \u003c tasks.size()) {","lastModifiedDate":"2025-09-14T18:34:05","isFullCredit":false},{"lineNumber":31,"author":{"gitId":"Chasecaii"},"content":"                    tasks.get(idx).unmark();","lastModifiedDate":"2025-09-14T18:34:05","isFullCredit":false},{"lineNumber":32,"author":{"gitId":"Chasecaii"},"content":"                    System.out.println(\"OK, I\u0027ve marked this task as not done yet:\");","lastModifiedDate":"2025-09-14T18:34:05","isFullCredit":false},{"lineNumber":33,"author":{"gitId":"Chasecaii"},"content":"                    System.out.println(\"  \" + tasks.get(idx));","lastModifiedDate":"2025-09-14T18:34:05","isFullCredit":false},{"lineNumber":34,"author":{"gitId":"Chasecaii"},"content":"                }","lastModifiedDate":"2025-09-14T18:34:05","isFullCredit":false},{"lineNumber":35,"author":{"gitId":"Chasecaii"},"content":"            } else {","lastModifiedDate":"2025-09-14T17:19:58","isFullCredit":false},{"lineNumber":36,"author":{"gitId":"Chasecaii"},"content":"                Task t \u003d new Task(line);","lastModifiedDate":"2025-09-14T18:34:05","isFullCredit":false},{"lineNumber":37,"author":{"gitId":"Chasecaii"},"content":"                tasks.add(t);","lastModifiedDate":"2025-09-14T18:34:05","isFullCredit":false},{"lineNumber":38,"author":{"gitId":"Chasecaii"},"content":"                System.out.println(\"added: \" + line);","lastModifiedDate":"2025-09-14T17:59:48","isFullCredit":false},{"lineNumber":39,"author":{"gitId":"Chasecaii"},"content":"            }","lastModifiedDate":"2025-09-14T17:14:56","isFullCredit":false},{"lineNumber":40,"author":{"gitId":"Chasecaii"},"content":"        }","lastModifiedDate":"2025-09-14T17:14:56","isFullCredit":false},{"lineNumber":41,"author":{"gitId":"Chasecaii"},"content":"        sc.close();","lastModifiedDate":"2025-09-14T17:14:56","isFullCredit":false},{"lineNumber":42,"author":{"gitId":"Chasecaii"},"content":"    }","lastModifiedDate":"2025-09-14T17:14:56","isFullCredit":false},{"lineNumber":43,"author":{"gitId":"Chasecaii"},"content":"}","lastModifiedDate":"2025-09-14T17:14:56","isFullCredit":false}],"authorContributionMap":{"Chasecaii":43}},{"path":"src/main/java/Task.java","fileType":"java","lines":[{"lineNumber":1,"author":{"gitId":"Chasecaii"},"content":"public class Task {","lastModifiedDate":"2025-09-14T18:34:05","isFullCredit":false},{"lineNumber":2,"author":{"gitId":"Chasecaii"},"content":"    private final String description;","lastModifiedDate":"2025-09-14T18:34:05","isFullCredit":false},{"lineNumber":3,"author":{"gitId":"Chasecaii"},"content":"    private boolean isDone;","lastModifiedDate":"2025-09-14T18:34:05","isFullCredit":false},{"lineNumber":4,"author":{"gitId":"Chasecaii"},"content":"","lastModifiedDate":"2025-09-14T18:34:05","isFullCredit":false},{"lineNumber":5,"author":{"gitId":"Chasecaii"},"content":"    public Task(String description) {","lastModifiedDate":"2025-09-14T18:34:05","isFullCredit":false},{"lineNumber":6,"author":{"gitId":"Chasecaii"},"content":"        this.description \u003d description;","lastModifiedDate":"2025-09-14T18:34:05","isFullCredit":false},{"lineNumber":7,"author":{"gitId":"Chasecaii"},"content":"        this.isDone \u003d false;","lastModifiedDate":"2025-09-14T18:34:05","isFullCredit":false},{"lineNumber":8,"author":{"gitId":"Chasecaii"},"content":"    }","lastModifiedDate":"2025-09-14T18:34:05","isFullCredit":false},{"lineNumber":9,"author":{"gitId":"Chasecaii"},"content":"","lastModifiedDate":"2025-09-14T18:34:05","isFullCredit":false},{"lineNumber":10,"author":{"gitId":"Chasecaii"},"content":"    public void mark() { this.isDone \u003d true; }","lastModifiedDate":"2025-09-14T18:34:05","isFullCredit":false},{"lineNumber":11,"author":{"gitId":"Chasecaii"},"content":"","lastModifiedDate":"2025-09-14T18:34:05","isFullCredit":false},{"lineNumber":12,"author":{"gitId":"Chasecaii"},"content":"    public void unmark() { this.isDone \u003d false; }","lastModifiedDate":"2025-09-14T18:34:05","isFullCredit":false},{"lineNumber":13,"author":{"gitId":"Chasecaii"},"content":"","lastModifiedDate":"2025-09-14T18:34:05","isFullCredit":false},{"lineNumber":14,"author":{"gitId":"Chasecaii"},"content":"    public String getStatusIcon() {","lastModifiedDate":"2025-09-14T18:34:05","isFullCredit":false},{"lineNumber":15,"author":{"gitId":"Chasecaii"},"content":"        return isDone ? \"X\" : \" \";","lastModifiedDate":"2025-09-14T18:34:05","isFullCredit":false},{"lineNumber":16,"author":{"gitId":"Chasecaii"},"content":"    }","lastModifiedDate":"2025-09-14T18:34:05","isFullCredit":false},{"lineNumber":17,"author":{"gitId":"Chasecaii"},"content":"","lastModifiedDate":"2025-09-14T18:34:05","isFullCredit":false},{"lineNumber":18,"author":{"gitId":"Chasecaii"},"content":"    @Override","lastModifiedDate":"2025-09-14T18:34:05","isFullCredit":false},{"lineNumber":19,"author":{"gitId":"Chasecaii"},"content":"    public String toString() {","lastModifiedDate":"2025-09-14T18:34:05","isFullCredit":false},{"lineNumber":20,"author":{"gitId":"Chasecaii"},"content":"        return \"[\" + getStatusIcon() + \"] \" + description;","lastModifiedDate":"2025-09-14T18:34:05","isFullCredit":false},{"lineNumber":21,"author":{"gitId":"Chasecaii"},"content":"    }","lastModifiedDate":"2025-09-14T18:34:05","isFullCredit":false},{"lineNumber":22,"author":{"gitId":"Chasecaii"},"content":"}","lastModifiedDate":"2025-09-14T18:34:05","isFullCredit":false}],"authorContributionMap":{"Chasecaii":22}}]
