{"authorDailyContributionsMap":{"Chasecaii":[{"date":"2025-09-14T00:00:00","commitResults":[{"hash":"ad9a7a6dd8bd86b4f3865d01ec6858f19a583543","isMergeCommit":false,"messageTitle":"Level-0: greet and exit","messageBody":"","tags":["Level-0-greet-and-exit"],"fileTypesAndContributionMap":{"java":{"insertions":15,"deletions":6}}},{"hash":"6bc4dec1e929af020955d7f9f783c101b7ac2035","isMergeCommit":false,"messageTitle":"Create ChaseBot.java","messageBody":"","fileTypesAndContributionMap":{"java":{"insertions":19,"deletions":0}}},{"hash":"693faf856d080423d04b6cae1c314df682279d77","isMergeCommit":false,"messageTitle":"Delete Duke.java","messageBody":"","fileTypesAndContributionMap":{"java":{"insertions":0,"deletions":19}}},{"hash":"1d676f521f2b1fe19ff312f7fa096fef1c33854a","isMergeCommit":false,"messageTitle":"Update ChaseBot.java","messageBody":"","tags":["Level-1-Echo"],"fileTypesAndContributionMap":{"java":{"insertions":3,"deletions":1}}},{"hash":"e871e65fba636e4a7a228b6fb2e1fba26aef0def","isMergeCommit":false,"messageTitle":"Level-2: add and list tasks","messageBody":"","tags":["Level-2-add-and-list-tasks"],"fileTypesAndContributionMap":{"java":{"insertions":12,"deletions":4}}},{"hash":"75c40568592a2296f7bb91d893227df95b1b868e","isMergeCommit":false,"messageTitle":"Level-3: Mark as Done","messageBody":"","tags":["Level-3-mark-as-done"],"fileTypesAndContributionMap":{"java":{"insertions":41,"deletions":5}}},{"hash":"722c046097ef2f79ad91e957e2089b908ae57922","isMergeCommit":false,"messageTitle":"Level-3: mark as done","messageBody":"","fileTypesAndContributionMap":{"java":{"insertions":41,"deletions":5}}}]},{"date":"2025-10-21T00:00:00","commitResults":[{"hash":"b124e288007e41ca805cfb442b1a99ae34bbb231","isMergeCommit":false,"messageTitle":"Level-4: ToDo, Event, Deadline","messageBody":"","fileTypesAndContributionMap":{"java":{"insertions":87,"deletions":8}}},{"hash":"928317b2a20e1f9811569887d1c2b08c9049a115","isMergeCommit":false,"messageTitle":"Level-5: Handle Errors","messageBody":"","fileTypesAndContributionMap":{"java":{"insertions":108,"deletions":63}}},{"hash":"e090933927815f04934791010d79f8edb83710d2","isMergeCommit":false,"messageTitle":"Level-6: Delete","messageBody":"","fileTypesAndContributionMap":{"java":{"insertions":33,"deletions":4}}},{"hash":"31739166898257e2b9d1d1a4dec1ba2f854fe626","isMergeCommit":false,"messageTitle":"Level-7: Save","messageBody":"","fileTypesAndContributionMap":{"txt":{"insertions":2,"deletions":0},"java":{"insertions":118,"deletions":18}}},{"hash":"5fc53b8ba5a73d8bc879e29f67d35cc23611ea95","isMergeCommit":false,"messageTitle":"Level-8: Dates and Times","messageBody":"","fileTypesAndContributionMap":{"txt":{"insertions":5,"deletions":0},"java":{"insertions":46,"deletions":8}}},{"hash":"da11e38bd8d73210b9929c22ab6efeb2b3107f93","isMergeCommit":false,"messageTitle":"Level-9: Find","messageBody":"","fileTypesAndContributionMap":{"txt":{"insertions":3,"deletions":0},"java":{"insertions":25,"deletions":0}}}]},{"date":"2025-11-04T00:00:00","commitResults":[{"hash":"c8380ce17a9881d15c8f0e2d4c1c4d7e92904bc5","isMergeCommit":false,"messageTitle":"B-DoAfterTasks","messageBody":"","fileTypesAndContributionMap":{"java":{"insertions":42,"deletions":1}}},{"hash":"9d220138817d93c40e17bebfc76ad1b7ac04ec37","isMergeCommit":false,"messageTitle":"C-NaturalDates","messageBody":"","fileTypesAndContributionMap":{"java":{"insertions":108,"deletions":20}}}]},{"date":"2025-11-06T00:00:00","commitResults":[{"hash":"d19109e94f58a06db0bb3a8b786d53dee0e81034","isMergeCommit":false,"messageTitle":"tidy up","messageBody":"","fileTypesAndContributionMap":{"gradle":{"insertions":18,"deletions":0},"java":{"insertions":13,"deletions":3}}},{"hash":"252d5c52adf94b13835d48b352f47919978b3a09","isMergeCommit":false,"messageTitle":"Revert \"tidy up\"","messageBody":"This reverts commit d19109e94f58a06db0bb3a8b786d53dee0e81034.\n","fileTypesAndContributionMap":{"gradle":{"insertions":0,"deletions":18},"java":{"insertions":3,"deletions":13}}},{"hash":"c72b70f0aa309edecc112845fcb2d80de439834f","isMergeCommit":false,"messageTitle":"Revert \"Create ChaseBot.java\"","messageBody":"This reverts commit 6bc4dec1e929af020955d7f9f783c101b7ac2035.\n","fileTypesAndContributionMap":{"gradle":{"insertions":28,"deletions":0},"txt":{"insertions":0,"deletions":0}}},{"hash":"b3480cbc7b9e9e304ad0e1e2ea13657b50bc06b9","isMergeCommit":false,"messageTitle":"tidy-up-start","messageBody":"","fileTypesAndContributionMap":{"java":{"insertions":12,"deletions":2}}},{"hash":"20f0278d2a1f60d821ab656141eba1c28ff21b18","isMergeCommit":false,"messageTitle":"JavaDoc\u0026Assertion","messageBody":"","fileTypesAndContributionMap":{"java":{"insertions":45,"deletions":1}}}]},{"date":"2025-11-13T00:00:00","commitResults":[{"hash":"04a7238db39d7cb105ab72112cd5119210889c33","isMergeCommit":false,"messageTitle":"Add remarks","messageBody":"","fileTypesAndContributionMap":{"gradle":{"insertions":4,"deletions":0},"java":{"insertions":15,"deletions":1}}}]}]},"authorFileTypeContributionMap":{"Chasecaii":{"java":578,"md":0,"fxml":0,"sh":0,"bat":0,"gradle":32,"txt":10}},"authorContributionVariance":{"Chasecaii":3443.875},"authorDisplayNameMap":{"Chasecaii":"CAI ..CONG"}}
