{"authorDailyContributionsMap":{"Chasecaii":[{"date":"2025-09-14T00:00:00","commitResults":[{"hash":"ad9a7a6dd8bd86b4f3865d01ec6858f19a583543","isMergeCommit":false,"messageTitle":"Level-0: greet and exit","messageBody":"","fileTypesAndContributionMap":{"java":{"insertions":15,"deletions":6}}},{"hash":"6bc4dec1e929af020955d7f9f783c101b7ac2035","isMergeCommit":false,"messageTitle":"Create ChaseBot.java","messageBody":"","fileTypesAndContributionMap":{"java":{"insertions":19,"deletions":0}}},{"hash":"693faf856d080423d04b6cae1c314df682279d77","isMergeCommit":false,"messageTitle":"Delete Duke.java","messageBody":"","fileTypesAndContributionMap":{"java":{"insertions":0,"deletions":19}}},{"hash":"1d676f521f2b1fe19ff312f7fa096fef1c33854a","isMergeCommit":false,"messageTitle":"Update ChaseBot.java","messageBody":"","fileTypesAndContributionMap":{"java":{"insertions":3,"deletions":1}}},{"hash":"e871e65fba636e4a7a228b6fb2e1fba26aef0def","isMergeCommit":false,"messageTitle":"Level-2: add and list tasks","messageBody":"","fileTypesAndContributionMap":{"java":{"insertions":12,"deletions":4}}},{"hash":"75c40568592a2296f7bb91d893227df95b1b868e","isMergeCommit":false,"messageTitle":"Level-3: Mark as Done","messageBody":"","fileTypesAndContributionMap":{"java":{"insertions":41,"deletions":5}}},{"hash":"722c046097ef2f79ad91e957e2089b908ae57922","isMergeCommit":false,"messageTitle":"Level-3: mark as done","messageBody":"","fileTypesAndContributionMap":{"java":{"insertions":41,"deletions":5}}}]}]},"authorFileTypeContributionMap":{"Chasecaii":{"java":65,"md":0,"fxml":0,"sh":0,"bat":0,"gradle":0,"txt":0}},"authorContributionVariance":{"Chasecaii":679.6378},"authorDisplayNameMap":{"Chasecaii":"CAI ..CONG"}}
