{"repoSenseVersion":"13aa2f327a","reportGeneratedTime":"Tue, 16 Sep 2025 22:48:01 UTC+08:00","reportGenerationTime":" 2.38 second(s)","zoneId":"UTC+08:00","reportTitle":"RepoSense Report","repos":[{"location":{"location":"https://github.com/freshwaterlemon/duke.git","repoName":"duke","organization":"freshwaterlemon","domainName":"github"},"branch":"master","displayName":"freshwaterlemon/duke[master]","outputFolderName":"freshwaterlemon_duke_master","sinceDate":"2025-08-04T00:00:00","untilDate":"2025-09-16T23:59:59"},{"location":{"location":"https://github.com/Chasecaii/duke.git","repoName":"duke","organization":"Chasecaii","domainName":"github"},"branch":"master","displayName":"Chasecaii/duke[master]","outputFolderName":"Chasecaii_duke_master","sinceDate":"2025-08-04T00:00:00","untilDate":"2025-09-16T23:59:59"},{"location":{"location":"https://github.com/chiyangg/duke.git","repoName":"duke","organization":"chiyangg","domainName":"github"},"branch":"master","displayName":"chiyangg/duke[master]","outputFolderName":"chiyangg_duke_master","sinceDate":"2025-08-04T00:00:00","untilDate":"2025-09-16T23:59:59"},{"location":{"location":"https://github.com/Novianaghovin/duke.git","repoName":"duke","organization":"Novianaghovin","domainName":"github"},"branch":"master","displayName":"Novianaghovin/duke[master]","outputFolderName":"Novianaghovin_duke_master","sinceDate":"2025-08-04T00:00:00","untilDate":"2025-09-16T23:59:59"},{"location":{"location":"https://github.com/0103Yuan/duke.git","repoName":"duke","organization":"0103Yuan","domainName":"github"},"branch":"master","displayName":"0103Yuan/duke[master]","outputFolderName":"0103Yuan_duke_master","sinceDate":"2025-08-04T00:00:00","untilDate":"2025-09-16T23:59:59"},{"location":{"location":"https://github.com/thebunnymama/duke.git","repoName":"duke","organization":"thebunnymama","domainName":"github"},"branch":"master","displayName":"thebunnymama/duke[master]","outputFolderName":"thebunnymama_duke_master","sinceDate":"2025-08-04T00:00:00","untilDate":"2025-09-16T23:59:59"},{"location":{"location":"https://github.com/chenqian-97/duke.git","repoName":"duke","organization":"chenqian-97","domainName":"github"},"branch":"master","displayName":"chenqian-97/duke[master]","outputFolderName":"chenqian-97_duke_master","sinceDate":"2025-08-04T00:00:00","untilDate":"2025-09-16T23:59:59"},{"location":{"location":"https://github.com/vhxy17/duke.git","repoName":"duke","organization":"vhxy17","domainName":"github"},"branch":"master","displayName":"vhxy17/duke[master]","outputFolderName":"vhxy17_duke_master","sinceDate":"2025-08-04T00:00:00","untilDate":"2025-09-16T23:59:59"},{"location":{"location":"https://github.com/Ron-Gan/duke.git","repoName":"duke","organization":"Ron-Gan","domainName":"github"},"branch":"master","displayName":"Ron-Gan/duke[master]","outputFolderName":"Ron-Gan_duke_master","sinceDate":"2025-08-04T00:00:00","untilDate":"2025-09-16T23:59:59"},{"location":{"location":"https://github.com/Qinggus/duke.git","repoName":"duke","organization":"Qinggus","domainName":"github"},"branch":"master","displayName":"Qinggus/duke[master]","outputFolderName":"Qinggus_duke_master","sinceDate":"2025-08-04T00:00:00","untilDate":"2025-09-16T23:59:59"},{"location":{"location":"https://github.com/Sylowie/duke.git","repoName":"duke","organization":"Sylowie","domainName":"github"},"branch":"master","displayName":"Sylowie/duke[master]","outputFolderName":"Sylowie_duke_master","sinceDate":"2025-08-04T00:00:00","untilDate":"2025-09-16T23:59:59"},{"location":{"location":"https://github.com/jiahao2112/duke.git","repoName":"duke","organization":"jiahao2112","domainName":"github"},"branch":"master","displayName":"jiahao2112/duke[master]","outputFolderName":"jiahao2112_duke_master","sinceDate":"2025-08-04T00:00:00","untilDate":"2025-09-16T23:59:59"},{"location":{"location":"https://github.com/e1291653/duke.git","repoName":"duke","organization":"e1291653","domainName":"github"},"branch":"master","displayName":"e1291653/duke[master]","outputFolderName":"e1291653_duke_master","sinceDate":"2025-08-04T00:00:00","untilDate":"2025-09-16T23:59:59"},{"location":{"location":"https://github.com/Veggiebird/duke.git","repoName":"duke","organization":"Veggiebird","domainName":"github"},"branch":"master","displayName":"Veggiebird/duke[master]","outputFolderName":"Veggiebird_duke_master","sinceDate":"2025-08-04T00:00:00","untilDate":"2025-09-16T23:59:59"},{"location":{"location":"https://github.com/daxsn/duke.git","repoName":"duke","organization":"daxsn","domainName":"github"},"branch":"master","displayName":"daxsn/duke[master]","outputFolderName":"daxsn_duke_master","sinceDate":"2025-08-04T00:00:00","untilDate":"2025-09-16T23:59:59"}],"errorSet":[{"repoName":"IDrinkTeh/duke[master]","errorMessage":"Failed to clone from https://github.com/IDrinkTeh/duke.git"}],"sinceDate":"2025-08-04T00:00:00","untilDate":"2025-09-16T23:59:59","isSinceDateProvided":true,"isUntilDateProvided":false,"supportedDomainUrlMap":{"NOT_RECOGNIZED":{"BRANCH":"","REPO_URL":"UNSUPPORTED","BASE_URL":"UNSUPPORTED","HISTORY_PATH":"","COMMIT_PATH":"","BLAME_PATH":""},"github":{"BRANCH":"tree/$BRANCH","REPO_URL":"https://github.com/$ORGANIZATION/$REPO_NAME/","BASE_URL":"https://github.com/","HISTORY_PATH":"commits/$BRANCH/$FILE_PATH","COMMIT_PATH":"commit/$COMMIT_HASH","BLAME_PATH":"blame/$BRANCH/$FILE_PATH"}},"isAuthorshipAnalyzed":false,"repoBlurbs":{"blurbMap":{}},"authorBlurbs":{"blurbMap":{}},"chartBlurbs":{"blurbMap":{}},"isPortfolio":false}
