{"authorDailyContributionsMap":{"jiahao2112":[{"date":"2025-08-27T00:00:00","commitResults":[{"hash":"ce9b48b866cfe2c0d477e903d66fdb5607b6d322","isMergeCommit":false,"messageTitle":"add greet and exit function","messageBody":"","tags":["Level-0"],"fileTypesAndContributionMap":{"java":{"insertions":17,"deletions":10},"bat":{"insertions":1,"deletions":1},"md":{"insertions":3,"deletions":3}}},{"hash":"ccd0a470db1746fa011ce559e12abf4ca1671f4a","isMergeCommit":false,"messageTitle":"add echo function","messageBody":"","tags":["Level-1"],"fileTypesAndContributionMap":{"java":{"insertions":18,"deletions":1}}}]},{"date":"2025-08-29T00:00:00","commitResults":[{"hash":"f70e023112ce508cc51e8300e3c6b372995cdc1f","isMergeCommit":false,"messageTitle":"add list and add function","messageBody":"","tags":["Level-2"],"fileTypesAndContributionMap":{"java":{"insertions":31,"deletions":12}}}]},{"date":"2025-09-05T00:00:00","commitResults":[{"hash":"6577856fc7019188f680805b4629c11cbd12a8a6","isMergeCommit":false,"messageTitle":"Restructure and add mark task function","messageBody":"","tags":["Level-3"],"fileTypesAndContributionMap":{"java":{"insertions":106,"deletions":25}}},{"hash":"967c5b453a9db04e24118220cf387415ea0eaa46","isMergeCommit":false,"messageTitle":"Text UI testing","messageBody":"","tags":["A-TextUiTesting"],"fileTypesAndContributionMap":{"txt":{"insertions":9,"deletions":0}}},{"hash":"1225d16ca513b2c1ff6fc3bcde5a876c0cc96272","isMergeCommit":false,"messageTitle":"add todo, deadline, event","messageBody":"","tags":["Level-4"],"fileTypesAndContributionMap":{"txt":{"insertions":4,"deletions":2},"java":{"insertions":113,"deletions":15}}}]},{"date":"2025-09-09T00:00:00","commitResults":[{"hash":"9b32cb32f83a4b812054da35e27edbebd7c93264","isMergeCommit":false,"messageTitle":"Add error handling","messageBody":"","tags":["Level-5"],"fileTypesAndContributionMap":{"txt":{"insertions":20,"deletions":0},"java":{"insertions":346,"deletions":53},"bat":{"insertions":21,"deletions":0}}},{"hash":"53e736d9ed4ab03ebab3bf56fa28044ce6509c9a","isMergeCommit":false,"messageTitle":"add delete task function","messageBody":"","tags":["Level-6"],"fileTypesAndContributionMap":{"txt":{"insertions":5,"deletions":0},"java":{"insertions":69,"deletions":41}}}]},{"date":"2025-09-10T00:00:00","commitResults":[{"hash":"23a06d1ee56ffbbe1804f464d9cc43da217cf40f","isMergeCommit":false,"messageTitle":"integrate enum use","messageBody":"","tags":["A-Enums"],"fileTypesAndContributionMap":{"txt":{"insertions":1,"deletions":1},"java":{"insertions":8,"deletions":0}}}]},{"date":"2025-09-15T00:00:00","commitResults":[{"hash":"f230cd0e6a343e903e0b6f79a0c55182063ed3cf","isMergeCommit":false,"messageTitle":"add file access","messageBody":"","fileTypesAndContributionMap":{"txt":{"insertions":0,"deletions":0},"java":{"insertions":329,"deletions":88},"bat":{"insertions":6,"deletions":0}}}]}]},"authorFileTypeContributionMap":{"jiahao2112":{"java":802,"md":3,"fxml":0,"sh":0,"bat":28,"gradle":0,"txt":36}},"authorContributionVariance":{"jiahao2112":12184.749},"authorDisplayNameMap":{"jiahao2112":"LEE ..AHAO"}}
