{"authorDailyContributionsMap":{"jiahao2112":[{"date":"2025-08-27T00:00:00","commitResults":[{"hash":"ce9b48b866cfe2c0d477e903d66fdb5607b6d322","isMergeCommit":false,"messageTitle":"add greet and exit function","messageBody":"","tags":["Level-0"],"fileTypesAndContributionMap":{"java":{"insertions":17,"deletions":10},"bat":{"insertions":1,"deletions":1},"md":{"insertions":3,"deletions":3}}},{"hash":"ccd0a470db1746fa011ce559e12abf4ca1671f4a","isMergeCommit":false,"messageTitle":"add echo function","messageBody":"","tags":["Level-1"],"fileTypesAndContributionMap":{"java":{"insertions":18,"deletions":1}}}]},{"date":"2025-08-29T00:00:00","commitResults":[{"hash":"f70e023112ce508cc51e8300e3c6b372995cdc1f","isMergeCommit":false,"messageTitle":"add list and add function","messageBody":"","tags":["Level-2"],"fileTypesAndContributionMap":{"java":{"insertions":31,"deletions":12}}}]},{"date":"2025-09-05T00:00:00","commitResults":[{"hash":"6577856fc7019188f680805b4629c11cbd12a8a6","isMergeCommit":false,"messageTitle":"Restructure and add mark task function","messageBody":"","tags":["Level-3"],"fileTypesAndContributionMap":{"java":{"insertions":106,"deletions":25}}},{"hash":"967c5b453a9db04e24118220cf387415ea0eaa46","isMergeCommit":false,"messageTitle":"Text UI testing","messageBody":"","tags":["A-TextUiTesting"],"fileTypesAndContributionMap":{"txt":{"insertions":9,"deletions":0}}},{"hash":"1225d16ca513b2c1ff6fc3bcde5a876c0cc96272","isMergeCommit":false,"messageTitle":"add todo, deadline, event","messageBody":"","tags":["Level-4"],"fileTypesAndContributionMap":{"txt":{"insertions":4,"deletions":2},"java":{"insertions":113,"deletions":15}}}]},{"date":"2025-09-09T00:00:00","commitResults":[{"hash":"9b32cb32f83a4b812054da35e27edbebd7c93264","isMergeCommit":false,"messageTitle":"Add error handling","messageBody":"","tags":["Level-5"],"fileTypesAndContributionMap":{"txt":{"insertions":20,"deletions":0},"java":{"insertions":346,"deletions":53},"bat":{"insertions":21,"deletions":0}}},{"hash":"53e736d9ed4ab03ebab3bf56fa28044ce6509c9a","isMergeCommit":false,"messageTitle":"add delete task function","messageBody":"","tags":["Level-6"],"fileTypesAndContributionMap":{"txt":{"insertions":5,"deletions":0},"java":{"insertions":69,"deletions":41}}}]},{"date":"2025-09-10T00:00:00","commitResults":[{"hash":"23a06d1ee56ffbbe1804f464d9cc43da217cf40f","isMergeCommit":false,"messageTitle":"integrate enum use","messageBody":"","tags":["A-Enums"],"fileTypesAndContributionMap":{"txt":{"insertions":1,"deletions":1},"java":{"insertions":8,"deletions":0}}}]},{"date":"2025-09-15T00:00:00","commitResults":[{"hash":"f230cd0e6a343e903e0b6f79a0c55182063ed3cf","isMergeCommit":false,"messageTitle":"add file access","messageBody":"","tags":["Level-7"],"fileTypesAndContributionMap":{"txt":{"insertions":0,"deletions":0},"java":{"insertions":329,"deletions":88},"bat":{"insertions":6,"deletions":0}}}]},{"date":"2025-09-19T00:00:00","commitResults":[{"hash":"9a6f3df1acfb73cde283e33657836884ce27f689","isMergeCommit":false,"messageTitle":"separate into different classes","messageBody":"","tags":["A-MoreOOP"],"fileTypesAndContributionMap":{"txt":{"insertions":3,"deletions":0},"java":{"insertions":472,"deletions":397}}}]},{"date":"2025-09-20T00:00:00","commitResults":[{"hash":"301d3d5f38d8f9c0a841d48c58a0a39aaa3373de","isMergeCommit":false,"messageTitle":"move to packages","messageBody":"","tags":["A-Packages"],"fileTypesAndContributionMap":{"txt":{"insertions":0,"deletions":2},"java":{"insertions":94,"deletions":10}}}]},{"date":"2025-09-27T00:00:00","commitResults":[{"hash":"3a4bf51aca28a19416c02f1b1f5bc7f67a36c46e","isMergeCommit":false,"messageTitle":"Add date time function for deadline and event commands. Implement view tasks on specific date function.","messageBody":"","tags":["Level-8"],"fileTypesAndContributionMap":{"txt":{"insertions":12,"deletions":5},"java":{"insertions":498,"deletions":120}}}]},{"date":"2025-09-28T00:00:00","commitResults":[{"hash":"87029e830d3142de0d363fc262b7eb49adf7dc59","isMergeCommit":false,"messageTitle":"add javadoc comments","messageBody":"","tags":["A-JavaDoc"],"fileTypesAndContributionMap":{"java":{"insertions":801,"deletions":121}}}]},{"date":"2025-10-01T00:00:00","commitResults":[{"hash":"8dfb5badf8a66c1019feb9ef59664c5032eccdb3","isMergeCommit":true,"messageTitle":"Merge branch \u0027add-gradle-support\u0027","messageBody":"","tags":["A-Gradle"],"fileTypesAndContributionMap":{}}]},{"date":"2025-10-16T00:00:00","commitResults":[{"hash":"d6f03b5daf0e0302b466e8ceb24add0014c409c9","isMergeCommit":false,"messageTitle":"Add unit test","messageBody":"","tags":["A-JUnit"],"fileTypesAndContributionMap":{"gradle":{"insertions":4,"deletions":9},"txt":{"insertions":1,"deletions":2},"java":{"insertions":2024,"deletions":67}}}]},{"date":"2025-10-18T00:00:00","commitResults":[{"hash":"6fbb849c7c38d6dc56e29d363cc1c6770523fd5c","isMergeCommit":false,"messageTitle":"add update function","messageBody":"","tags":["C-Update"],"fileTypesAndContributionMap":{"java":{"insertions":1253,"deletions":164}}}]},{"date":"2025-10-22T00:00:00","commitResults":[{"hash":"b9c37d1cc9ce55113792f790a74308cf093b1ffe","isMergeCommit":false,"messageTitle":"adjust code to fit coding standards","messageBody":"","fileTypesAndContributionMap":{"java":{"insertions":471,"deletions":608}}},{"hash":"ab3fad3c0bfd26bd2c2c4118b5a49b806563d754","isMergeCommit":false,"messageTitle":"add find function","messageBody":"","tags":["Level-9"],"fileTypesAndContributionMap":{"java":{"insertions":272,"deletions":32}}},{"hash":"40072b901c56151be859802dddc21452dcdc204e","isMergeCommit":true,"messageTitle":"Merge branch \u0027A-CodingStandard\u0027","messageBody":"# Conflicts:\n#\tsrc/main/java/commands/Command.java\n#\tsrc/test/java/manager/TaskManagerTests.java\n","fileTypesAndContributionMap":{}},{"hash":"90b8180ac77f3c376176d0cc85739191cbeaf6c1","isMergeCommit":false,"messageTitle":"follow coding standard","messageBody":"","tags":["A-CodingStandard"],"fileTypesAndContributionMap":{"java":{"insertions":1,"deletions":0}}}]},{"date":"2025-10-25T00:00:00","commitResults":[{"hash":"13699cdc73a42b1c11199c536ceb95b6256a7850","isMergeCommit":false,"messageTitle":"refactor code","messageBody":"","tags":["A-CodeQuality"],"fileTypesAndContributionMap":{"java":{"insertions":854,"deletions":627}}},{"hash":"d6c44e0f966cdc964d0b545ad649cb632168a6e8","isMergeCommit":false,"messageTitle":"add clone function","messageBody":"","tags":["C-Clone"],"fileTypesAndContributionMap":{"java":{"insertions":267,"deletions":63}}}]},{"date":"2025-11-03T00:00:00","commitResults":[{"hash":"29878dff96e469bea208750d629d1b2a29b8316a","isMergeCommit":false,"messageTitle":"add GUI","messageBody":"","tags":["Level-10"],"fileTypesAndContributionMap":{"gradle":{"insertions":25,"deletions":4},"txt":{"insertions":2,"deletions":1},"fxml":{"insertions":66,"deletions":0},"java":{"insertions":410,"deletions":67}}},{"hash":"e88d6a12807392d0037ffbd13122a5bbb53aa467","isMergeCommit":false,"messageTitle":"add assertions","messageBody":"","tags":["A-Assertions"],"fileTypesAndContributionMap":{"java":{"insertions":185,"deletions":17}}}]},{"date":"2025-11-04T00:00:00","commitResults":[{"hash":"7250f715fb7132cecfce77a5e004c6a033951105","isMergeCommit":false,"messageTitle":"add assertions","messageBody":"# Conflicts:\n#\tsrc/main/java/commands/AddCommand.java\n#\tsrc/main/java/commands/CloneCommand.java\n#\tsrc/main/java/manager/TaskManager.java\n","fileTypesAndContributionMap":{"java":{"insertions":154,"deletions":8}}}]},{"date":"2025-11-16T00:00:00","commitResults":[{"hash":"7c3eb77aa567ade8331c82989bf70e4bb59a15b1","isMergeCommit":false,"messageTitle":"patch bugs","messageBody":"","fileTypesAndContributionMap":{"gradle":{"insertions":2,"deletions":1},"txt":{"insertions":1,"deletions":1},"java":{"insertions":24,"deletions":16}}},{"hash":"76b9b9f894bd8dbb6ec2688c499732ffd9197dc8","isMergeCommit":true,"messageTitle":"refactor code","messageBody":"","fileTypesAndContributionMap":{}},{"hash":"133b6cde74448ef14f0e65e9170cf86ff6c10eea","isMergeCommit":false,"messageTitle":"patch clone bug","messageBody":"","fileTypesAndContributionMap":{"txt":{"insertions":2,"deletions":0},"java":{"insertions":25,"deletions":2}}}]}]},"authorFileTypeContributionMap":{"jiahao2112":{"java":5828,"md":3,"fxml":66,"sh":0,"bat":28,"gradle":5,"txt":44}},"authorContributionVariance":{"jiahao2112":129357.32},"authorDisplayNameMap":{"jiahao2112":"LEE ..AHAO"}}
