{"authorDailyContributionsMap":{"Qinggus":[{"date":"2025-11-04T00:00:00","commitResults":[{"hash":"5547a1065398c3a2bef832480a37a4fe9ba7ae8b","isMergeCommit":false,"messageTitle":"Add BongoCat.java","messageBody":"","tags":["Level-1","Level-0"],"fileTypesAndContributionMap":{"java":{"insertions":0,"deletions":0}}},{"hash":"ff498887a0ba8988f92cf87b595b72d4242bfb03","isMergeCommit":false,"messageTitle":"Add README.md","messageBody":"","fileTypesAndContributionMap":{"md":{"insertions":15,"deletions":10}}},{"hash":"6ff3b92c5b63776628adfe22786e508080243e25","isMergeCommit":false,"messageTitle":"Update BongoCat.java with latest code","messageBody":"","fileTypesAndContributionMap":{"java":{"insertions":33,"deletions":7}}},{"hash":"90f074aaca74d70f6772eb53344b17968765ebdb","isMergeCommit":false,"messageTitle":"Add TaskManager.java and update BongoCat + README","messageBody":"","tags":["Level-2"],"fileTypesAndContributionMap":{"java":{"insertions":61,"deletions":3},"md":{"insertions":22,"deletions":2}}}]},{"date":"2025-11-12T00:00:00","commitResults":[{"hash":"3a97175da833983563e9db4ad9ea099369ebc15f","isMergeCommit":false,"messageTitle":"Level-3 Mark Tasks","messageBody":"","fileTypesAndContributionMap":{"java":{"insertions":4,"deletions":0}}}]},{"date":"2025-11-16T00:00:00","commitResults":[{"hash":"9e7b023001f36021b93a53594c9f9d6f55d34c79","isMergeCommit":false,"messageTitle":"Level-4 ToDos, Events, Deadlines","messageBody":"","tags":["Level-4"],"fileTypesAndContributionMap":{"java":{"insertions":91,"deletions":12}}},{"hash":"56f3dfc8c8e3732bee40784eac4c2469c1476161","isMergeCommit":false,"messageTitle":"Level-5 Handle Errors","messageBody":"","tags":["Level-5"],"fileTypesAndContributionMap":{"java":{"insertions":107,"deletions":26}}},{"hash":"7ec9db8948acd4c21f43d74c0bccb660a04038b4","isMergeCommit":false,"messageTitle":"Level-6 Delete","messageBody":"","tags":["Level-6"],"fileTypesAndContributionMap":{"java":{"insertions":130,"deletions":93},"bat":{"insertions":1,"deletions":1},"md":{"insertions":1,"deletions":1}}},{"hash":"3167aa8d66da5b49a5df5529cc59541891801f0f","isMergeCommit":false,"messageTitle":"Added Enums","messageBody":"","fileTypesAndContributionMap":{"java":{"insertions":34,"deletions":7}}},{"hash":"568fade09cad0b9467793b7b796823a437a1374e","isMergeCommit":false,"messageTitle":"Level-7 Save + OOP","messageBody":"","tags":["Level-7"],"fileTypesAndContributionMap":{"java":{"insertions":54,"deletions":11}}},{"hash":"98aa06247bfb05661db8f182f756dfb1dd00eebb","isMergeCommit":false,"messageTitle":"Level-8 Time","messageBody":"","fileTypesAndContributionMap":{"txt":{"insertions":8,"deletions":0},"java":{"insertions":583,"deletions":326},"md":{"insertions":15,"deletions":1}}},{"hash":"293c88573b3429cf2e761ce390fca4567525d2fa","isMergeCommit":false,"messageTitle":"Save current state before Gradle merge","messageBody":"","fileTypesAndContributionMap":{"txt":{"insertions":2,"deletions":4},"java":{"insertions":186,"deletions":41},"md":{"insertions":75,"deletions":0}}},{"hash":"9410d4ef494d034d3c497f038ab99f6a3ecbed11","isMergeCommit":true,"messageTitle":"Merge remote-tracking branch \u0027upstream/add-gradle-support\u0027","messageBody":"","fileTypesAndContributionMap":{}},{"hash":"c1e09b97711f693a3e0d44795815e2af8aaa7a20","isMergeCommit":false,"messageTitle":"Level-9 Personal Feature","messageBody":"","fileTypesAndContributionMap":{"java":{"insertions":94,"deletions":0}}},{"hash":"071f3e68ae3e4db10b94c3a4d8c3e3f4dedc40b7","isMergeCommit":false,"messageTitle":"Level-9 Part 2","messageBody":"","tags":["Level-9"],"fileTypesAndContributionMap":{"gradle":{"insertions":2,"deletions":1},"txt":{"insertions":0,"deletions":6},"java":{"insertions":234,"deletions":177}}},{"hash":"97fa0b31dfb2825f45ad329f190b0d2a96231119","isMergeCommit":false,"messageTitle":"Level-10","messageBody":"","fileTypesAndContributionMap":{"java":{"insertions":57,"deletions":14}}},{"hash":"3df18e2c7fce627b0b508de7039c9ce0d0e0747b","isMergeCommit":false,"messageTitle":"Final working version","messageBody":"","fileTypesAndContributionMap":{"gradle":{"insertions":3,"deletions":3},"txt":{"insertions":3,"deletions":0},"java":{"insertions":77,"deletions":57}}}]}]},"authorFileTypeContributionMap":{"Qinggus":{"java":981,"md":125,"fxml":0,"sh":0,"bat":1,"gradle":3,"txt":3}},"authorContributionVariance":{"Qinggus":60911.4},"authorDisplayNameMap":{"Qinggus":"WONG..QING"}}
