[{"path":"src/main/java/Sy.java","fileType":"java","lines":[{"lineNumber":1,"author":{"gitId":"Sylowie"},"content":"import java.util.*;","lastModifiedDate":"2025-09-15T23:38:39","isFullCredit":false},{"lineNumber":2,"author":{"gitId":"Sylowie"},"content":"","lastModifiedDate":"2025-09-15T23:38:39","isFullCredit":false},{"lineNumber":3,"author":{"gitId":"Sylowie"},"content":"public class Sy {","lastModifiedDate":"2025-09-15T23:38:39","isFullCredit":false},{"lineNumber":4,"author":{"gitId":"Sylowie"},"content":"","lastModifiedDate":"2025-09-15T23:38:39","isFullCredit":false},{"lineNumber":5,"author":{"gitId":"Sylowie"},"content":"    private static ArrayList\u003cTask\u003e Tasks \u003d new ArrayList\u003c\u003e(); // dynamic","lastModifiedDate":"2025-09-15T23:38:39","isFullCredit":false},{"lineNumber":6,"author":{"gitId":"Sylowie"},"content":"","lastModifiedDate":"2025-09-15T23:38:39","isFullCredit":false},{"lineNumber":7,"author":{"gitId":"Sylowie"},"content":"    public static void main(String[] args) {","lastModifiedDate":"2025-09-15T23:38:39","isFullCredit":false},{"lineNumber":8,"author":{"gitId":"Sylowie"},"content":"        Scanner sc \u003d new Scanner(System.in);","lastModifiedDate":"2025-09-15T23:38:39","isFullCredit":false},{"lineNumber":9,"author":{"gitId":"Sylowie"},"content":"","lastModifiedDate":"2025-09-15T23:38:39","isFullCredit":false},{"lineNumber":10,"author":{"gitId":"Sylowie"},"content":"        System.out.println(\"Hello! I\u0027m Sy\\n\" + \"What can I do for you?\\n\" + \"Bye. Hope to see you again!\");","lastModifiedDate":"2025-09-15T23:38:39","isFullCredit":false},{"lineNumber":11,"author":{"gitId":"Sylowie"},"content":"","lastModifiedDate":"2025-09-15T23:38:39","isFullCredit":false},{"lineNumber":12,"author":{"gitId":"Sylowie"},"content":"        while (true) {","lastModifiedDate":"2025-09-15T23:38:39","isFullCredit":false},{"lineNumber":13,"author":{"gitId":"Sylowie"},"content":"            String input \u003d sc.nextLine();","lastModifiedDate":"2025-09-15T23:38:39","isFullCredit":false},{"lineNumber":14,"author":{"gitId":"Sylowie"},"content":"","lastModifiedDate":"2025-09-15T23:38:39","isFullCredit":false},{"lineNumber":15,"author":{"gitId":"Sylowie"},"content":"            if (input.equals(\"bye\")) {","lastModifiedDate":"2025-09-15T23:38:39","isFullCredit":false},{"lineNumber":16,"author":{"gitId":"Sylowie"},"content":"                System.out.println(\"___________________________\");","lastModifiedDate":"2025-09-15T23:38:39","isFullCredit":false},{"lineNumber":17,"author":{"gitId":"Sylowie"},"content":"                System.out.println(\"      \" + \"Bye!\");","lastModifiedDate":"2025-09-15T23:38:39","isFullCredit":false},{"lineNumber":18,"author":{"gitId":"Sylowie"},"content":"                System.out.println(\"___________________________\");","lastModifiedDate":"2025-09-15T23:38:39","isFullCredit":false},{"lineNumber":19,"author":{"gitId":"Sylowie"},"content":"                break;","lastModifiedDate":"2025-09-15T23:38:39","isFullCredit":false},{"lineNumber":20,"author":{"gitId":"Sylowie"},"content":"","lastModifiedDate":"2025-09-15T23:38:39","isFullCredit":false},{"lineNumber":21,"author":{"gitId":"Sylowie"},"content":"            } else if (input.equals(\"list\")) {","lastModifiedDate":"2025-09-15T23:38:39","isFullCredit":false},{"lineNumber":22,"author":{"gitId":"Sylowie"},"content":"                System.out.println(\"___________________________\");","lastModifiedDate":"2025-09-15T23:38:39","isFullCredit":false},{"lineNumber":23,"author":{"gitId":"Sylowie"},"content":"                for (int i \u003d 0; i \u003c Tasks.size(); i++) {","lastModifiedDate":"2025-09-15T23:38:39","isFullCredit":false},{"lineNumber":24,"author":{"gitId":"Sylowie"},"content":"                    System.out.println((i + 1) + \". \" + Tasks.get(i)); // i+1 cus initial is 0","lastModifiedDate":"2025-09-15T23:38:39","isFullCredit":false},{"lineNumber":25,"author":{"gitId":"Sylowie"},"content":"                }","lastModifiedDate":"2025-09-15T23:38:39","isFullCredit":false},{"lineNumber":26,"author":{"gitId":"Sylowie"},"content":"                System.out.println(\"___________________________\");","lastModifiedDate":"2025-09-15T23:38:39","isFullCredit":false},{"lineNumber":27,"author":{"gitId":"Sylowie"},"content":"","lastModifiedDate":"2025-09-15T23:38:39","isFullCredit":false},{"lineNumber":28,"author":{"gitId":"Sylowie"},"content":"            } else if (input.startsWith(\"mark \")) {","lastModifiedDate":"2025-09-15T23:38:39","isFullCredit":false},{"lineNumber":29,"author":{"gitId":"Sylowie"},"content":"                int i \u003d Integer.parseInt(input.substring(5).trim());","lastModifiedDate":"2025-09-15T23:38:39","isFullCredit":false},{"lineNumber":30,"author":{"gitId":"Sylowie"},"content":"                Task n \u003d Tasks.get(i - 1);","lastModifiedDate":"2025-09-15T23:38:39","isFullCredit":false},{"lineNumber":31,"author":{"gitId":"Sylowie"},"content":"                n.markDone();","lastModifiedDate":"2025-09-15T23:38:39","isFullCredit":false},{"lineNumber":32,"author":{"gitId":"Sylowie"},"content":"                System.out.println(\"\\n Nice! I\u0027ve marked this task as done: \");","lastModifiedDate":"2025-09-15T23:38:39","isFullCredit":false},{"lineNumber":33,"author":{"gitId":"Sylowie"},"content":"                System.out.println(\" \" + n);","lastModifiedDate":"2025-09-15T23:38:39","isFullCredit":false},{"lineNumber":34,"author":{"gitId":"Sylowie"},"content":"                System.out.println(\"___________________________\");","lastModifiedDate":"2025-09-15T23:38:39","isFullCredit":false},{"lineNumber":35,"author":{"gitId":"Sylowie"},"content":"","lastModifiedDate":"2025-09-15T23:38:39","isFullCredit":false},{"lineNumber":36,"author":{"gitId":"Sylowie"},"content":"            } else if (input.startsWith(\"unmark \")) {","lastModifiedDate":"2025-09-15T23:38:39","isFullCredit":false},{"lineNumber":37,"author":{"gitId":"Sylowie"},"content":"                int i \u003d Integer.parseInt(input.substring(7).trim());","lastModifiedDate":"2025-09-15T23:38:39","isFullCredit":false},{"lineNumber":38,"author":{"gitId":"Sylowie"},"content":"                Task n \u003d Tasks.get(i - 1);","lastModifiedDate":"2025-09-15T23:38:39","isFullCredit":false},{"lineNumber":39,"author":{"gitId":"Sylowie"},"content":"                n.markUndone();","lastModifiedDate":"2025-09-15T23:38:39","isFullCredit":false},{"lineNumber":40,"author":{"gitId":"Sylowie"},"content":"                System.out.println(\"\\n OK, I\u0027ve marked this task as not done yet:\");","lastModifiedDate":"2025-09-15T23:38:39","isFullCredit":false},{"lineNumber":41,"author":{"gitId":"Sylowie"},"content":"                System.out.println(\" \" + n);","lastModifiedDate":"2025-09-15T23:38:39","isFullCredit":false},{"lineNumber":42,"author":{"gitId":"Sylowie"},"content":"                System.out.println(\"___________________________\");","lastModifiedDate":"2025-09-15T23:38:39","isFullCredit":false},{"lineNumber":43,"author":{"gitId":"Sylowie"},"content":"","lastModifiedDate":"2025-09-15T23:38:39","isFullCredit":false},{"lineNumber":44,"author":{"gitId":"Sylowie"},"content":"            } else {","lastModifiedDate":"2025-09-15T23:38:39","isFullCredit":false},{"lineNumber":45,"author":{"gitId":"Sylowie"},"content":"                Task t \u003d new Task(input);","lastModifiedDate":"2025-09-15T23:38:39","isFullCredit":false},{"lineNumber":46,"author":{"gitId":"Sylowie"},"content":"                Tasks.add(t);","lastModifiedDate":"2025-09-15T23:38:39","isFullCredit":false},{"lineNumber":47,"author":{"gitId":"Sylowie"},"content":"                System.out.println(\"___________________________\");","lastModifiedDate":"2025-09-15T23:38:39","isFullCredit":false},{"lineNumber":48,"author":{"gitId":"Sylowie"},"content":"                System.out.println(\"added: \" + input);","lastModifiedDate":"2025-09-15T23:38:39","isFullCredit":false},{"lineNumber":49,"author":{"gitId":"Sylowie"},"content":"                System.out.println(\"___________________________\");","lastModifiedDate":"2025-09-15T23:38:39","isFullCredit":false},{"lineNumber":50,"author":{"gitId":"Sylowie"},"content":"            }","lastModifiedDate":"2025-09-15T23:38:39","isFullCredit":false},{"lineNumber":51,"author":{"gitId":"Sylowie"},"content":"        }","lastModifiedDate":"2025-09-15T23:38:39","isFullCredit":false},{"lineNumber":52,"author":{"gitId":"Sylowie"},"content":"    }","lastModifiedDate":"2025-09-15T23:38:39","isFullCredit":false},{"lineNumber":53,"author":{"gitId":"Sylowie"},"content":"}","lastModifiedDate":"2025-09-15T23:38:39","isFullCredit":false}],"authorContributionMap":{"Sylowie":53}},{"path":"src/main/java/Task.java","fileType":"java","lines":[{"lineNumber":1,"author":{"gitId":"Sylowie"},"content":"public class Task {","lastModifiedDate":"2025-09-15T23:38:39","isFullCredit":false},{"lineNumber":2,"author":{"gitId":"Sylowie"},"content":"    protected String description;","lastModifiedDate":"2025-09-15T23:38:39","isFullCredit":false},{"lineNumber":3,"author":{"gitId":"Sylowie"},"content":"    protected boolean isDone;","lastModifiedDate":"2025-09-15T23:38:39","isFullCredit":false},{"lineNumber":4,"author":{"gitId":"Sylowie"},"content":"","lastModifiedDate":"2025-09-15T23:38:39","isFullCredit":false},{"lineNumber":5,"author":{"gitId":"Sylowie"},"content":"    public Task(String description) {","lastModifiedDate":"2025-09-15T23:38:39","isFullCredit":false},{"lineNumber":6,"author":{"gitId":"Sylowie"},"content":"        this.description \u003d description;","lastModifiedDate":"2025-09-15T23:38:39","isFullCredit":false},{"lineNumber":7,"author":{"gitId":"Sylowie"},"content":"        this.isDone \u003d false;","lastModifiedDate":"2025-09-15T23:38:39","isFullCredit":false},{"lineNumber":8,"author":{"gitId":"Sylowie"},"content":"    }","lastModifiedDate":"2025-09-15T23:38:39","isFullCredit":false},{"lineNumber":9,"author":{"gitId":"Sylowie"},"content":"","lastModifiedDate":"2025-09-15T23:38:39","isFullCredit":false},{"lineNumber":10,"author":{"gitId":"Sylowie"},"content":"    public String getStatusIcon() {","lastModifiedDate":"2025-09-15T23:38:39","isFullCredit":false},{"lineNumber":11,"author":{"gitId":"Sylowie"},"content":"        return (isDone ? \"X\" : \" \"); // mark done task with X","lastModifiedDate":"2025-09-15T23:38:39","isFullCredit":false},{"lineNumber":12,"author":{"gitId":"Sylowie"},"content":"    }","lastModifiedDate":"2025-09-15T23:38:39","isFullCredit":false},{"lineNumber":13,"author":{"gitId":"Sylowie"},"content":"","lastModifiedDate":"2025-09-15T23:38:39","isFullCredit":false},{"lineNumber":14,"author":{"gitId":"Sylowie"},"content":"    public void markDone() {","lastModifiedDate":"2025-09-15T23:38:39","isFullCredit":false},{"lineNumber":15,"author":{"gitId":"Sylowie"},"content":"        this.isDone \u003d true;","lastModifiedDate":"2025-09-15T23:38:39","isFullCredit":false},{"lineNumber":16,"author":{"gitId":"Sylowie"},"content":"    }","lastModifiedDate":"2025-09-15T23:38:39","isFullCredit":false},{"lineNumber":17,"author":{"gitId":"Sylowie"},"content":"","lastModifiedDate":"2025-09-15T23:38:39","isFullCredit":false},{"lineNumber":18,"author":{"gitId":"Sylowie"},"content":"    public void markUndone() {","lastModifiedDate":"2025-09-15T23:38:39","isFullCredit":false},{"lineNumber":19,"author":{"gitId":"Sylowie"},"content":"        this.isDone \u003d false;","lastModifiedDate":"2025-09-15T23:38:39","isFullCredit":false},{"lineNumber":20,"author":{"gitId":"Sylowie"},"content":"    }","lastModifiedDate":"2025-09-15T23:38:39","isFullCredit":false},{"lineNumber":21,"author":{"gitId":"Sylowie"},"content":"","lastModifiedDate":"2025-09-15T23:38:39","isFullCredit":false},{"lineNumber":22,"author":{"gitId":"Sylowie"},"content":"    public String toString() {","lastModifiedDate":"2025-09-15T23:38:39","isFullCredit":false},{"lineNumber":23,"author":{"gitId":"Sylowie"},"content":"        return \"[\" + getStatusIcon() + \"] \" + description;","lastModifiedDate":"2025-09-15T23:38:39","isFullCredit":false},{"lineNumber":24,"author":{"gitId":"Sylowie"},"content":"    }","lastModifiedDate":"2025-09-15T23:38:39","isFullCredit":false},{"lineNumber":25,"author":{"gitId":"Sylowie"},"content":"}","lastModifiedDate":"2025-09-15T23:38:39","isFullCredit":false}],"authorContributionMap":{"Sylowie":25}}]
