{"authorDailyContributionsMap":{"Sylowie":[{"date":"2025-09-15T00:00:00","commitResults":[{"hash":"72448a7fb29ae4798a842e0f2df60ae31e2857cc","isMergeCommit":false,"messageTitle":"Level 3","messageBody":"","fileTypesAndContributionMap":{"java":{"insertions":78,"deletions":10}}}]},{"date":"2025-09-26T00:00:00","commitResults":[{"hash":"d199e49fb15e0660f7cd8575fc0f74657879d6a5","isMergeCommit":false,"messageTitle":"Level 4, only implemented new classes","messageBody":"","fileTypesAndContributionMap":{"java":{"insertions":39,"deletions":0}}}]},{"date":"2025-09-28T00:00:00","commitResults":[{"hash":"bec7e677762cf7b04f8fcb5eab4a9fa82d94b8f9","isMergeCommit":false,"messageTitle":"partial update","messageBody":"","fileTypesAndContributionMap":{"java":{"insertions":36,"deletions":28}}},{"hash":"cb4258904b62e04238c3e90a12a8e924daee679c","isMergeCommit":false,"messageTitle":"Level 4","messageBody":"","fileTypesAndContributionMap":{"java":{"insertions":107,"deletions":25}}}]},{"date":"2025-09-29T00:00:00","commitResults":[{"hash":"291526a981576e6af75b64406c81da1be6a11e80","isMergeCommit":false,"messageTitle":"DukeException","messageBody":"","fileTypesAndContributionMap":{"java":{"insertions":17,"deletions":3}}}]},{"date":"2025-10-01T00:00:00","commitResults":[{"hash":"923143a52e8de9da3a9deacc52aa7b0ca6d465bc","isMergeCommit":false,"messageTitle":"Error Catching - Level 5","messageBody":"","fileTypesAndContributionMap":{"java":{"insertions":56,"deletions":50}}},{"hash":"f462d6788a8f37bf97f8f723328e2efe6523ce14","isMergeCommit":false,"messageTitle":"delete - level 6","messageBody":"no enum\n","fileTypesAndContributionMap":{"java":{"insertions":21,"deletions":0}}}]},{"date":"2025-10-20T00:00:00","commitResults":[{"hash":"fa91f75a571f61ca9a21941c24600f7fe7563e90","isMergeCommit":false,"messageTitle":"Update Sy.java","messageBody":"","fileTypesAndContributionMap":{"java":{"insertions":1,"deletions":0}}}]},{"date":"2025-10-21T00:00:00","commitResults":[{"hash":"671d4b4ddff15ff7cb1efd7e448e513aebfdf287","isMergeCommit":false,"messageTitle":"Db","messageBody":"","fileTypesAndContributionMap":{"txt":{"insertions":1,"deletions":0},"java":{"insertions":237,"deletions":23}}},{"hash":"a51209ca499c3d458ea4daa5709527f7709fc586","isMergeCommit":false,"messageTitle":"Level 7","messageBody":"","fileTypesAndContributionMap":{"txt":{"insertions":1,"deletions":0},"java":{"insertions":405,"deletions":194}}},{"hash":"bc6e17f6f6716ef9264d6ba091bc7ce4e8798143","isMergeCommit":false,"messageTitle":"DateTime","messageBody":"","fileTypesAndContributionMap":{"txt":{"insertions":7,"deletions":2},"java":{"insertions":324,"deletions":44}}},{"hash":"421ec2d3f943a2fdd3e285462c1bf4d0c8bd94e8","isMergeCommit":true,"messageTitle":"Merge branch \u0027add-gradle-support\u0027 into branch-Level-8","messageBody":"","fileTypesAndContributionMap":{}},{"hash":"51a309ebe5eb12be6d39044ca1c76be08c185d91","isMergeCommit":false,"messageTitle":"Gradle + JUnit Testing - Level 8","messageBody":"","fileTypesAndContributionMap":{"gradle":{"insertions":3,"deletions":1},"txt":{"insertions":1,"deletions":0},"java":{"insertions":135,"deletions":8}}}]},{"date":"2025-10-22T00:00:00","commitResults":[{"hash":"c2132a86dce4249034d77319b73218c5dcf43e01","isMergeCommit":false,"messageTitle":"C-MassOps Individual feature","messageBody":"Mark and Unmark able to handle multiple numbers\nFormat:\nmark 1 2 3 4 5\nunmark 1 2 3 4 5\n","fileTypesAndContributionMap":{"txt":{"insertions":3,"deletions":0},"java":{"insertions":126,"deletions":31}}},{"hash":"9fdb1b8ec11722d58de06da442f9027a9a9dbc85","isMergeCommit":false,"messageTitle":"Delete MarkCommandTest.java","messageBody":"","fileTypesAndContributionMap":{"java":{"insertions":0,"deletions":63}}},{"hash":"f6b362abcd6b9f5aed918637afd86c842a1fd813","isMergeCommit":false,"messageTitle":"find command","messageBody":"","fileTypesAndContributionMap":{"java":{"insertions":61,"deletions":2}}}]},{"date":"2025-10-23T00:00:00","commitResults":[{"hash":"479ab92ed29ea9cecb0da61c3cea6204c589338d","isMergeCommit":false,"messageTitle":"assert","messageBody":"","fileTypesAndContributionMap":{"java":{"insertions":6,"deletions":0}}}]},{"date":"2025-10-28T00:00:00","commitResults":[{"hash":"47b0bc25368607d0db1c6a8c165feb8ce30940c4","isMergeCommit":false,"messageTitle":"smth","messageBody":"","fileTypesAndContributionMap":{"java":{"insertions":17,"deletions":27}}}]},{"date":"2025-11-09T00:00:00","commitResults":[{"hash":"3bf1eb302aed08b6c69dc058cfbefa6d18525f81","isMergeCommit":false,"messageTitle":"chore: refactor and clean up","messageBody":"","fileTypesAndContributionMap":{"txt":{"insertions":0,"deletions":11},"java":{"insertions":5,"deletions":13}}}]},{"date":"2025-11-16T00:00:00","commitResults":[{"hash":"8a4e38f9e5d0c9d79d5f5ba37a129c5932c47571","isMergeCommit":false,"messageTitle":"Update build.gradle","messageBody":"","fileTypesAndContributionMap":{"gradle":{"insertions":9,"deletions":0}}},{"hash":"596e74da107cb063342260b208197fbdbcc31a70","isMergeCommit":false,"messageTitle":"bug in time","messageBody":"","fileTypesAndContributionMap":{"txt":{"insertions":2,"deletions":0},"java":{"insertions":113,"deletions":124}}}]}]},"authorFileTypeContributionMap":{"Sylowie":{"java":1149,"md":0,"fxml":0,"sh":0,"bat":0,"gradle":12,"txt":2}},"authorContributionVariance":{"Sylowie":19744.918},"authorDisplayNameMap":{"Sylowie":"LOW ..YANG"}}
