{"authorDailyContributionsMap":{"IDrinkTeh":[{"date":"2025-11-14T00:00:00","commitResults":[{"hash":"95276685922739396ffd96f4cd0f982d5b4ab1a6","isMergeCommit":false,"messageTitle":"Named chatbot","messageBody":"","tags":["Level-1","Level-0"],"fileTypesAndContributionMap":{"java":{"insertions":10,"deletions":10}}},{"hash":"db9144323515200fd94f548ecee2e9c162141caa","isMergeCommit":false,"messageTitle":"Added echo","messageBody":"","tags":["Level-2"],"fileTypesAndContributionMap":{"java":{"insertions":23,"deletions":6}}},{"hash":"152fd8666126fa0ecfe32e9d347747dc185439be","isMergeCommit":false,"messageTitle":"Added list","messageBody":"","tags":["Level-3"],"fileTypesAndContributionMap":{"java":{"insertions":44,"deletions":6}}},{"hash":"18a18b02ec672def9e9608dcd25e9c8fa5aeb17d","isMergeCommit":false,"messageTitle":"Added mark and unmark","messageBody":"","fileTypesAndContributionMap":{"java":{"insertions":18,"deletions":4}}},{"hash":"5ca1326171c61fcc3153e319eb9cf0a416ccfbee","isMergeCommit":false,"messageTitle":"Added mark and unmark, reworked task storage into class","messageBody":"","tags":["Level-4"],"fileTypesAndContributionMap":{"java":{"insertions":65,"deletions":35}}}]},{"date":"2025-11-15T00:00:00","commitResults":[{"hash":"42e2f21298c818800952b73ce522db924728805d","isMergeCommit":false,"messageTitle":"Reworked mark and unmark, added subclasses of task, reworked processor and added methods, reworked print logic, changed ifs and elses into switch where applicable","messageBody":"","tags":["Level-5"],"fileTypesAndContributionMap":{"java":{"insertions":160,"deletions":39}}},{"hash":"6885b0bdfbccb8e283c921dc8a170b8d4d069491","isMergeCommit":false,"messageTitle":"Reworked entirety of processor and other methods to include comprehensive handlers, flavour text inclusive","messageBody":"","fileTypesAndContributionMap":{"java":{"insertions":133,"deletions":41}}},{"hash":"3aa39d3aca66539704770acaee139014b71c6c53","isMergeCommit":false,"messageTitle":"Reworked array to arraylist and refactored, reworked logic of string manipulation, refined handlers, solved caller logic leading to unability to terminate bot, added delete, moved actual adding/removing and partial printing out of main processor","messageBody":"","tags":["Level-6"],"fileTypesAndContributionMap":{"java":{"insertions":163,"deletions":142}}},{"hash":"4ae240d9deb5b832428310bc48a817e69153de3c","isMergeCommit":false,"messageTitle":"added FileProcessor","messageBody":"","fileTypesAndContributionMap":{"java":{"insertions":60,"deletions":7}}},{"hash":"92d47b0a9389913a6b75524297b587456d508178","isMergeCommit":false,"messageTitle":"added toFileString for Tasks, added proper read and write behaviour","messageBody":"","fileTypesAndContributionMap":{"java":{"insertions":52,"deletions":5}}},{"hash":"18577ac169d62c492ef7d62b7e81b7bae90391af","isMergeCommit":false,"messageTitle":"renamed processor to parser, renamed fileprocessor to storage","messageBody":"","fileTypesAndContributionMap":{"java":{"insertions":6,"deletions":6}}}]},{"date":"2025-11-16T00:00:00","commitResults":[{"hash":"5fac441e1ef514f3f8e5de95db54f874ec46ebc0","isMergeCommit":false,"messageTitle":"added Ui, added Parser, added Commands","messageBody":"","fileTypesAndContributionMap":{"java":{"insertions":446,"deletions":171}}},{"hash":"87c3c34169d5fe72716c5c1c572e5a88b28edfbd","isMergeCommit":false,"messageTitle":"reworked all classes for more OOP, code does not run at the moment","messageBody":"","fileTypesAndContributionMap":{"java":{"insertions":102,"deletions":217}}},{"hash":"9c8c666edd6219366ca7c5f7b3038e7f7c0c746f","isMergeCommit":false,"messageTitle":"bug fixed, code runs, Level-7 complete","messageBody":"","fileTypesAndContributionMap":{"java":{"insertions":7,"deletions":4}}},{"hash":"20a8f1477296c6b03f7a9a5240a19638ec4491d4","isMergeCommit":false,"messageTitle":"Divided classes into packages","messageBody":"","tags":["Level-8"],"fileTypesAndContributionMap":{"java":{"insertions":671,"deletions":561}}}]},{"date":"2025-11-18T00:00:00","commitResults":[{"hash":"ad025653a47d5ec4640bf0f97ec9b45b6dd0374a","isMergeCommit":false,"messageTitle":"Added support for dates and times","messageBody":"","fileTypesAndContributionMap":{"java":{"insertions":163,"deletions":48}}}]},{"date":"2025-11-20T00:00:00","commitResults":[{"hash":"c17eb04527623cf04855cf584fcdd14ffe411405","isMergeCommit":false,"messageTitle":"Added javadocs for all classes","messageBody":"","fileTypesAndContributionMap":{"java":{"insertions":374,"deletions":93}}},{"hash":"bb7e3fe55b9cd106fce81fe1b7dccfdebc83d0be","isMergeCommit":false,"messageTitle":"Added gradle","messageBody":"","fileTypesAndContributionMap":{"txt":{"insertions":3,"deletions":0}}},{"hash":"98394c6a84ec7b9369b3341aabb371b84a3644e5","isMergeCommit":true,"messageTitle":"Merge remote-tracking branch \u0027origin/add-gradle-support\u0027","messageBody":"Merging to correct previously created empty add-gradle-support branch,\nnew branch created and cloned from remote master\n","fileTypesAndContributionMap":{}}]},{"date":"2025-11-21T00:00:00","commitResults":[{"hash":"6d0b276ce14096b2219f1c36f59b96dc7a39796c","isMergeCommit":false,"messageTitle":"JUnit tests for Deadline class","messageBody":"","fileTypesAndContributionMap":{"gradle":{"insertions":1,"deletions":1},"txt":{"insertions":0,"deletions":2},"java":{"insertions":169,"deletions":14}}}]},{"date":"2025-11-22T00:00:00","commitResults":[{"hash":"8f7eae4a3036cbaae1bf406a3f6f8c8adcba7688","isMergeCommit":false,"messageTitle":"Amended Vulpes, Storage, Tasklist, added command for archives - mistake made forgetting that run cannot be modified","messageBody":"","fileTypesAndContributionMap":{"java":{"insertions":79,"deletions":35}}},{"hash":"6a42ad9222aabb2320a4580db71ebcc5cc4c89ba","isMergeCommit":false,"messageTitle":"Conceptually troublesome partial rework of developing a different list to store archived tasks instead of just marking tasks as archived","messageBody":"","fileTypesAndContributionMap":{"java":{"insertions":77,"deletions":49}}},{"hash":"be0204575d7c43c9689512e420d884eb78531ed8","isMergeCommit":false,"messageTitle":"Revert \"JUnit tests for Deadline class\"","messageBody":"This reverts commit 6d0b276ce14096b2219f1c36f59b96dc7a39796c.\n","fileTypesAndContributionMap":{"gradle":{"insertions":1,"deletions":1},"txt":{"insertions":2,"deletions":0},"java":{"insertions":14,"deletions":166}}},{"hash":"4fae321d86fcffaef8f3a30e140d9faa8d588b52","isMergeCommit":false,"messageTitle":"moved Vulpes into vulpes","messageBody":"","fileTypesAndContributionMap":{"java":{"insertions":1,"deletions":0}}},{"hash":"f1fbcb84f2bc9a8c04bf5b49f5e47366ecf74fb2","isMergeCommit":false,"messageTitle":"Revert \"Amended Vulpes, Storage, Tasklist, added command for archives - mistake made forgetting that run cannot be modified\"","messageBody":"This reverts commit 8f7eae4a3036cbaae1bf406a3f6f8c8adcba7688.\n\n# Conflicts:\n#\tsrc/main/java/vulpes/Vulpes.java\n#\tsrc/main/java/vulpes/storage/Storage.java\n","fileTypesAndContributionMap":{"java":{"insertions":62,"deletions":107}}},{"hash":"d34da675733634851735ac29393aed49474cbf5c","isMergeCommit":false,"messageTitle":"Revert \"Amended Vulpes, Storage, Tasklist, added command for archives - mistake made forgetting that run cannot be modified\"","messageBody":"This reverts commit 8f7eae4a3036cbaae1bf406a3f6f8c8adcba7688.\n","fileTypesAndContributionMap":{"java":{"insertions":28,"deletions":36}}},{"hash":"85a2d2fb62f5681455bb771929cbd1cfa62bd02f","isMergeCommit":false,"messageTitle":"Reapply \"JUnit tests for Deadline class\"","messageBody":"This reverts commit be0204575d7c43c9689512e420d884eb78531ed8.\n","fileTypesAndContributionMap":{"gradle":{"insertions":1,"deletions":1},"txt":{"insertions":0,"deletions":2},"java":{"insertions":144,"deletions":0}}},{"hash":"510be3f16d3effa185f3cabb9b1fe702ab9ddef4","isMergeCommit":false,"messageTitle":"Revert \"Conceptually troublesome partial rework of developing a different list to store archived tasks instead of just marking tasks as archived\"","messageBody":"This reverts commit 6a42ad9222aabb2320a4580db71ebcc5cc4c89ba.\n\n# Conflicts:\n#\tsrc/main/java/vulpes/Vulpes.java\n#\tsrc/main/java/vulpes/storage/Storage.java\n","fileTypesAndContributionMap":{"java":{"insertions":16,"deletions":28}}},{"hash":"b2ba80023f3a2673fec95a96f6fd21a4318f0ddc","isMergeCommit":false,"messageTitle":"abandon idea of archives to be stored in same list","messageBody":"","fileTypesAndContributionMap":{"java":{"insertions":41,"deletions":6}}},{"hash":"dfe51faccc43631d26de586f1d137b12444ca8ce","isMergeCommit":false,"messageTitle":"Revert \"abandon idea of archives to be stored in same list\"","messageBody":"This reverts commit b2ba80023f3a2673fec95a96f6fd21a4318f0ddc.\n","fileTypesAndContributionMap":{"java":{"insertions":6,"deletions":41}}},{"hash":"32909bc74a3efe9cd4fac072ace2d498ee738b1a","isMergeCommit":false,"messageTitle":"Reapply \"Amended Vulpes, Storage, Tasklist, added command for archives - mistake made forgetting that run cannot be modified\"","messageBody":"This reverts commit d34da675733634851735ac29393aed49474cbf5c.\n","fileTypesAndContributionMap":{"java":{"insertions":36,"deletions":28}}},{"hash":"8aed926b9b281920e58a3b56e9e260d423272305","isMergeCommit":false,"messageTitle":"Reapply \"Amended Vulpes, Storage, Tasklist, added command for archives - mistake made forgetting that run cannot be modified\"","messageBody":"This reverts commit f1fbcb84f2bc9a8c04bf5b49f5e47366ecf74fb2.\n","fileTypesAndContributionMap":{"java":{"insertions":107,"deletions":62}}},{"hash":"176d3da272a5c85e204191d7934759830b817254","isMergeCommit":false,"messageTitle":"Reapply \"Conceptually troublesome partial rework of developing a different list to store archived tasks instead of just marking tasks as archived\"","messageBody":"This reverts commit 510be3f16d3effa185f3cabb9b1fe702ab9ddef4.\n","fileTypesAndContributionMap":{"java":{"insertions":28,"deletions":16}}},{"hash":"34934c7cfa90d9c75907af1f1b83830eb1fa1126","isMergeCommit":false,"messageTitle":"Reworked all classes to work with list and archives","messageBody":"","fileTypesAndContributionMap":{"java":{"insertions":131,"deletions":70}}},{"hash":"d8b606bf8abda84289b4b8a04367d71f6ac362dc","isMergeCommit":false,"messageTitle":"Implemented archives","messageBody":"","tags":["Level-9"],"fileTypesAndContributionMap":{"gradle":{"insertions":1,"deletions":1},"java":{"insertions":81,"deletions":32}}},{"hash":"e950f4b59016520a52ba306d0b1433a278c7c285","isMergeCommit":false,"messageTitle":"Implemented find","messageBody":"","fileTypesAndContributionMap":{"txt":{"insertions":5,"deletions":1},"java":{"insertions":73,"deletions":11}}}]},{"date":"2025-11-23T00:00:00","commitResults":[{"hash":"68991b07d94892fdd71050bb5ed1e46b379fad9e","isMergeCommit":false,"messageTitle":"Reworked all exceptions","messageBody":"","fileTypesAndContributionMap":{"java":{"insertions":125,"deletions":58}}},{"hash":"26c21a86cd08d3bd093f9904e1bf2fc828be51f0","isMergeCommit":false,"messageTitle":"Reworked all exceptions","messageBody":"","fileTypesAndContributionMap":{"java":{"insertions":2,"deletions":3}}},{"hash":"8492f4842c92a43d75bc41db8a9f03c8831050df","isMergeCommit":false,"messageTitle":"Amended javadocs and added comments, reworked classes in line with good convention and good coding practices","messageBody":"","fileTypesAndContributionMap":{"txt":{"insertions":1,"deletions":1},"java":{"insertions":509,"deletions":399}}},{"hash":"61a13f15a0c483208f4cf3a43b3f8db76ff47b2d","isMergeCommit":false,"messageTitle":"Fixed faulty logic preventing proper event creation, added partial help command","messageBody":"","fileTypesAndContributionMap":{"txt":{"insertions":6,"deletions":0},"java":{"insertions":133,"deletions":105}}},{"hash":"23720e9ba1e5e9f22267bf9beb51bccca0df02be","isMergeCommit":false,"messageTitle":"Completed help command","messageBody":"","fileTypesAndContributionMap":{"java":{"insertions":81,"deletions":40}}},{"hash":"e7f25c6246b88dd56c45942e7c00f8101bfc527c","isMergeCommit":false,"messageTitle":"Added viewschedule, added viewschedule in help, made new exception for viewschedule","messageBody":"","fileTypesAndContributionMap":{"txt":{"insertions":1,"deletions":1},"java":{"insertions":188,"deletions":27}}},{"hash":"bb34c27baee79a625e127029f537f9d34f7d6f86","isMergeCommit":false,"messageTitle":"Added asserts and fixed wrong display of list/archive statement when index out of bounds error occurs","messageBody":"","fileTypesAndContributionMap":{"txt":{"insertions":2,"deletions":10},"java":{"insertions":36,"deletions":8}}},{"hash":"b50e31dec9b61a347730f86dd0778a3151f5bd4f","isMergeCommit":false,"messageTitle":"JAR generated","messageBody":"","fileTypesAndContributionMap":{"gradle":{"insertions":1,"deletions":1}}},{"hash":"55a77af7a0b7fd5f30c25db49555812112bb7817","isMergeCommit":false,"messageTitle":"Added references","messageBody":"","fileTypesAndContributionMap":{"java":{"insertions":38,"deletions":1}}},{"hash":"ead008a0abc53fbd6aeb61288810b1c1127b9f3e","isMergeCommit":false,"messageTitle":"Added comments","messageBody":"","fileTypesAndContributionMap":{"java":{"insertions":8,"deletions":0}}},{"hash":"09380ee6ea9070d10151b582b9a1d329bb28f777","isMergeCommit":false,"messageTitle":"Amended flavour","messageBody":"","fileTypesAndContributionMap":{"java":{"insertions":1,"deletions":1}}}]}]},"authorFileTypeContributionMap":{"IDrinkTeh":{"java":1983,"md":0,"fxml":0,"sh":0,"bat":0,"gradle":2,"txt":3}},"authorContributionVariance":{"IDrinkTeh":99095.266},"authorDisplayNameMap":{"IDrinkTeh":"LEON..RIEL"}}
