[{"path":"docs/Project_Tasks.md","fileType":"md","lines":[{"lineNumber":1,"author":{"gitId":"daxsn"},"content":"# Project Task","lastModifiedDate":"2025-08-18T18:17:42","isFullCredit":false},{"lineNumber":2,"author":{"gitId":"daxsn"},"content":"","lastModifiedDate":"2025-08-18T18:17:42","isFullCredit":false},{"lineNumber":3,"author":{"gitId":"daxsn"},"content":"### Week 3","lastModifiedDate":"2025-08-18T18:17:42","isFullCredit":false},{"lineNumber":4,"author":{"gitId":"daxsn"},"content":"","lastModifiedDate":"2025-08-18T18:17:42","isFullCredit":false},{"lineNumber":5,"author":{"gitId":"daxsn"},"content":"- Create a new class to mimic `Tasks`","lastModifiedDate":"2025-08-18T18:17:42","isFullCredit":false},{"lineNumber":6,"author":{"gitId":"daxsn"},"content":"- Probably need to modify `userList` class to have an array of `Tasks` instead of `Strings`","lastModifiedDate":"2025-08-18T18:17:42","isFullCredit":false},{"lineNumber":7,"author":{"gitId":"daxsn"},"content":"","lastModifiedDate":"2025-08-18T18:18:57","isFullCredit":false},{"lineNumber":8,"author":{"gitId":"daxsn"},"content":"\u003e Potential Issues","lastModifiedDate":"2025-08-18T18:17:42","isFullCredit":false},{"lineNumber":9,"author":{"gitId":"daxsn"},"content":"","lastModifiedDate":"2025-08-18T18:18:57","isFullCredit":false},{"lineNumber":10,"author":{"gitId":"daxsn"},"content":"- I will have to update the `userList` object each time there is changes to the Tasks","lastModifiedDate":"2025-08-18T18:17:42","isFullCredit":false}],"authorContributionMap":{"daxsn":10}},{"path":"src/main/java/Deadline.java","fileType":"java","lines":[{"lineNumber":1,"author":{"gitId":"daxsn"},"content":"public class Deadline extends Task {","lastModifiedDate":"2025-09-12T16:53:24","isFullCredit":false},{"lineNumber":2,"author":{"gitId":"daxsn"},"content":"","lastModifiedDate":"2025-09-12T16:53:24","isFullCredit":false},{"lineNumber":3,"author":{"gitId":"daxsn"},"content":"    protected String by;","lastModifiedDate":"2025-09-12T16:53:24","isFullCredit":false},{"lineNumber":4,"author":{"gitId":"daxsn"},"content":"","lastModifiedDate":"2025-09-12T16:53:24","isFullCredit":false},{"lineNumber":5,"author":{"gitId":"daxsn"},"content":"    public Deadline(String description, String by) {","lastModifiedDate":"2025-09-12T16:53:24","isFullCredit":false},{"lineNumber":6,"author":{"gitId":"daxsn"},"content":"        super(description);","lastModifiedDate":"2025-09-12T16:53:24","isFullCredit":false},{"lineNumber":7,"author":{"gitId":"daxsn"},"content":"        this.by \u003d by;","lastModifiedDate":"2025-09-12T16:53:24","isFullCredit":false},{"lineNumber":8,"author":{"gitId":"daxsn"},"content":"    }","lastModifiedDate":"2025-09-12T16:53:24","isFullCredit":false},{"lineNumber":9,"author":{"gitId":"daxsn"},"content":"    @Override","lastModifiedDate":"2025-09-12T16:53:24","isFullCredit":false},{"lineNumber":10,"author":{"gitId":"daxsn"},"content":"    public String printString() {","lastModifiedDate":"2025-09-12T16:53:24","isFullCredit":false},{"lineNumber":11,"author":{"gitId":"daxsn"},"content":"        return \"[D]\" + \"[\" + getStatusIcon() + \"] \" + getDescription() + \"(by: \" + this.by + \")\";","lastModifiedDate":"2025-09-12T16:53:24","isFullCredit":false},{"lineNumber":12,"author":{"gitId":"daxsn"},"content":"    }","lastModifiedDate":"2025-09-12T16:53:24","isFullCredit":false},{"lineNumber":13,"author":{"gitId":"daxsn"},"content":"","lastModifiedDate":"2025-09-12T16:53:24","isFullCredit":false},{"lineNumber":14,"author":{"gitId":"daxsn"},"content":"}","lastModifiedDate":"2025-09-12T16:53:24","isFullCredit":false}],"authorContributionMap":{"daxsn":14}},{"path":"src/main/java/Event.java","fileType":"java","lines":[{"lineNumber":1,"author":{"gitId":"daxsn"},"content":"public class Event extends Task {","lastModifiedDate":"2025-09-12T16:53:24","isFullCredit":false},{"lineNumber":2,"author":{"gitId":"daxsn"},"content":"","lastModifiedDate":"2025-09-12T16:53:24","isFullCredit":false},{"lineNumber":3,"author":{"gitId":"daxsn"},"content":"    protected String from;","lastModifiedDate":"2025-09-12T16:53:24","isFullCredit":false},{"lineNumber":4,"author":{"gitId":"daxsn"},"content":"    protected String to;","lastModifiedDate":"2025-09-12T16:53:24","isFullCredit":false},{"lineNumber":5,"author":{"gitId":"daxsn"},"content":"","lastModifiedDate":"2025-09-12T16:53:24","isFullCredit":false},{"lineNumber":6,"author":{"gitId":"daxsn"},"content":"    public Event(String description, String from, String to) {","lastModifiedDate":"2025-09-12T16:53:24","isFullCredit":false},{"lineNumber":7,"author":{"gitId":"daxsn"},"content":"        super(description);","lastModifiedDate":"2025-09-12T16:53:24","isFullCredit":false},{"lineNumber":8,"author":{"gitId":"daxsn"},"content":"        this.from \u003d from;","lastModifiedDate":"2025-09-12T16:53:24","isFullCredit":false},{"lineNumber":9,"author":{"gitId":"daxsn"},"content":"        this.to \u003d to;","lastModifiedDate":"2025-09-12T16:53:24","isFullCredit":false},{"lineNumber":10,"author":{"gitId":"daxsn"},"content":"    }","lastModifiedDate":"2025-09-12T16:53:24","isFullCredit":false},{"lineNumber":11,"author":{"gitId":"daxsn"},"content":"    @Override","lastModifiedDate":"2025-09-12T16:53:24","isFullCredit":false},{"lineNumber":12,"author":{"gitId":"daxsn"},"content":"    public String printString() {","lastModifiedDate":"2025-09-12T16:53:24","isFullCredit":false},{"lineNumber":13,"author":{"gitId":"daxsn"},"content":"        return \"[E]\" + \"[\" + getStatusIcon() + \"] \" + getDescription() + \"(from: \" + this.from + \" to: \"+ this.to + \")\";","lastModifiedDate":"2025-09-12T16:53:24","isFullCredit":false},{"lineNumber":14,"author":{"gitId":"daxsn"},"content":"    }","lastModifiedDate":"2025-09-12T16:53:24","isFullCredit":false},{"lineNumber":15,"author":{"gitId":"daxsn"},"content":"","lastModifiedDate":"2025-09-12T16:53:24","isFullCredit":false},{"lineNumber":16,"author":{"gitId":"daxsn"},"content":"}","lastModifiedDate":"2025-09-12T16:53:24","isFullCredit":false}],"authorContributionMap":{"daxsn":16}},{"path":"src/main/java/Moonchester.java","fileType":"java","lines":[{"lineNumber":1,"author":{"gitId":"daxsn"},"content":"import java.util.Arrays;","lastModifiedDate":"2025-09-12T16:53:24","isFullCredit":false},{"lineNumber":2,"author":{"gitId":"daxsn"},"content":"import java.util.Scanner;","lastModifiedDate":"2025-08-17T23:34:23","isFullCredit":false},{"lineNumber":3,"author":{"gitId":"daxsn"},"content":"","lastModifiedDate":"2025-08-17T23:34:23","isFullCredit":false},{"lineNumber":4,"author":{"gitId":"daxsn"},"content":"public class Moonchester {","lastModifiedDate":"2025-08-17T23:02:56","isFullCredit":false},{"lineNumber":5,"author":{"gitId":"daxsn"},"content":"","lastModifiedDate":"2025-08-17T23:02:56","isFullCredit":false},{"lineNumber":6,"author":{"gitId":"daxsn"},"content":"    public static void userGreeting () {","lastModifiedDate":"2025-08-17T23:02:56","isFullCredit":false},{"lineNumber":7,"author":{"gitId":"daxsn"},"content":"        String greetingMessage \u003d \"\"\"","lastModifiedDate":"2025-08-17T23:02:56","isFullCredit":false},{"lineNumber":8,"author":{"gitId":"daxsn"},"content":"        ____________________________________________________________","lastModifiedDate":"2025-08-17T23:02:56","isFullCredit":false},{"lineNumber":9,"author":{"gitId":"daxsn"},"content":"        Hello! I am Moonchester, your personal chatbot!","lastModifiedDate":"2025-08-17T23:02:56","isFullCredit":false},{"lineNumber":10,"author":{"gitId":"daxsn"},"content":"        What can I do for you?","lastModifiedDate":"2025-08-17T23:02:56","isFullCredit":false},{"lineNumber":11,"author":{"gitId":"daxsn"},"content":"        \"\"\";","lastModifiedDate":"2025-08-17T23:02:56","isFullCredit":false},{"lineNumber":12,"author":{"gitId":"daxsn"},"content":"        System.out.print(greetingMessage);","lastModifiedDate":"2025-08-17T23:02:56","isFullCredit":false},{"lineNumber":13,"author":{"gitId":"daxsn"},"content":"    }","lastModifiedDate":"2025-08-17T23:02:56","isFullCredit":false},{"lineNumber":14,"author":{"gitId":"daxsn"},"content":"","lastModifiedDate":"2025-08-17T23:02:56","isFullCredit":false},{"lineNumber":15,"author":{"gitId":"daxsn"},"content":"    public static void userExit () {","lastModifiedDate":"2025-08-17T23:02:56","isFullCredit":false},{"lineNumber":16,"author":{"gitId":"daxsn"},"content":"        String exitMessage \u003d \"\"\"","lastModifiedDate":"2025-08-17T23:02:56","isFullCredit":false},{"lineNumber":17,"author":{"gitId":"daxsn"},"content":"        Hope to see you again soon, goodbye!","lastModifiedDate":"2025-08-17T23:02:56","isFullCredit":false},{"lineNumber":18,"author":{"gitId":"daxsn"},"content":"        ____________________________________________________________","lastModifiedDate":"2025-08-17T23:02:56","isFullCredit":false},{"lineNumber":19,"author":{"gitId":"daxsn"},"content":"        \"\"\";","lastModifiedDate":"2025-08-17T23:02:56","isFullCredit":false},{"lineNumber":20,"author":{"gitId":"daxsn"},"content":"        System.out.print(exitMessage);","lastModifiedDate":"2025-08-17T23:02:56","isFullCredit":false},{"lineNumber":21,"author":{"gitId":"daxsn"},"content":"    }","lastModifiedDate":"2025-08-17T23:02:56","isFullCredit":false},{"lineNumber":22,"author":{"gitId":"daxsn"},"content":"","lastModifiedDate":"2025-08-17T23:02:56","isFullCredit":false},{"lineNumber":23,"author":{"gitId":"daxsn"},"content":"    public static void printList (UserList userList) {","lastModifiedDate":"2025-09-12T16:53:24","isFullCredit":false},{"lineNumber":24,"author":{"gitId":"daxsn"},"content":"        System.out.println(\"[+] User\u0027s List\");","lastModifiedDate":"2025-08-18T15:22:16","isFullCredit":false},{"lineNumber":25,"author":{"gitId":"daxsn"},"content":"        int counter \u003d 1;","lastModifiedDate":"2025-08-18T15:22:16","isFullCredit":false},{"lineNumber":26,"author":{"gitId":"daxsn"},"content":"        for (Task item : userList.getList()) {","lastModifiedDate":"2025-09-09T19:54:50","isFullCredit":false},{"lineNumber":27,"author":{"gitId":"daxsn"},"content":"            System.out.println(counter + \". \" + item.printString());","lastModifiedDate":"2025-09-12T11:47:21","isFullCredit":false},{"lineNumber":28,"author":{"gitId":"daxsn"},"content":"            counter++;","lastModifiedDate":"2025-08-18T15:22:16","isFullCredit":false},{"lineNumber":29,"author":{"gitId":"daxsn"},"content":"        }","lastModifiedDate":"2025-08-18T15:22:16","isFullCredit":false},{"lineNumber":30,"author":{"gitId":"daxsn"},"content":"        System.out.println(\"____________________________________________________________\");","lastModifiedDate":"2025-08-18T15:22:16","isFullCredit":false},{"lineNumber":31,"author":{"gitId":"daxsn"},"content":"    }","lastModifiedDate":"2025-08-18T15:22:16","isFullCredit":false},{"lineNumber":32,"author":{"gitId":"daxsn"},"content":"","lastModifiedDate":"2025-08-18T15:22:16","isFullCredit":false},{"lineNumber":33,"author":{"gitId":"daxsn"},"content":"    public static void handleMarking (UserList userList, String[] userItem_split, boolean status) {","lastModifiedDate":"2025-09-12T16:53:24","isFullCredit":false},{"lineNumber":34,"author":{"gitId":"daxsn"},"content":"        int index \u003d Integer.parseInt(userItem_split[1]);","lastModifiedDate":"2025-09-09T19:54:50","isFullCredit":false},{"lineNumber":35,"author":{"gitId":"daxsn"},"content":"        if (userList.getSize() \u003e\u003d index \u0026\u0026 index \u003e 0) {","lastModifiedDate":"2025-09-12T11:47:21","isFullCredit":false},{"lineNumber":36,"author":{"gitId":"daxsn"},"content":"            userList.getSpecificTask(index).setStatus(status);","lastModifiedDate":"2025-09-09T19:54:50","isFullCredit":false},{"lineNumber":37,"author":{"gitId":"daxsn"},"content":"            System.out.println(\"[+] Marked as completed: \" + userList.getSpecificTask(index).getDescription());","lastModifiedDate":"2025-09-09T19:54:50","isFullCredit":false},{"lineNumber":38,"author":{"gitId":"daxsn"},"content":"            System.out.println(\"____________________________________________________________\");","lastModifiedDate":"2025-09-09T19:54:50","isFullCredit":false},{"lineNumber":39,"author":{"gitId":"daxsn"},"content":"        }","lastModifiedDate":"2025-09-09T19:54:50","isFullCredit":false},{"lineNumber":40,"author":{"gitId":"daxsn"},"content":"        else {","lastModifiedDate":"2025-09-09T19:54:50","isFullCredit":false},{"lineNumber":41,"author":{"gitId":"daxsn"},"content":"            System.out.println(\"[!] Please select a valid S/N\");","lastModifiedDate":"2025-09-09T19:54:50","isFullCredit":false},{"lineNumber":42,"author":{"gitId":"daxsn"},"content":"            System.out.println(\"____________________________________________________________\");","lastModifiedDate":"2025-09-09T19:54:50","isFullCredit":false},{"lineNumber":43,"author":{"gitId":"daxsn"},"content":"        }","lastModifiedDate":"2025-09-09T19:54:50","isFullCredit":false},{"lineNumber":44,"author":{"gitId":"daxsn"},"content":"    }","lastModifiedDate":"2025-09-09T19:54:50","isFullCredit":false},{"lineNumber":45,"author":{"gitId":"daxsn"},"content":"","lastModifiedDate":"2025-09-09T19:54:50","isFullCredit":false},{"lineNumber":46,"author":{"gitId":"daxsn"},"content":"    // Can reuse","lastModifiedDate":"2025-09-12T16:53:24","isFullCredit":false},{"lineNumber":47,"author":{"gitId":"daxsn"},"content":"    public static String[] stringSplitter(String userItem, String delimiter) {","lastModifiedDate":"2025-09-12T16:53:24","isFullCredit":false},{"lineNumber":48,"author":{"gitId":"daxsn"},"content":"        String[] userItem_split \u003d userItem.split(delimiter);","lastModifiedDate":"2025-09-12T16:53:24","isFullCredit":false},{"lineNumber":49,"author":{"gitId":"daxsn"},"content":"        return userItem_split;","lastModifiedDate":"2025-09-12T16:53:24","isFullCredit":false},{"lineNumber":50,"author":{"gitId":"daxsn"},"content":"    }","lastModifiedDate":"2025-09-12T16:53:24","isFullCredit":false},{"lineNumber":51,"author":{"gitId":"daxsn"},"content":"","lastModifiedDate":"2025-09-12T16:53:24","isFullCredit":false},{"lineNumber":52,"author":{"gitId":"daxsn"},"content":"    // To help extract to and from","lastModifiedDate":"2025-09-12T16:53:24","isFullCredit":false},{"lineNumber":53,"author":{"gitId":"daxsn"},"content":"    public static String[] eventExtractor(String event_array) {","lastModifiedDate":"2025-09-12T16:53:24","isFullCredit":false},{"lineNumber":54,"author":{"gitId":"daxsn"},"content":"        String[] results \u003d new String[2];","lastModifiedDate":"2025-09-12T16:53:24","isFullCredit":false},{"lineNumber":55,"author":{"gitId":"daxsn"},"content":"        String[] event_array_parts \u003d event_array.split(\"/to\");","lastModifiedDate":"2025-09-12T16:53:24","isFullCredit":false},{"lineNumber":56,"author":{"gitId":"daxsn"},"content":"        results[0] \u003d event_array_parts[0].replace(\"/from\", \"\").trim();","lastModifiedDate":"2025-09-12T16:53:24","isFullCredit":false},{"lineNumber":57,"author":{"gitId":"daxsn"},"content":"        results[1]   \u003d event_array_parts[1].trim();","lastModifiedDate":"2025-09-12T16:53:24","isFullCredit":false},{"lineNumber":58,"author":{"gitId":"daxsn"},"content":"        return results;","lastModifiedDate":"2025-09-12T16:53:24","isFullCredit":false},{"lineNumber":59,"author":{"gitId":"daxsn"},"content":"    }","lastModifiedDate":"2025-09-12T16:53:24","isFullCredit":false},{"lineNumber":60,"author":{"gitId":"daxsn"},"content":"    // For deadline and event, to make a copy of task description and join them back","lastModifiedDate":"2025-09-12T16:53:24","isFullCredit":false},{"lineNumber":61,"author":{"gitId":"daxsn"},"content":"    private static String joinFromSecond(String[] task_description) {","lastModifiedDate":"2025-09-12T16:53:24","isFullCredit":false},{"lineNumber":62,"author":{"gitId":"daxsn"},"content":"        if (task_description.length \u003c\u003d 1) {","lastModifiedDate":"2025-09-12T16:53:24","isFullCredit":false},{"lineNumber":63,"author":{"gitId":"daxsn"},"content":"            return \"\";","lastModifiedDate":"2025-09-12T16:53:24","isFullCredit":false},{"lineNumber":64,"author":{"gitId":"daxsn"},"content":"        }","lastModifiedDate":"2025-09-12T16:53:24","isFullCredit":false},{"lineNumber":65,"author":{"gitId":"daxsn"},"content":"        String[] result \u003d Arrays.copyOfRange(task_description, 1, task_description.length);","lastModifiedDate":"2025-09-12T16:53:24","isFullCredit":false},{"lineNumber":66,"author":{"gitId":"daxsn"},"content":"        return String.join(\" \", result);","lastModifiedDate":"2025-09-12T16:53:24","isFullCredit":false},{"lineNumber":67,"author":{"gitId":"daxsn"},"content":"    }","lastModifiedDate":"2025-09-12T16:53:24","isFullCredit":false},{"lineNumber":68,"author":{"gitId":"daxsn"},"content":"","lastModifiedDate":"2025-09-12T16:53:24","isFullCredit":false},{"lineNumber":69,"author":{"gitId":"daxsn"},"content":"    // Todo","lastModifiedDate":"2025-09-12T16:53:24","isFullCredit":false},{"lineNumber":70,"author":{"gitId":"daxsn"},"content":"    public static void addTodo(UserList userList, String[] splitted_string) {","lastModifiedDate":"2025-09-12T16:53:24","isFullCredit":false},{"lineNumber":71,"author":{"gitId":"daxsn"},"content":"        String[] task_description_array \u003d Arrays.copyOfRange(splitted_string, 1, splitted_string.length);","lastModifiedDate":"2025-09-12T16:53:24","isFullCredit":false},{"lineNumber":72,"author":{"gitId":"daxsn"},"content":"        String task_description \u003d String.join(\" \", task_description_array);","lastModifiedDate":"2025-09-12T16:53:24","isFullCredit":false},{"lineNumber":73,"author":{"gitId":"daxsn"},"content":"        Todo new_todo \u003d new Todo(task_description);","lastModifiedDate":"2025-09-12T16:53:24","isFullCredit":false},{"lineNumber":74,"author":{"gitId":"daxsn"},"content":"        userList.addItem(new_todo);","lastModifiedDate":"2025-09-12T16:53:24","isFullCredit":false},{"lineNumber":75,"author":{"gitId":"daxsn"},"content":"    }","lastModifiedDate":"2025-09-12T16:53:24","isFullCredit":false},{"lineNumber":76,"author":{"gitId":"daxsn"},"content":"","lastModifiedDate":"2025-09-12T16:53:24","isFullCredit":false},{"lineNumber":77,"author":{"gitId":"daxsn"},"content":"    // Deadline","lastModifiedDate":"2025-09-12T16:53:24","isFullCredit":false},{"lineNumber":78,"author":{"gitId":"daxsn"},"content":"    public static void addDeadline(UserList userList, String task_description) {","lastModifiedDate":"2025-09-12T16:53:24","isFullCredit":false},{"lineNumber":79,"author":{"gitId":"daxsn"},"content":"        String[] splitted_string \u003d stringSplitter(task_description, \"/by\");","lastModifiedDate":"2025-09-12T16:53:24","isFullCredit":false},{"lineNumber":80,"author":{"gitId":"daxsn"},"content":"        Deadline new_deadline \u003d new Deadline(splitted_string[0], splitted_string[1].replace(\" \", \"\"));","lastModifiedDate":"2025-09-12T16:53:24","isFullCredit":false},{"lineNumber":81,"author":{"gitId":"daxsn"},"content":"        userList.addItem(new_deadline);","lastModifiedDate":"2025-09-12T16:53:24","isFullCredit":false},{"lineNumber":82,"author":{"gitId":"daxsn"},"content":"    }","lastModifiedDate":"2025-09-12T16:53:24","isFullCredit":false},{"lineNumber":83,"author":{"gitId":"daxsn"},"content":"","lastModifiedDate":"2025-09-12T16:53:24","isFullCredit":false},{"lineNumber":84,"author":{"gitId":"daxsn"},"content":"    //Event","lastModifiedDate":"2025-09-12T16:53:24","isFullCredit":false},{"lineNumber":85,"author":{"gitId":"daxsn"},"content":"    public static void addEvent(UserList userList, String task_description) {","lastModifiedDate":"2025-09-12T16:53:24","isFullCredit":false},{"lineNumber":86,"author":{"gitId":"daxsn"},"content":"        String[] description_array \u003d stringSplitter(task_description, \"/from\");","lastModifiedDate":"2025-09-12T16:53:24","isFullCredit":false},{"lineNumber":87,"author":{"gitId":"daxsn"},"content":"        String description \u003d description_array[0];","lastModifiedDate":"2025-09-12T16:53:24","isFullCredit":false},{"lineNumber":88,"author":{"gitId":"daxsn"},"content":"        String[] results \u003d eventExtractor(description_array[1]);","lastModifiedDate":"2025-09-12T16:53:24","isFullCredit":false},{"lineNumber":89,"author":{"gitId":"daxsn"},"content":"        Event new_event \u003d new Event(description, results[0], results[1]);","lastModifiedDate":"2025-09-12T16:53:24","isFullCredit":false},{"lineNumber":90,"author":{"gitId":"daxsn"},"content":"        userList.addItem(new_event);","lastModifiedDate":"2025-09-12T16:53:24","isFullCredit":false},{"lineNumber":91,"author":{"gitId":"daxsn"},"content":"    }","lastModifiedDate":"2025-09-12T16:53:24","isFullCredit":false},{"lineNumber":92,"author":{"gitId":"daxsn"},"content":"","lastModifiedDate":"2025-09-12T16:53:24","isFullCredit":false},{"lineNumber":93,"author":{"gitId":"daxsn"},"content":"    public static void main(String[] args) {","lastModifiedDate":"2025-08-17T23:02:56","isFullCredit":false},{"lineNumber":94,"author":{"gitId":"daxsn"},"content":"        Scanner userCommand_Obj \u003d new Scanner(System.in); ","lastModifiedDate":"2025-08-17T23:34:23","isFullCredit":false},{"lineNumber":95,"author":{"gitId":"daxsn"},"content":"        UserList userList \u003d new UserList();","lastModifiedDate":"2025-09-12T16:53:24","isFullCredit":false},{"lineNumber":96,"author":{"gitId":"daxsn"},"content":"        userGreeting();","lastModifiedDate":"2025-08-18T15:22:16","isFullCredit":false},{"lineNumber":97,"author":{"gitId":"daxsn"},"content":"        while (true) {","lastModifiedDate":"2025-08-18T15:22:16","isFullCredit":false},{"lineNumber":98,"author":{"gitId":"daxsn"},"content":"            System.out.print(\"Command / Add : \");","lastModifiedDate":"2025-08-18T15:22:16","isFullCredit":false},{"lineNumber":99,"author":{"gitId":"daxsn"},"content":"            String userItem \u003d userCommand_Obj.nextLine();","lastModifiedDate":"2025-08-18T15:22:16","isFullCredit":false},{"lineNumber":100,"author":{"gitId":"daxsn"},"content":"            String[] splitted_string \u003d stringSplitter(userItem, \" \");","lastModifiedDate":"2025-09-12T16:53:24","isFullCredit":false},{"lineNumber":101,"author":{"gitId":"daxsn"},"content":"","lastModifiedDate":"2025-09-12T16:53:24","isFullCredit":false},{"lineNumber":102,"author":{"gitId":"daxsn"},"content":"            if (splitted_string[0].equals(\"list\")) {","lastModifiedDate":"2025-09-12T16:53:24","isFullCredit":false},{"lineNumber":103,"author":{"gitId":"daxsn"},"content":"                printList(userList);","lastModifiedDate":"2025-08-18T15:22:16","isFullCredit":false},{"lineNumber":104,"author":{"gitId":"daxsn"},"content":"            }","lastModifiedDate":"2025-08-18T15:22:16","isFullCredit":false},{"lineNumber":105,"author":{"gitId":"daxsn"},"content":"            else if (splitted_string[0].equals(\"bye\")) {","lastModifiedDate":"2025-09-12T16:53:24","isFullCredit":false},{"lineNumber":106,"author":{"gitId":"daxsn"},"content":"                break;","lastModifiedDate":"2025-08-17T23:34:23","isFullCredit":false},{"lineNumber":107,"author":{"gitId":"daxsn"},"content":"            }","lastModifiedDate":"2025-08-17T23:34:23","isFullCredit":false},{"lineNumber":108,"author":{"gitId":"daxsn"},"content":"            else if (splitted_string[0].startsWith(\"mark\")) {","lastModifiedDate":"2025-09-12T16:53:24","isFullCredit":false},{"lineNumber":109,"author":{"gitId":"daxsn"},"content":"                handleMarking(userList, splitted_string, true);","lastModifiedDate":"2025-09-12T16:53:24","isFullCredit":false},{"lineNumber":110,"author":{"gitId":"daxsn"},"content":"            }","lastModifiedDate":"2025-09-09T19:54:50","isFullCredit":false},{"lineNumber":111,"author":{"gitId":"daxsn"},"content":"            else if (splitted_string[0].startsWith(\"unmark\")) {","lastModifiedDate":"2025-09-12T16:53:24","isFullCredit":false},{"lineNumber":112,"author":{"gitId":"daxsn"},"content":"                handleMarking(userList, splitted_string, false);","lastModifiedDate":"2025-09-12T16:53:24","isFullCredit":false},{"lineNumber":113,"author":{"gitId":"daxsn"},"content":"            }","lastModifiedDate":"2025-09-12T16:53:24","isFullCredit":false},{"lineNumber":114,"author":{"gitId":"daxsn"},"content":"            else if (splitted_string[0].startsWith(\"todo\")) {","lastModifiedDate":"2025-09-12T16:53:24","isFullCredit":false},{"lineNumber":115,"author":{"gitId":"daxsn"},"content":"                addTodo(userList, splitted_string);","lastModifiedDate":"2025-09-12T16:53:24","isFullCredit":false},{"lineNumber":116,"author":{"gitId":"daxsn"},"content":"            }","lastModifiedDate":"2025-09-12T16:53:24","isFullCredit":false},{"lineNumber":117,"author":{"gitId":"daxsn"},"content":"            else if (splitted_string[0].startsWith(\"deadline\")) {","lastModifiedDate":"2025-09-12T16:53:24","isFullCredit":false},{"lineNumber":118,"author":{"gitId":"daxsn"},"content":"                String task_description \u003d joinFromSecond(splitted_string);","lastModifiedDate":"2025-09-12T16:53:24","isFullCredit":false},{"lineNumber":119,"author":{"gitId":"daxsn"},"content":"                addDeadline(userList, task_description);","lastModifiedDate":"2025-09-12T16:53:24","isFullCredit":false},{"lineNumber":120,"author":{"gitId":"daxsn"},"content":"            }","lastModifiedDate":"2025-09-12T16:53:24","isFullCredit":false},{"lineNumber":121,"author":{"gitId":"daxsn"},"content":"            else if (splitted_string[0].startsWith(\"event\")) {","lastModifiedDate":"2025-09-12T16:53:24","isFullCredit":false},{"lineNumber":122,"author":{"gitId":"daxsn"},"content":"                String task_description \u003d joinFromSecond(splitted_string);","lastModifiedDate":"2025-09-12T16:53:24","isFullCredit":false},{"lineNumber":123,"author":{"gitId":"daxsn"},"content":"                addEvent(userList, task_description);","lastModifiedDate":"2025-09-12T16:53:24","isFullCredit":false},{"lineNumber":124,"author":{"gitId":"daxsn"},"content":"            }","lastModifiedDate":"2025-09-09T19:54:50","isFullCredit":false},{"lineNumber":125,"author":{"gitId":"daxsn"},"content":"            else {","lastModifiedDate":"2025-08-18T15:22:16","isFullCredit":false},{"lineNumber":126,"author":{"gitId":"daxsn"},"content":"                Task new_task \u003d new Task(userItem);","lastModifiedDate":"2025-09-09T19:54:50","isFullCredit":false},{"lineNumber":127,"author":{"gitId":"daxsn"},"content":"                userList.addItem(new_task);","lastModifiedDate":"2025-09-09T19:54:50","isFullCredit":false},{"lineNumber":128,"author":{"gitId":"daxsn"},"content":"            }","lastModifiedDate":"2025-08-18T15:22:16","isFullCredit":false},{"lineNumber":129,"author":{"gitId":"daxsn"},"content":"        }","lastModifiedDate":"2025-08-17T23:34:23","isFullCredit":false},{"lineNumber":130,"author":{"gitId":"daxsn"},"content":"        userExit();","lastModifiedDate":"2025-08-17T23:02:56","isFullCredit":false},{"lineNumber":131,"author":{"gitId":"daxsn"},"content":"        userCommand_Obj.close();","lastModifiedDate":"2025-09-13T19:33:19","isFullCredit":false},{"lineNumber":132,"author":{"gitId":"daxsn"},"content":"    }","lastModifiedDate":"2025-08-17T23:02:56","isFullCredit":false},{"lineNumber":133,"author":{"gitId":"daxsn"},"content":"}","lastModifiedDate":"2025-08-17T23:02:56","isFullCredit":false}],"authorContributionMap":{"daxsn":133}},{"path":"src/main/java/Task.java","fileType":"java","lines":[{"lineNumber":1,"author":{"gitId":"daxsn"},"content":"public class Task {","lastModifiedDate":"2025-09-09T19:54:50","isFullCredit":false},{"lineNumber":2,"author":{"gitId":"daxsn"},"content":"    protected String description;","lastModifiedDate":"2025-09-09T19:54:50","isFullCredit":false},{"lineNumber":3,"author":{"gitId":"daxsn"},"content":"    protected boolean status;","lastModifiedDate":"2025-09-09T19:54:50","isFullCredit":false},{"lineNumber":4,"author":{"gitId":"daxsn"},"content":"","lastModifiedDate":"2025-09-09T19:54:50","isFullCredit":false},{"lineNumber":5,"author":{"gitId":"daxsn"},"content":"    public Task(String description) {","lastModifiedDate":"2025-09-09T19:54:50","isFullCredit":false},{"lineNumber":6,"author":{"gitId":"daxsn"},"content":"        this.description \u003d description;","lastModifiedDate":"2025-09-09T19:54:50","isFullCredit":false},{"lineNumber":7,"author":{"gitId":"daxsn"},"content":"        this.status \u003d false;","lastModifiedDate":"2025-09-09T19:54:50","isFullCredit":false},{"lineNumber":8,"author":{"gitId":"daxsn"},"content":"    }","lastModifiedDate":"2025-09-09T19:54:50","isFullCredit":false},{"lineNumber":9,"author":{"gitId":"daxsn"},"content":"","lastModifiedDate":"2025-09-09T19:54:50","isFullCredit":false},{"lineNumber":10,"author":{"gitId":"daxsn"},"content":"    // Getters","lastModifiedDate":"2025-09-09T19:54:50","isFullCredit":false},{"lineNumber":11,"author":{"gitId":"daxsn"},"content":"","lastModifiedDate":"2025-09-09T19:54:50","isFullCredit":false},{"lineNumber":12,"author":{"gitId":"daxsn"},"content":"    public String getDescription() {","lastModifiedDate":"2025-09-09T19:54:50","isFullCredit":false},{"lineNumber":13,"author":{"gitId":"daxsn"},"content":"        return this.description;","lastModifiedDate":"2025-09-09T19:54:50","isFullCredit":false},{"lineNumber":14,"author":{"gitId":"daxsn"},"content":"    }","lastModifiedDate":"2025-09-09T19:54:50","isFullCredit":false},{"lineNumber":15,"author":{"gitId":"daxsn"},"content":"","lastModifiedDate":"2025-09-09T19:54:50","isFullCredit":false},{"lineNumber":16,"author":{"gitId":"daxsn"},"content":"    public String getStatusIcon() {","lastModifiedDate":"2025-09-09T19:54:50","isFullCredit":false},{"lineNumber":17,"author":{"gitId":"daxsn"},"content":"        if(this.status \u003d\u003d true) {","lastModifiedDate":"2025-09-09T19:54:50","isFullCredit":false},{"lineNumber":18,"author":{"gitId":"daxsn"},"content":"            return \"X\";","lastModifiedDate":"2025-09-09T19:54:50","isFullCredit":false},{"lineNumber":19,"author":{"gitId":"daxsn"},"content":"        }","lastModifiedDate":"2025-09-09T19:54:50","isFullCredit":false},{"lineNumber":20,"author":{"gitId":"daxsn"},"content":"        return \" \";","lastModifiedDate":"2025-09-09T19:54:50","isFullCredit":false},{"lineNumber":21,"author":{"gitId":"daxsn"},"content":"    }","lastModifiedDate":"2025-09-09T19:54:50","isFullCredit":false},{"lineNumber":22,"author":{"gitId":"daxsn"},"content":"","lastModifiedDate":"2025-09-09T19:54:50","isFullCredit":false},{"lineNumber":23,"author":{"gitId":"daxsn"},"content":"    // Setters","lastModifiedDate":"2025-09-09T19:54:50","isFullCredit":false},{"lineNumber":24,"author":{"gitId":"daxsn"},"content":"    public void setStatus(boolean status){","lastModifiedDate":"2025-09-09T19:54:50","isFullCredit":false},{"lineNumber":25,"author":{"gitId":"daxsn"},"content":"        this.status \u003d status;","lastModifiedDate":"2025-09-09T19:54:50","isFullCredit":false},{"lineNumber":26,"author":{"gitId":"daxsn"},"content":"    }","lastModifiedDate":"2025-09-09T19:54:50","isFullCredit":false},{"lineNumber":27,"author":{"gitId":"daxsn"},"content":"","lastModifiedDate":"2025-09-09T19:54:50","isFullCredit":false},{"lineNumber":28,"author":{"gitId":"daxsn"},"content":"    // For other subclasses to override","lastModifiedDate":"2025-09-12T11:47:21","isFullCredit":false},{"lineNumber":29,"author":{"gitId":"daxsn"},"content":"    public String printString() {","lastModifiedDate":"2025-09-12T11:47:21","isFullCredit":false},{"lineNumber":30,"author":{"gitId":"daxsn"},"content":"        return \"[\" + getStatusIcon() + \"] \" + getDescription();","lastModifiedDate":"2025-09-12T11:47:21","isFullCredit":false},{"lineNumber":31,"author":{"gitId":"daxsn"},"content":"    }","lastModifiedDate":"2025-09-12T11:47:21","isFullCredit":false},{"lineNumber":32,"author":{"gitId":"daxsn"},"content":"","lastModifiedDate":"2025-09-12T11:47:21","isFullCredit":false},{"lineNumber":33,"author":{"gitId":"daxsn"},"content":"}","lastModifiedDate":"2025-09-09T19:54:50","isFullCredit":false}],"authorContributionMap":{"daxsn":33}},{"path":"src/main/java/Todo.java","fileType":"java","lines":[{"lineNumber":1,"author":{"gitId":"daxsn"},"content":"public class Todo extends Task {","lastModifiedDate":"2025-09-12T16:53:24","isFullCredit":false},{"lineNumber":2,"author":{"gitId":"daxsn"},"content":"","lastModifiedDate":"2025-09-12T16:53:24","isFullCredit":false},{"lineNumber":3,"author":{"gitId":"daxsn"},"content":"    public Todo(String description) {","lastModifiedDate":"2025-09-12T16:53:24","isFullCredit":false},{"lineNumber":4,"author":{"gitId":"daxsn"},"content":"        super(description);","lastModifiedDate":"2025-09-12T16:53:24","isFullCredit":false},{"lineNumber":5,"author":{"gitId":"daxsn"},"content":"    }","lastModifiedDate":"2025-09-12T16:53:24","isFullCredit":false},{"lineNumber":6,"author":{"gitId":"daxsn"},"content":"    @Override","lastModifiedDate":"2025-09-12T16:53:24","isFullCredit":false},{"lineNumber":7,"author":{"gitId":"daxsn"},"content":"    public String printString() {","lastModifiedDate":"2025-09-12T16:53:24","isFullCredit":false},{"lineNumber":8,"author":{"gitId":"daxsn"},"content":"        return \"[T]\" + \"[\" + getStatusIcon() + \"] \" + getDescription();","lastModifiedDate":"2025-09-12T16:53:24","isFullCredit":false},{"lineNumber":9,"author":{"gitId":"daxsn"},"content":"    }","lastModifiedDate":"2025-09-12T16:53:24","isFullCredit":false},{"lineNumber":10,"author":{"gitId":"daxsn"},"content":"","lastModifiedDate":"2025-09-12T16:53:24","isFullCredit":false},{"lineNumber":11,"author":{"gitId":"daxsn"},"content":"}","lastModifiedDate":"2025-09-12T16:53:24","isFullCredit":false}],"authorContributionMap":{"daxsn":11}},{"path":"src/main/java/userList.java","fileType":"java","lines":[{"lineNumber":1,"author":{"gitId":"daxsn"},"content":"import java.util.ArrayList;","lastModifiedDate":"2025-08-18T15:22:16","isFullCredit":false},{"lineNumber":2,"author":{"gitId":"daxsn"},"content":"","lastModifiedDate":"2025-08-18T15:22:16","isFullCredit":false},{"lineNumber":3,"author":{"gitId":"daxsn"},"content":"public class UserList {","lastModifiedDate":"2025-09-12T16:53:24","isFullCredit":false},{"lineNumber":4,"author":{"gitId":"daxsn"},"content":"","lastModifiedDate":"2025-08-18T15:22:16","isFullCredit":false},{"lineNumber":5,"author":{"gitId":"daxsn"},"content":"    private ArrayList\u003cTask\u003e userList \u003d new ArrayList\u003c\u003e();","lastModifiedDate":"2025-09-12T16:53:24","isFullCredit":false},{"lineNumber":6,"author":{"gitId":"daxsn"},"content":"","lastModifiedDate":"2025-08-18T15:22:16","isFullCredit":false},{"lineNumber":7,"author":{"gitId":"daxsn"},"content":"    public UserList() {","lastModifiedDate":"2025-09-12T16:53:24","isFullCredit":false},{"lineNumber":8,"author":{"gitId":"daxsn"},"content":"        userList \u003d new ArrayList\u003c\u003e();","lastModifiedDate":"2025-08-18T15:22:16","isFullCredit":false},{"lineNumber":9,"author":{"gitId":"daxsn"},"content":"    }","lastModifiedDate":"2025-08-18T15:22:16","isFullCredit":false},{"lineNumber":10,"author":{"gitId":"daxsn"},"content":"","lastModifiedDate":"2025-08-18T15:22:16","isFullCredit":false},{"lineNumber":11,"author":{"gitId":"daxsn"},"content":"    public void addItem (Task item) {","lastModifiedDate":"2025-09-09T19:54:50","isFullCredit":false},{"lineNumber":12,"author":{"gitId":"daxsn"},"content":"        userList.add(item);","lastModifiedDate":"2025-08-18T15:22:16","isFullCredit":false},{"lineNumber":13,"author":{"gitId":"daxsn"},"content":"        System.out.println(\"[+] Added : \" + item.printString());","lastModifiedDate":"2025-09-12T16:53:24","isFullCredit":false},{"lineNumber":14,"author":{"gitId":"daxsn"},"content":"        System.out.println(\"[*] You have a total of \" + this.getSize() + \" task(s)\");","lastModifiedDate":"2025-09-12T16:53:24","isFullCredit":false},{"lineNumber":15,"author":{"gitId":"daxsn"},"content":"        System.out.println(\"____________________________________________________________\");","lastModifiedDate":"2025-09-12T16:53:24","isFullCredit":false},{"lineNumber":16,"author":{"gitId":"daxsn"},"content":"    }","lastModifiedDate":"2025-08-18T15:22:16","isFullCredit":false},{"lineNumber":17,"author":{"gitId":"daxsn"},"content":"","lastModifiedDate":"2025-08-18T15:22:16","isFullCredit":false},{"lineNumber":18,"author":{"gitId":"daxsn"},"content":"    public ArrayList\u003cTask\u003e getList () {","lastModifiedDate":"2025-09-09T19:54:50","isFullCredit":false},{"lineNumber":19,"author":{"gitId":"daxsn"},"content":"        return userList;","lastModifiedDate":"2025-08-18T15:22:16","isFullCredit":false},{"lineNumber":20,"author":{"gitId":"daxsn"},"content":"    }","lastModifiedDate":"2025-08-18T15:22:16","isFullCredit":false},{"lineNumber":21,"author":{"gitId":"daxsn"},"content":"","lastModifiedDate":"2025-08-18T15:22:16","isFullCredit":false},{"lineNumber":22,"author":{"gitId":"daxsn"},"content":"    public Task getSpecificTask(int index) {","lastModifiedDate":"2025-09-09T19:54:50","isFullCredit":false},{"lineNumber":23,"author":{"gitId":"daxsn"},"content":"        return this.userList.get(index-1);","lastModifiedDate":"2025-09-09T19:54:50","isFullCredit":false},{"lineNumber":24,"author":{"gitId":"daxsn"},"content":"    }","lastModifiedDate":"2025-09-09T19:54:50","isFullCredit":false},{"lineNumber":25,"author":{"gitId":"daxsn"},"content":"","lastModifiedDate":"2025-09-09T19:54:50","isFullCredit":false},{"lineNumber":26,"author":{"gitId":"daxsn"},"content":"    public int getSize() {","lastModifiedDate":"2025-09-09T19:54:50","isFullCredit":false},{"lineNumber":27,"author":{"gitId":"daxsn"},"content":"        return this.userList.size();","lastModifiedDate":"2025-09-09T19:54:50","isFullCredit":false},{"lineNumber":28,"author":{"gitId":"daxsn"},"content":"    }","lastModifiedDate":"2025-09-09T19:54:50","isFullCredit":false},{"lineNumber":29,"author":{"gitId":"daxsn"},"content":"","lastModifiedDate":"2025-09-09T19:54:50","isFullCredit":false},{"lineNumber":30,"author":{"gitId":"daxsn"},"content":"}","lastModifiedDate":"2025-08-18T15:22:16","isFullCredit":false}],"authorContributionMap":{"daxsn":30}}]
