{"authorDailyContributionsMap":{"daxsn":[{"date":"2025-08-17T00:00:00","commitResults":[{"hash":"b68cf4e4378cfbee6687974a67a6d8368d97ebf2","isMergeCommit":false,"messageTitle":"Level-0","messageBody":"","tags":["Level-0"],"fileTypesAndContributionMap":{"java":{"insertions":25,"deletions":10}}},{"hash":"c94dd8dd5613b35769831d651bb41ff570bbe844","isMergeCommit":false,"messageTitle":"Level-1","messageBody":"","tags":["level-1"],"fileTypesAndContributionMap":{"java":{"insertions":15,"deletions":2}}}]},{"date":"2025-08-18T00:00:00","commitResults":[{"hash":"5b73d4b62f6418d4af7d3d451e793da673d0596f","isMergeCommit":false,"messageTitle":"Attempted level-2","messageBody":"","fileTypesAndContributionMap":{"java":{"insertions":44,"deletions":8}}},{"hash":"2d1a562f8322ee798b9c0609d151d53201130134","isMergeCommit":false,"messageTitle":"Level-2","messageBody":"","tags":["level-2"],"fileTypesAndContributionMap":{"java":{"insertions":0,"deletions":1},"md":{"insertions":8,"deletions":0}}},{"hash":"951798d786e30711763197e8468ff10dd6a89e0d","isMergeCommit":false,"messageTitle":"Project_Tasks formatting","messageBody":"","fileTypesAndContributionMap":{"md":{"insertions":3,"deletions":1}}}]},{"date":"2025-09-09T00:00:00","commitResults":[{"hash":"f16941bd039e878da9dcc8b9218afd2bc25080c6","isMergeCommit":false,"messageTitle":"Level-3 Completed","messageBody":"","fileTypesAndContributionMap":{"java":{"insertions":65,"deletions":6}}}]},{"date":"2025-09-12T00:00:00","commitResults":[{"hash":"ba09f2335ff02cd613cd722bbde2f8301a846ecd","isMergeCommit":false,"messageTitle":"Level 3 - Fixed S/N Bug","messageBody":"Size of list should be greater than or equal to user\u0027s S/N input\n","tags":["Level-3"],"fileTypesAndContributionMap":{"java":{"insertions":7,"deletions":3}}},{"hash":"28f2d7e13f1856988e6780c53739d6cc243e8160","isMergeCommit":false,"messageTitle":"Level-4","messageBody":"","tags":["Level-4"],"fileTypesAndContributionMap":{"java":{"insertions":117,"deletions":16}}}]},{"date":"2025-09-13T00:00:00","commitResults":[{"hash":"555a74e857816b650ac6b0e2f5f85f5c5707fe09","isMergeCommit":false,"messageTitle":"Fix - Close userCommand_Obj after using the program to prevent any memory leak","messageBody":"","fileTypesAndContributionMap":{"java":{"insertions":1,"deletions":1}}}]}]},"authorFileTypeContributionMap":{"daxsn":{"java":237,"md":10,"fxml":0,"sh":0,"bat":0,"gradle":0,"txt":0}},"authorContributionVariance":{"daxsn":724.83887},"authorDisplayNameMap":{"daxsn":"DANI..ARIL"}}
