{"authorDailyContributionsMap":{"daxsn":[{"date":"2025-08-17T00:00:00","commitResults":[{"hash":"b68cf4e4378cfbee6687974a67a6d8368d97ebf2","isMergeCommit":false,"messageTitle":"Level-0","messageBody":"","tags":["Level-0"],"fileTypesAndContributionMap":{"java":{"insertions":25,"deletions":10}}},{"hash":"c94dd8dd5613b35769831d651bb41ff570bbe844","isMergeCommit":false,"messageTitle":"Level-1","messageBody":"","tags":["Level-1"],"fileTypesAndContributionMap":{"java":{"insertions":15,"deletions":2}}}]},{"date":"2025-08-18T00:00:00","commitResults":[{"hash":"5b73d4b62f6418d4af7d3d451e793da673d0596f","isMergeCommit":false,"messageTitle":"Attempted level-2","messageBody":"","fileTypesAndContributionMap":{"java":{"insertions":44,"deletions":8}}},{"hash":"2d1a562f8322ee798b9c0609d151d53201130134","isMergeCommit":false,"messageTitle":"Level-2","messageBody":"","tags":["Level-2"],"fileTypesAndContributionMap":{"java":{"insertions":0,"deletions":1},"md":{"insertions":8,"deletions":0}}},{"hash":"951798d786e30711763197e8468ff10dd6a89e0d","isMergeCommit":false,"messageTitle":"Project_Tasks formatting","messageBody":"","fileTypesAndContributionMap":{"md":{"insertions":3,"deletions":1}}}]},{"date":"2025-09-09T00:00:00","commitResults":[{"hash":"f16941bd039e878da9dcc8b9218afd2bc25080c6","isMergeCommit":false,"messageTitle":"Level-3 Completed","messageBody":"","fileTypesAndContributionMap":{"java":{"insertions":65,"deletions":6}}}]},{"date":"2025-09-12T00:00:00","commitResults":[{"hash":"ba09f2335ff02cd613cd722bbde2f8301a846ecd","isMergeCommit":false,"messageTitle":"Level 3 - Fixed S/N Bug","messageBody":"Size of list should be greater than or equal to user\u0027s S/N input\n","tags":["Level-3"],"fileTypesAndContributionMap":{"java":{"insertions":7,"deletions":3}}},{"hash":"28f2d7e13f1856988e6780c53739d6cc243e8160","isMergeCommit":false,"messageTitle":"Level-4","messageBody":"","tags":["Level-4"],"fileTypesAndContributionMap":{"java":{"insertions":117,"deletions":16}}}]},{"date":"2025-09-13T00:00:00","commitResults":[{"hash":"555a74e857816b650ac6b0e2f5f85f5c5707fe09","isMergeCommit":false,"messageTitle":"Fix - Close userCommand_Obj after using the program to prevent any memory leak","messageBody":"","fileTypesAndContributionMap":{"java":{"insertions":1,"deletions":1}}}]},{"date":"2025-09-19T00:00:00","commitResults":[{"hash":"f6a9cf54c65792dd12e850663e19009394b9dbc2","isMergeCommit":false,"messageTitle":"Reorganised folder structure to separate the classes used for data structures and the main program file and to cater for future organisation.","messageBody":"Fixed print statement for mark and unmark - previously unmark command returns \"Mark as completed\" instead of \"Mark as not completed\"\n\nUpdated gitignore file to update the file structure\n","fileTypesAndContributionMap":{"java":{"insertions":19,"deletions":1}}}]},{"date":"2025-09-27T00:00:00","commitResults":[{"hash":"81e1b0c45a9a57aed00a3816bf286f23e3528c8b","isMergeCommit":false,"messageTitle":"Added User-Defined custom exception (MoonchesterException) to handle errors unique to Moonchester: 1. Invalid command 2. Empty description (placed it under Task class since other classes are extension of this class)","messageBody":"Added try..catch statements to cater for errors not unique to Moonchester\n","tags":["Level-5"],"fileTypesAndContributionMap":{"java":{"insertions":65,"deletions":37}}}]},{"date":"2025-10-08T00:00:00","commitResults":[{"hash":"18a72687077c2e5a54bff9c7a2bd284f35b3e8f1","isMergeCommit":false,"messageTitle":"I HAVE MODULARISED MY HANDLER FINALLY","messageBody":"","fileTypesAndContributionMap":{"java":{"insertions":153,"deletions":153}}}]},{"date":"2025-10-09T00:00:00","commitResults":[{"hash":"e4039c2dea4c50ea58ed825e948c64067f602f94","isMergeCommit":false,"messageTitle":"Attempted level 6","messageBody":"","fileTypesAndContributionMap":{"java":{"insertions":36,"deletions":16}}},{"hash":"9da4ac42c1435790fac1984c1637a1e84fa11b76","isMergeCommit":false,"messageTitle":"Deleted tempcode runner file","messageBody":"","fileTypesAndContributionMap":{"java":{"insertions":0,"deletions":2}}}]},{"date":"2025-10-12T00:00:00","commitResults":[{"hash":"35b704a2addfd3b1ea1f5015e92aa9437baae57a","isMergeCommit":false,"messageTitle":"Added exception handling for delete - If S/N does not exist, throw error","messageBody":"","tags":["Level-6"],"fileTypesAndContributionMap":{"java":{"insertions":2,"deletions":0}}}]},{"date":"2025-10-13T00:00:00","commitResults":[{"hash":"78bb9d2f06acf5a5cfb0279519ce97a483825776","isMergeCommit":false,"messageTitle":"Basic Storage function done - print - update","messageBody":"","fileTypesAndContributionMap":{"txt":{"insertions":5,"deletions":0},"java":{"insertions":43,"deletions":0}}},{"hash":"85732ac182e73c52217b8e7170c78a3aa35d84f2","isMergeCommit":false,"messageTitle":"implemented MoonchesterParser for task parsing - not done yet","messageBody":"","fileTypesAndContributionMap":{"txt":{"insertions":1,"deletions":2},"java":{"insertions":106,"deletions":10}}}]},{"date":"2025-10-17T00:00:00","commitResults":[{"hash":"4d834e4cd41189beecf65c89366b3eae4b6f2ae7","isMergeCommit":false,"messageTitle":"Updated a bunch of things","messageBody":"Need to work on the following:\n\n1. When an item is added to the userList, it must be converted into the format to be saved into the text file. This could be done at the UserList class. To explore more here.\n","fileTypesAndContributionMap":{"txt":{"insertions":1,"deletions":1},"java":{"insertions":41,"deletions":24}}}]},{"date":"2025-10-18T00:00:00","commitResults":[{"hash":"c40c6db08ef048d6ee49fc6665a2f30b1592d9ac","isMergeCommit":false,"messageTitle":"Level-7 Completed","messageBody":"- Save function is working\n- Changes to the code to make it more OOP centric\n- Java packages was already used\n","tags":["Level-7"],"fileTypesAndContributionMap":{"txt":{"insertions":4,"deletions":2},"java":{"insertions":27,"deletions":36}}}]},{"date":"2025-10-23T00:00:00","commitResults":[{"hash":"5ddbef67fca27c8c39bc778955b9eee79f5e2061","isMergeCommit":false,"messageTitle":"Added comments to ensure readability","messageBody":"","fileTypesAndContributionMap":{"java":{"insertions":4,"deletions":13}}}]},{"date":"2025-10-26T00:00:00","commitResults":[{"hash":"4020db06da7ae9535328e0aac1c50714cc19c5a6","isMergeCommit":false,"messageTitle":"Level-8 Attempt","messageBody":"- Aim for stretch goal, create another command to retrieve tasks based on date\n\n- Date logic, from cannot be after to date\n","fileTypesAndContributionMap":{"txt":{"insertions":5,"deletions":4},"java":{"insertions":68,"deletions":14}}},{"hash":"c2096c8ea31d76db44d8a22c7603c9ba8af4f4c0","isMergeCommit":false,"messageTitle":"Change from and to, got mixed up","messageBody":"","fileTypesAndContributionMap":{"txt":{"insertions":2,"deletions":1},"java":{"insertions":3,"deletions":3}}},{"hash":"942e3bf24eb05b3ce682698f0e608c20ff7f7771","isMergeCommit":false,"messageTitle":"Compare dates done, left with the additional command","messageBody":"","fileTypesAndContributionMap":{"txt":{"insertions":1,"deletions":1},"java":{"insertions":15,"deletions":3}}},{"hash":"f490dec18859b4a39d16b0ddbe62bace46d1d933","isMergeCommit":false,"messageTitle":"Level-8 Stretch Goal completed with error handling","messageBody":"","fileTypesAndContributionMap":{"txt":{"insertions":2,"deletions":1},"java":{"insertions":78,"deletions":17}}}]},{"date":"2025-10-27T00:00:00","commitResults":[{"hash":"f575dea0d80bc9e15c88c26a042077ae74795f3e","isMergeCommit":false,"messageTitle":"Level-8 Added Javadocs on each","messageBody":"","fileTypesAndContributionMap":{"java":{"insertions":51,"deletions":13}}},{"hash":"aaef1f5d39345e51ae3a70ddfaf7d88bed0fe4f9","isMergeCommit":true,"messageTitle":"Merge branch \u0027gradle\u0027","messageBody":"","fileTypesAndContributionMap":{}},{"hash":"0351672d3c910dd40cb10ee56d45d03001f18bd7","isMergeCommit":false,"messageTitle":"Fixed file path","messageBody":"","fileTypesAndContributionMap":{"gradle":{"insertions":2,"deletions":2},"java":{"insertions":17,"deletions":4}}}]},{"date":"2025-10-28T00:00:00","commitResults":[{"hash":"cb94667befb7925eeacf823b457a4f39e651db6d","isMergeCommit":false,"messageTitle":"Placeholder to push the folder","messageBody":"","fileTypesAndContributionMap":{"txt":{"insertions":0,"deletions":0}}},{"hash":"e8bd28fbdda92667e64d9ffe15044986e76706c0","isMergeCommit":false,"messageTitle":"Updated project repo based on project code quality feedback","messageBody":"","fileTypesAndContributionMap":{"java":{"insertions":10,"deletions":5}}},{"hash":"455d0932ac8b0939d5d8ae46cb09ce279def350c","isMergeCommit":false,"messageTitle":"Week 11 Consultation","messageBody":"","fileTypesAndContributionMap":{"md":{"insertions":10,"deletions":0}}}]},{"date":"2025-10-30T00:00:00","commitResults":[{"hash":"566af4b575c869628d2bff551d136e08704ff01c","isMergeCommit":false,"messageTitle":"Fixed file problem","messageBody":"","fileTypesAndContributionMap":{"txt":{"insertions":0,"deletions":0},"java":{"insertions":21,"deletions":19}}}]},{"date":"2025-10-31T00:00:00","commitResults":[{"hash":"39f00fd308c9c91f142343d603b2a20c63910d2c","isMergeCommit":false,"messageTitle":"Level-8 completed","messageBody":"Added JavaDocs to moonchester_data\n","tags":["Level-8"],"fileTypesAndContributionMap":{"txt":{"insertions":0,"deletions":0},"java":{"insertions":250,"deletions":26}}}]},{"date":"2025-11-06T00:00:00","commitResults":[{"hash":"a5309b019c467e83295d3b3abdad53c3a8278974","isMergeCommit":false,"messageTitle":"Level-9 : Search function implemented","messageBody":"","fileTypesAndContributionMap":{"java":{"insertions":69,"deletions":12}}},{"hash":"bba07fa9c1bf7f958e5bf03849a9bf99f6dddee1","isMergeCommit":false,"messageTitle":"Added header comments for queryDate and queryKeyword","messageBody":"","fileTypesAndContributionMap":{"java":{"insertions":10,"deletions":1}}},{"hash":"b47f1107ab3c836187ba239bc208adde30993ea4","isMergeCommit":false,"messageTitle":"Level-9: C-FriendlierSyntax Implemented","messageBody":"","fileTypesAndContributionMap":{"txt":{"insertions":2,"deletions":1},"java":{"insertions":37,"deletions":14}}},{"hash":"e86751ce31fece22f8cc7b9ca87f324a3f3c2a6b","isMergeCommit":false,"messageTitle":"Changed variable names to match camelCase","messageBody":"","tags":["Level-9"],"fileTypesAndContributionMap":{"java":{"insertions":24,"deletions":24}}},{"hash":"de8e3284eb46183bc421a5e48f7891c81c3f12e8","isMergeCommit":false,"messageTitle":"A-Assertions","messageBody":"","tags":["A-Assertions"],"fileTypesAndContributionMap":{"txt":{"insertions":1,"deletions":1},"java":{"insertions":1,"deletions":0}}}]},{"date":"2025-11-07T00:00:00","commitResults":[{"hash":"f6d20e6d77a879a14dc85a4de93241a71c078e3d","isMergeCommit":false,"messageTitle":"C-NaturalDates completed with header docs","messageBody":"","tags":["C-NaturalDates"],"fileTypesAndContributionMap":{"java":{"insertions":122,"deletions":18}}}]},{"date":"2025-11-09T00:00:00","commitResults":[{"hash":"848c51ddc36c59a0979e8bfddac8183c9d22ca80","isMergeCommit":false,"messageTitle":"Ad-hoc changes","messageBody":"","fileTypesAndContributionMap":{"txt":{"insertions":5,"deletions":0},"java":{"insertions":60,"deletions":21}}}]},{"date":"2025-11-15T00:00:00","commitResults":[{"hash":"780040d842416d7541e5e1017be0d3ba63bd35cd","isMergeCommit":false,"messageTitle":"JavaDocs Header Comments","messageBody":"","fileTypesAndContributionMap":{"java":{"insertions":162,"deletions":19}}},{"hash":"48f9896d7f730bf47503efc6450e9cd0c6c4f62f","isMergeCommit":false,"messageTitle":"Exception handling and changed ---- to \u003d\u003d\u003d\u003d","messageBody":"","fileTypesAndContributionMap":{"java":{"insertions":37,"deletions":19}}},{"hash":"75794303ac7d0a568c9b6f11f88ce4b785349e5d","isMergeCommit":false,"messageTitle":"Changed back to ---- because of project report","messageBody":"","fileTypesAndContributionMap":{"java":{"insertions":10,"deletions":10}}}]}]},"authorFileTypeContributionMap":{"daxsn":{"java":1244,"md":20,"fxml":0,"sh":0,"bat":0,"gradle":2,"txt":15}},"authorContributionVariance":{"daxsn":3696.9788},"authorDisplayNameMap":{"daxsn":"DANI..ARIL"}}
