[{"path":"README.md","fileType":"md","lines":[{"lineNumber":1,"author":{"gitId":"Veggiebird"},"content":"# Gracee project template","lastModifiedDate":"2025-08-31T22:37:47","isFullCredit":false},{"lineNumber":2,"author":{"gitId":"-"},"content":"","lastModifiedDate":"2020-05-25T00:03:55","isFullCredit":false},{"lineNumber":3,"author":{"gitId":"-"},"content":"This is a project template for a greenfield Java project. It\u0027s named after the Java mascot _Duke_. Given below are instructions on how to use it.","lastModifiedDate":"2020-05-25T00:03:55","isFullCredit":false},{"lineNumber":4,"author":{"gitId":"-"},"content":"","lastModifiedDate":"2020-05-25T00:03:55","isFullCredit":false},{"lineNumber":5,"author":{"gitId":"-"},"content":"## Setting up in Intellij","lastModifiedDate":"2020-05-25T00:03:55","isFullCredit":false},{"lineNumber":6,"author":{"gitId":"-"},"content":"","lastModifiedDate":"2020-05-25T00:03:55","isFullCredit":false},{"lineNumber":7,"author":{"gitId":"-"},"content":"Prerequisites: JDK 17, update Intellij to the most recent version.","lastModifiedDate":"2024-07-11T16:50:14","isFullCredit":false},{"lineNumber":8,"author":{"gitId":"-"},"content":"","lastModifiedDate":"2020-05-25T00:03:55","isFullCredit":false},{"lineNumber":9,"author":{"gitId":"-"},"content":"1. Open Intellij (if you are not in the welcome screen, click `File` \u003e `Close Project` to close the existing project first)","lastModifiedDate":"2021-01-17T12:25:53","isFullCredit":false},{"lineNumber":10,"author":{"gitId":"-"},"content":"1. Open the project into Intellij as follows:","lastModifiedDate":"2021-01-17T12:25:53","isFullCredit":false},{"lineNumber":11,"author":{"gitId":"-"},"content":"   1. Click `Open`.","lastModifiedDate":"2021-01-17T12:25:53","isFullCredit":false},{"lineNumber":12,"author":{"gitId":"-"},"content":"   1. Select the project directory, and click `OK`.","lastModifiedDate":"2021-01-17T12:25:53","isFullCredit":false},{"lineNumber":13,"author":{"gitId":"-"},"content":"   1. If there are any further prompts, accept the defaults.","lastModifiedDate":"2020-05-25T00:03:55","isFullCredit":false},{"lineNumber":14,"author":{"gitId":"-"},"content":"1. Configure the project to use **JDK 17** (not other versions) as explained in [here](https://www.jetbrains.com/help/idea/sdk.html#set-up-jdk).\u003cbr\u003e","lastModifiedDate":"2024-07-11T16:50:14","isFullCredit":false},{"lineNumber":15,"author":{"gitId":"-"},"content":"   In the same dialog, set the **Project language level** field to the `SDK default` option.","lastModifiedDate":"2021-07-29T20:29:39","isFullCredit":false},{"lineNumber":16,"author":{"gitId":"Veggiebird"},"content":"3. After that, locate the `src/main/java/Gracee.java` file, right-click it, and choose `Run Gracee.main()` (if the code editor is showing compile errors, try restarting the IDE). If the setup is correct, you should see something like the below as the output:","lastModifiedDate":"2025-08-31T22:37:47","isFullCredit":false},{"lineNumber":17,"author":{"gitId":"-"},"content":"   ```","lastModifiedDate":"2020-05-25T00:03:55","isFullCredit":false},{"lineNumber":18,"author":{"gitId":"-"},"content":"   Hello from","lastModifiedDate":"2020-05-25T00:03:55","isFullCredit":false},{"lineNumber":19,"author":{"gitId":"-"},"content":"    ____        _        ","lastModifiedDate":"2020-05-25T00:03:55","isFullCredit":false},{"lineNumber":20,"author":{"gitId":"-"},"content":"   |  _ \\ _   _| | _____ ","lastModifiedDate":"2020-05-25T00:03:55","isFullCredit":false},{"lineNumber":21,"author":{"gitId":"-"},"content":"   | | | | | | | |/ / _ \\","lastModifiedDate":"2020-05-25T00:03:55","isFullCredit":false},{"lineNumber":22,"author":{"gitId":"-"},"content":"   | |_| | |_| |   \u003c  __/","lastModifiedDate":"2020-05-25T00:03:55","isFullCredit":false},{"lineNumber":23,"author":{"gitId":"-"},"content":"   |____/ \\__,_|_|\\_\\___|","lastModifiedDate":"2020-05-25T00:03:55","isFullCredit":false},{"lineNumber":24,"author":{"gitId":"-"},"content":"   ```","lastModifiedDate":"2020-05-25T00:03:55","isFullCredit":false}],"authorContributionMap":{"Veggiebird":2,"-":22}},{"path":"docs/README.md","fileType":"md","lines":[{"lineNumber":1,"author":{"gitId":"Veggiebird"},"content":"# Gracee User Guide","lastModifiedDate":"2025-08-31T22:37:47","isFullCredit":false},{"lineNumber":2,"author":{"gitId":"-"},"content":"","lastModifiedDate":"2019-07-29T17:14:46","isFullCredit":false},{"lineNumber":3,"author":{"gitId":"-"},"content":"// Update the title above to match the actual product name","lastModifiedDate":"2024-01-07T18:33:52","isFullCredit":false},{"lineNumber":4,"author":{"gitId":"-"},"content":"","lastModifiedDate":"2019-07-29T17:14:46","isFullCredit":false},{"lineNumber":5,"author":{"gitId":"-"},"content":"// Product screenshot goes here","lastModifiedDate":"2024-01-07T18:33:52","isFullCredit":false},{"lineNumber":6,"author":{"gitId":"-"},"content":"","lastModifiedDate":"2021-07-17T16:49:07","isFullCredit":false},{"lineNumber":7,"author":{"gitId":"-"},"content":"// Product intro goes here","lastModifiedDate":"2024-01-07T18:33:52","isFullCredit":false},{"lineNumber":8,"author":{"gitId":"-"},"content":"","lastModifiedDate":"2021-07-17T16:49:07","isFullCredit":false},{"lineNumber":9,"author":{"gitId":"-"},"content":"## Adding deadlines","lastModifiedDate":"2024-01-07T18:33:52","isFullCredit":false},{"lineNumber":10,"author":{"gitId":"-"},"content":"","lastModifiedDate":"2021-07-17T16:49:07","isFullCredit":false},{"lineNumber":11,"author":{"gitId":"-"},"content":"// Describe the action and its outcome.","lastModifiedDate":"2024-01-07T18:33:52","isFullCredit":false},{"lineNumber":12,"author":{"gitId":"-"},"content":"","lastModifiedDate":"2019-07-29T17:14:46","isFullCredit":false},{"lineNumber":13,"author":{"gitId":"-"},"content":"// Give examples of usage","lastModifiedDate":"2024-01-07T18:33:52","isFullCredit":false},{"lineNumber":14,"author":{"gitId":"-"},"content":"","lastModifiedDate":"2019-07-29T17:14:46","isFullCredit":false},{"lineNumber":15,"author":{"gitId":"-"},"content":"Example: `keyword (optional arguments)`","lastModifiedDate":"2024-01-07T18:33:52","isFullCredit":false},{"lineNumber":16,"author":{"gitId":"-"},"content":"","lastModifiedDate":"2019-07-29T17:14:46","isFullCredit":false},{"lineNumber":17,"author":{"gitId":"-"},"content":"// A description of the expected outcome goes here","lastModifiedDate":"2024-01-07T18:33:52","isFullCredit":false},{"lineNumber":18,"author":{"gitId":"-"},"content":"","lastModifiedDate":"2019-07-29T17:14:46","isFullCredit":false},{"lineNumber":19,"author":{"gitId":"-"},"content":"```","lastModifiedDate":"2024-01-07T18:33:52","isFullCredit":false},{"lineNumber":20,"author":{"gitId":"-"},"content":"expected output","lastModifiedDate":"2024-01-07T18:33:52","isFullCredit":false},{"lineNumber":21,"author":{"gitId":"-"},"content":"```","lastModifiedDate":"2024-01-07T18:33:52","isFullCredit":false},{"lineNumber":22,"author":{"gitId":"-"},"content":"","lastModifiedDate":"2019-07-29T17:14:46","isFullCredit":false},{"lineNumber":23,"author":{"gitId":"-"},"content":"## Feature ABC","lastModifiedDate":"2024-01-07T18:33:52","isFullCredit":false},{"lineNumber":24,"author":{"gitId":"-"},"content":"","lastModifiedDate":"2019-07-29T17:14:46","isFullCredit":false},{"lineNumber":25,"author":{"gitId":"-"},"content":"// Feature details","lastModifiedDate":"2024-01-07T18:33:52","isFullCredit":false},{"lineNumber":26,"author":{"gitId":"-"},"content":"","lastModifiedDate":"2019-07-29T17:14:46","isFullCredit":false},{"lineNumber":27,"author":{"gitId":"-"},"content":"","lastModifiedDate":"2021-07-17T16:49:07","isFullCredit":false},{"lineNumber":28,"author":{"gitId":"-"},"content":"## Feature XYZ","lastModifiedDate":"2024-01-07T18:33:52","isFullCredit":false},{"lineNumber":29,"author":{"gitId":"-"},"content":"","lastModifiedDate":"2024-01-07T18:33:52","isFullCredit":false},{"lineNumber":30,"author":{"gitId":"-"},"content":"// Feature details","lastModifiedDate":"2024-01-07T18:33:52","isFullCredit":false}],"authorContributionMap":{"Veggiebird":1,"-":29}},{"path":"src/main/java/Gracee.java","fileType":"java","lines":[{"lineNumber":1,"author":{"gitId":"Veggiebird"},"content":"import java.util.Scanner;","lastModifiedDate":"2025-08-31T22:37:47","isFullCredit":false},{"lineNumber":2,"author":{"gitId":"Veggiebird"},"content":"import java.util.List;","lastModifiedDate":"2025-09-16T21:24:07","isFullCredit":false},{"lineNumber":3,"author":{"gitId":"Veggiebird"},"content":"import java.util.ArrayList;","lastModifiedDate":"2025-09-16T21:24:07","isFullCredit":false},{"lineNumber":4,"author":{"gitId":"Veggiebird"},"content":"","lastModifiedDate":"2025-08-31T22:37:47","isFullCredit":false},{"lineNumber":5,"author":{"gitId":"Veggiebird"},"content":"public class Gracee {","lastModifiedDate":"2025-08-31T22:37:47","isFullCredit":false},{"lineNumber":6,"author":{"gitId":"Veggiebird"},"content":"    public static void main(String[] args) {","lastModifiedDate":"2025-08-31T22:37:47","isFullCredit":false},{"lineNumber":7,"author":{"gitId":"Veggiebird"},"content":"","lastModifiedDate":"2025-08-31T22:37:47","isFullCredit":false},{"lineNumber":8,"author":{"gitId":"Veggiebird"},"content":"        Scanner sc \u003d new Scanner(System.in);","lastModifiedDate":"2025-09-16T21:24:07","isFullCredit":false},{"lineNumber":9,"author":{"gitId":"Veggiebird"},"content":"        gracee_historical historical \u003d new gracee_historical();","lastModifiedDate":"2025-09-16T21:24:07","isFullCredit":false},{"lineNumber":10,"author":{"gitId":"Veggiebird"},"content":"        List\u003cgracee_task_list\u003e task_list \u003d new ArrayList\u003c\u003e();","lastModifiedDate":"2025-09-16T21:24:07","isFullCredit":false},{"lineNumber":11,"author":{"gitId":"Veggiebird"},"content":"","lastModifiedDate":"2025-08-31T22:37:47","isFullCredit":false},{"lineNumber":12,"author":{"gitId":"Veggiebird"},"content":"        System.out.println(\"___________________________\\n\");","lastModifiedDate":"2025-09-16T21:24:07","isFullCredit":false},{"lineNumber":13,"author":{"gitId":"Veggiebird"},"content":"        System.out.println(\"Hello! I am Gracee! This is a gold shop.\\n\");","lastModifiedDate":"2025-09-16T21:24:07","isFullCredit":false},{"lineNumber":14,"author":{"gitId":"Veggiebird"},"content":"        System.out.println(\"What can I do for you?\\n\");","lastModifiedDate":"2025-09-16T21:24:07","isFullCredit":false},{"lineNumber":15,"author":{"gitId":"Veggiebird"},"content":"        System.out.println(\"Common FAQ: \\n1. Shop business hour and details.\\n\");","lastModifiedDate":"2025-09-16T21:24:07","isFullCredit":false},{"lineNumber":16,"author":{"gitId":"Veggiebird"},"content":"        System.out.println(\"2. Buying/Selling price of gold.\\n\");","lastModifiedDate":"2025-09-16T21:24:07","isFullCredit":false},{"lineNumber":17,"author":{"gitId":"Veggiebird"},"content":"        System.out.println(\"3. List historical conversation.\\n\");","lastModifiedDate":"2025-09-16T21:24:07","isFullCredit":false},{"lineNumber":18,"author":{"gitId":"Veggiebird"},"content":"        System.out.println(\"4. Check your task list.\\n\");","lastModifiedDate":"2025-09-16T21:24:07","isFullCredit":false},{"lineNumber":19,"author":{"gitId":"Veggiebird"},"content":"        System.out.println(\"5. Bye.\\n\");","lastModifiedDate":"2025-09-16T21:24:07","isFullCredit":false},{"lineNumber":20,"author":{"gitId":"Veggiebird"},"content":"        System.out.println(\"Please enter 1, 2, 3 or bye to proceed further.\\n\");","lastModifiedDate":"2025-09-16T21:24:07","isFullCredit":false},{"lineNumber":21,"author":{"gitId":"Veggiebird"},"content":"        System.out.println(\"___________________________\\n\");","lastModifiedDate":"2025-09-16T21:24:07","isFullCredit":false},{"lineNumber":22,"author":{"gitId":"Veggiebird"},"content":"","lastModifiedDate":"2025-08-31T22:37:47","isFullCredit":false},{"lineNumber":23,"author":{"gitId":"Veggiebird"},"content":"        boolean chatLive \u003d true;","lastModifiedDate":"2025-09-16T21:24:07","isFullCredit":false},{"lineNumber":24,"author":{"gitId":"Veggiebird"},"content":"","lastModifiedDate":"2025-08-31T22:37:47","isFullCredit":false},{"lineNumber":25,"author":{"gitId":"Veggiebird"},"content":"        while (chatLive) {","lastModifiedDate":"2025-09-16T21:24:07","isFullCredit":false},{"lineNumber":26,"author":{"gitId":"Veggiebird"},"content":"","lastModifiedDate":"2025-08-31T22:37:47","isFullCredit":false},{"lineNumber":27,"author":{"gitId":"Veggiebird"},"content":"            String inputMain \u003d sc.nextLine();","lastModifiedDate":"2025-09-16T21:24:07","isFullCredit":false},{"lineNumber":28,"author":{"gitId":"Veggiebird"},"content":"","lastModifiedDate":"2025-08-31T22:37:47","isFullCredit":false},{"lineNumber":29,"author":{"gitId":"Veggiebird"},"content":"            switch(inputMain){","lastModifiedDate":"2025-09-16T21:24:07","isFullCredit":false},{"lineNumber":30,"author":{"gitId":"Veggiebird"},"content":"                case \"1\":","lastModifiedDate":"2025-09-16T21:24:07","isFullCredit":false},{"lineNumber":31,"author":{"gitId":"Veggiebird"},"content":"                    System.out.println(\"___________________________\");","lastModifiedDate":"2025-08-31T22:37:47","isFullCredit":false},{"lineNumber":32,"author":{"gitId":"Veggiebird"},"content":"                    System.out.println(\"Opening time: 10:00 AM - 17:00 PM.\");","lastModifiedDate":"2025-09-16T21:24:07","isFullCredit":false},{"lineNumber":33,"author":{"gitId":"Veggiebird"},"content":"                    System.out.println(\"Address: 123 Blk Rich, S888999\");","lastModifiedDate":"2025-09-16T21:24:07","isFullCredit":false},{"lineNumber":34,"author":{"gitId":"Veggiebird"},"content":"                    System.out.println(\"Phone:+65 888999888\");","lastModifiedDate":"2025-09-16T21:24:07","isFullCredit":false},{"lineNumber":35,"author":{"gitId":"Veggiebird"},"content":"                    System.out.println(\"___________________________\");","lastModifiedDate":"2025-08-31T22:37:47","isFullCredit":false},{"lineNumber":36,"author":{"gitId":"Veggiebird"},"content":"","lastModifiedDate":"2025-08-31T22:37:47","isFullCredit":false},{"lineNumber":37,"author":{"gitId":"Veggiebird"},"content":"                    historical.add(\"Asked shop details.\");","lastModifiedDate":"2025-09-16T21:24:07","isFullCredit":false},{"lineNumber":38,"author":{"gitId":"Veggiebird"},"content":"                    break;","lastModifiedDate":"2025-09-16T21:24:07","isFullCredit":false},{"lineNumber":39,"author":{"gitId":"Veggiebird"},"content":"","lastModifiedDate":"2025-09-16T21:24:07","isFullCredit":false},{"lineNumber":40,"author":{"gitId":"Veggiebird"},"content":"                case \"2\":","lastModifiedDate":"2025-09-16T21:24:07","isFullCredit":false},{"lineNumber":41,"author":{"gitId":"Veggiebird"},"content":"                    System.out.println(\"___________________________\");","lastModifiedDate":"2025-08-31T22:37:47","isFullCredit":false},{"lineNumber":42,"author":{"gitId":"Veggiebird"},"content":"                    System.out.println(\"Today\u0027s buying price for gold is: \\n 916: 150 SGD per gram\\n 999: 180 SGD per gram\");","lastModifiedDate":"2025-08-31T22:37:47","isFullCredit":false},{"lineNumber":43,"author":{"gitId":"Veggiebird"},"content":"                    System.out.println(\"Today\u0027s selling price for gold is: \\n 916: 170 SGD per gram\\n 999: 200 SGD per gram\");","lastModifiedDate":"2025-08-31T22:37:47","isFullCredit":false},{"lineNumber":44,"author":{"gitId":"Veggiebird"},"content":"                    System.out.println(\"___________________________\");","lastModifiedDate":"2025-09-16T21:24:07","isFullCredit":false},{"lineNumber":45,"author":{"gitId":"Veggiebird"},"content":"                    historical.add(\"Asked gold price.\");","lastModifiedDate":"2025-09-16T21:24:07","isFullCredit":false},{"lineNumber":46,"author":{"gitId":"Veggiebird"},"content":"                    break;","lastModifiedDate":"2025-09-16T21:24:07","isFullCredit":false},{"lineNumber":47,"author":{"gitId":"Veggiebird"},"content":"","lastModifiedDate":"2025-08-31T22:37:47","isFullCredit":false},{"lineNumber":48,"author":{"gitId":"Veggiebird"},"content":"                case \"3\":","lastModifiedDate":"2025-09-16T21:24:07","isFullCredit":false},{"lineNumber":49,"author":{"gitId":"Veggiebird"},"content":"                    System.out.println(\"___________________________\");","lastModifiedDate":"2025-09-16T21:24:07","isFullCredit":false},{"lineNumber":50,"author":{"gitId":"Veggiebird"},"content":"                    System.out.println(\"Previous action: \");","lastModifiedDate":"2025-09-16T21:24:07","isFullCredit":false},{"lineNumber":51,"author":{"gitId":"Veggiebird"},"content":"                    for(int i \u003d 0; i \u003c historical.size(); i++){","lastModifiedDate":"2025-09-16T21:24:07","isFullCredit":false},{"lineNumber":52,"author":{"gitId":"Veggiebird"},"content":"                        System.out.println(i+1 + \": \" + historical.get(i));","lastModifiedDate":"2025-09-16T21:24:07","isFullCredit":false},{"lineNumber":53,"author":{"gitId":"Veggiebird"},"content":"                    }","lastModifiedDate":"2025-08-31T22:37:47","isFullCredit":false},{"lineNumber":54,"author":{"gitId":"Veggiebird"},"content":"                    System.out.println(\"___________________________\");","lastModifiedDate":"2025-09-16T21:24:07","isFullCredit":false},{"lineNumber":55,"author":{"gitId":"Veggiebird"},"content":"                    break;","lastModifiedDate":"2025-09-16T21:24:07","isFullCredit":false},{"lineNumber":56,"author":{"gitId":"Veggiebird"},"content":"","lastModifiedDate":"2025-09-16T21:24:07","isFullCredit":false},{"lineNumber":57,"author":{"gitId":"Veggiebird"},"content":"                case \"4\":","lastModifiedDate":"2025-09-16T21:24:07","isFullCredit":false},{"lineNumber":58,"author":{"gitId":"Veggiebird"},"content":"                    System.out.println(\"___________________________\");","lastModifiedDate":"2025-09-16T21:24:07","isFullCredit":false},{"lineNumber":59,"author":{"gitId":"Veggiebird"},"content":"                    System.out.println(\"You are in task list interface.\");","lastModifiedDate":"2025-09-16T21:24:07","isFullCredit":false},{"lineNumber":60,"author":{"gitId":"Veggiebird"},"content":"","lastModifiedDate":"2025-09-16T21:24:07","isFullCredit":false},{"lineNumber":61,"author":{"gitId":"Veggiebird"},"content":"                    boolean taskMode \u003d true;","lastModifiedDate":"2025-09-16T21:24:07","isFullCredit":false},{"lineNumber":62,"author":{"gitId":"Veggiebird"},"content":"","lastModifiedDate":"2025-09-16T21:24:07","isFullCredit":false},{"lineNumber":63,"author":{"gitId":"Veggiebird"},"content":"                    while(taskMode) {System.out.println(\"___________________________\");","lastModifiedDate":"2025-09-16T21:24:07","isFullCredit":false},{"lineNumber":64,"author":{"gitId":"Veggiebird"},"content":"                       System.out.println(\"Task menu: \");","lastModifiedDate":"2025-09-16T21:24:07","isFullCredit":false},{"lineNumber":65,"author":{"gitId":"Veggiebird"},"content":"                       System.out.println(\"1. Add task.\");","lastModifiedDate":"2025-09-16T21:24:07","isFullCredit":false},{"lineNumber":66,"author":{"gitId":"Veggiebird"},"content":"                       System.out.println(\"2. Update task (Update to Done or Pending)\");","lastModifiedDate":"2025-09-16T21:24:07","isFullCredit":false},{"lineNumber":67,"author":{"gitId":"Veggiebird"},"content":"                       System.out.println(\"3. List tasks.\");","lastModifiedDate":"2025-09-16T21:24:07","isFullCredit":false},{"lineNumber":68,"author":{"gitId":"Veggiebird"},"content":"                       System.out.println(\"4. Remove tasks.\");","lastModifiedDate":"2025-09-16T21:24:07","isFullCredit":false},{"lineNumber":69,"author":{"gitId":"Veggiebird"},"content":"                       System.out.println(\"5. Exit task list interface.\");","lastModifiedDate":"2025-09-16T21:24:07","isFullCredit":false},{"lineNumber":70,"author":{"gitId":"Veggiebird"},"content":"                       System.out.println(\"___________________________\");","lastModifiedDate":"2025-09-16T21:24:07","isFullCredit":false},{"lineNumber":71,"author":{"gitId":"Veggiebird"},"content":"","lastModifiedDate":"2025-09-16T21:24:07","isFullCredit":false},{"lineNumber":72,"author":{"gitId":"Veggiebird"},"content":"                       String taskInput \u003d sc.nextLine();","lastModifiedDate":"2025-09-16T21:24:07","isFullCredit":false},{"lineNumber":73,"author":{"gitId":"Veggiebird"},"content":"","lastModifiedDate":"2025-09-16T21:24:07","isFullCredit":false},{"lineNumber":74,"author":{"gitId":"Veggiebird"},"content":"                       switch(taskInput){","lastModifiedDate":"2025-09-16T21:24:07","isFullCredit":false},{"lineNumber":75,"author":{"gitId":"Veggiebird"},"content":"                           case \"1\":","lastModifiedDate":"2025-09-16T21:24:07","isFullCredit":false},{"lineNumber":76,"author":{"gitId":"Veggiebird"},"content":"                               System.out.println(\"Please enter task description.\");","lastModifiedDate":"2025-09-16T21:24:07","isFullCredit":false},{"lineNumber":77,"author":{"gitId":"Veggiebird"},"content":"                               String task_description \u003d sc.nextLine();","lastModifiedDate":"2025-09-16T21:24:07","isFullCredit":false},{"lineNumber":78,"author":{"gitId":"Veggiebird"},"content":"","lastModifiedDate":"2025-09-16T21:24:07","isFullCredit":false},{"lineNumber":79,"author":{"gitId":"Veggiebird"},"content":"                               task_list.add(new gracee_task_list(task_description));","lastModifiedDate":"2025-09-16T21:24:07","isFullCredit":false},{"lineNumber":80,"author":{"gitId":"Veggiebird"},"content":"                               System.out.println(\"Added task: \" + task_description);","lastModifiedDate":"2025-09-16T21:24:07","isFullCredit":false},{"lineNumber":81,"author":{"gitId":"Veggiebird"},"content":"                               break;","lastModifiedDate":"2025-09-16T21:24:07","isFullCredit":false},{"lineNumber":82,"author":{"gitId":"Veggiebird"},"content":"","lastModifiedDate":"2025-09-16T21:24:07","isFullCredit":false},{"lineNumber":83,"author":{"gitId":"Veggiebird"},"content":"                           case \"2\":","lastModifiedDate":"2025-09-16T21:24:07","isFullCredit":false},{"lineNumber":84,"author":{"gitId":"Veggiebird"},"content":"","lastModifiedDate":"2025-09-16T21:24:07","isFullCredit":false},{"lineNumber":85,"author":{"gitId":"Veggiebird"},"content":"                               if(task_list.isEmpty()){","lastModifiedDate":"2025-09-16T21:24:07","isFullCredit":false},{"lineNumber":86,"author":{"gitId":"Veggiebird"},"content":"                                   System.out.println(\"No task available.\");","lastModifiedDate":"2025-09-16T21:24:07","isFullCredit":false},{"lineNumber":87,"author":{"gitId":"Veggiebird"},"content":"                                   break;","lastModifiedDate":"2025-09-16T21:24:07","isFullCredit":false},{"lineNumber":88,"author":{"gitId":"Veggiebird"},"content":"                               }","lastModifiedDate":"2025-08-31T22:37:47","isFullCredit":false},{"lineNumber":89,"author":{"gitId":"Veggiebird"},"content":"","lastModifiedDate":"2025-08-31T22:37:47","isFullCredit":false},{"lineNumber":90,"author":{"gitId":"Veggiebird"},"content":"                               System.out.println(\"Task list as below\");","lastModifiedDate":"2025-09-16T21:24:07","isFullCredit":false},{"lineNumber":91,"author":{"gitId":"Veggiebird"},"content":"                               for(int i \u003d 0; i \u003c task_list.size(); i++){","lastModifiedDate":"2025-09-16T21:24:07","isFullCredit":false},{"lineNumber":92,"author":{"gitId":"Veggiebird"},"content":"                                   System.out.println((i+1)+\": \" + task_list.get(i));","lastModifiedDate":"2025-09-16T21:24:07","isFullCredit":false},{"lineNumber":93,"author":{"gitId":"Veggiebird"},"content":"                               }","lastModifiedDate":"2025-08-31T22:37:47","isFullCredit":false},{"lineNumber":94,"author":{"gitId":"Veggiebird"},"content":"                               System.out.println(\"Please enter task number that you would like to modify.\");","lastModifiedDate":"2025-09-16T21:24:07","isFullCredit":false},{"lineNumber":95,"author":{"gitId":"Veggiebird"},"content":"                               int task_number \u003d Integer.parseInt(sc.nextLine());","lastModifiedDate":"2025-09-16T21:24:07","isFullCredit":false},{"lineNumber":96,"author":{"gitId":"Veggiebird"},"content":"                               int index \u003d task_number - 1;","lastModifiedDate":"2025-09-16T21:24:07","isFullCredit":false},{"lineNumber":97,"author":{"gitId":"Veggiebird"},"content":"","lastModifiedDate":"2025-09-16T21:24:07","isFullCredit":false},{"lineNumber":98,"author":{"gitId":"Veggiebird"},"content":"                               if(index \u003c 0 || index \u003e\u003d task_list.size()){","lastModifiedDate":"2025-09-16T21:24:07","isFullCredit":false},{"lineNumber":99,"author":{"gitId":"Veggiebird"},"content":"                                   System.out.println(\"Invalid task number.\");","lastModifiedDate":"2025-09-16T21:24:07","isFullCredit":false},{"lineNumber":100,"author":{"gitId":"Veggiebird"},"content":"                                   break;","lastModifiedDate":"2025-09-16T21:24:07","isFullCredit":false},{"lineNumber":101,"author":{"gitId":"Veggiebird"},"content":"                               }","lastModifiedDate":"2025-08-31T22:37:47","isFullCredit":false},{"lineNumber":102,"author":{"gitId":"Veggiebird"},"content":"","lastModifiedDate":"2025-09-16T21:24:07","isFullCredit":false},{"lineNumber":103,"author":{"gitId":"Veggiebird"},"content":"                               System.out.println((task_number)+\": \" + task_list.get(index));","lastModifiedDate":"2025-09-16T21:24:07","isFullCredit":false},{"lineNumber":104,"author":{"gitId":"Veggiebird"},"content":"                               if(task_list.get(index).getStatus().equals(\"Done\")){","lastModifiedDate":"2025-09-16T21:24:07","isFullCredit":false},{"lineNumber":105,"author":{"gitId":"Veggiebird"},"content":"                                   task_list.get(index).markAsPending();","lastModifiedDate":"2025-09-16T21:24:07","isFullCredit":false},{"lineNumber":106,"author":{"gitId":"Veggiebird"},"content":"                                   System.out.println((task_number)+\": \" + task_list.get(index) + \" has been marked as Pending.\");","lastModifiedDate":"2025-09-16T21:24:07","isFullCredit":false},{"lineNumber":107,"author":{"gitId":"Veggiebird"},"content":"                               }","lastModifiedDate":"2025-08-31T22:37:47","isFullCredit":false},{"lineNumber":108,"author":{"gitId":"Veggiebird"},"content":"                               else if(task_list.get(index).getStatus().equals(\"Pending\")){","lastModifiedDate":"2025-09-16T21:24:07","isFullCredit":false},{"lineNumber":109,"author":{"gitId":"Veggiebird"},"content":"                                   task_list.get(index).markAsDone();","lastModifiedDate":"2025-09-16T21:24:07","isFullCredit":false},{"lineNumber":110,"author":{"gitId":"Veggiebird"},"content":"                                   System.out.println((task_number)+\": \" + task_list.get(index) + \" has been marked as Done.\");","lastModifiedDate":"2025-09-16T21:24:07","isFullCredit":false},{"lineNumber":111,"author":{"gitId":"Veggiebird"},"content":"                               }","lastModifiedDate":"2025-09-16T21:24:07","isFullCredit":false},{"lineNumber":112,"author":{"gitId":"Veggiebird"},"content":"","lastModifiedDate":"2025-09-16T21:24:07","isFullCredit":false},{"lineNumber":113,"author":{"gitId":"Veggiebird"},"content":"                               break;","lastModifiedDate":"2025-09-16T21:24:07","isFullCredit":false},{"lineNumber":114,"author":{"gitId":"Veggiebird"},"content":"","lastModifiedDate":"2025-09-16T21:24:07","isFullCredit":false},{"lineNumber":115,"author":{"gitId":"Veggiebird"},"content":"                           case \"3\":","lastModifiedDate":"2025-09-16T21:24:07","isFullCredit":false},{"lineNumber":116,"author":{"gitId":"Veggiebird"},"content":"                               System.out.println(\"Task list as below\");","lastModifiedDate":"2025-09-16T21:24:07","isFullCredit":false},{"lineNumber":117,"author":{"gitId":"Veggiebird"},"content":"                               for(int i \u003d 0; i \u003c task_list.size(); i++){","lastModifiedDate":"2025-09-16T21:24:07","isFullCredit":false},{"lineNumber":118,"author":{"gitId":"Veggiebird"},"content":"                                   System.out.println((i+1)+\": \" + task_list.get(i));","lastModifiedDate":"2025-09-16T21:24:07","isFullCredit":false},{"lineNumber":119,"author":{"gitId":"Veggiebird"},"content":"                               }","lastModifiedDate":"2025-09-16T21:24:07","isFullCredit":false},{"lineNumber":120,"author":{"gitId":"Veggiebird"},"content":"                               break;","lastModifiedDate":"2025-09-16T21:24:07","isFullCredit":false},{"lineNumber":121,"author":{"gitId":"Veggiebird"},"content":"","lastModifiedDate":"2025-09-16T21:24:07","isFullCredit":false},{"lineNumber":122,"author":{"gitId":"Veggiebird"},"content":"                           case \"4\":","lastModifiedDate":"2025-09-16T21:24:07","isFullCredit":false},{"lineNumber":123,"author":{"gitId":"Veggiebird"},"content":"                               if(task_list.isEmpty()){","lastModifiedDate":"2025-09-16T21:24:07","isFullCredit":false},{"lineNumber":124,"author":{"gitId":"Veggiebird"},"content":"                                   System.out.println(\"No task available.\");","lastModifiedDate":"2025-09-16T21:24:07","isFullCredit":false},{"lineNumber":125,"author":{"gitId":"Veggiebird"},"content":"                                   break;","lastModifiedDate":"2025-09-16T21:24:07","isFullCredit":false},{"lineNumber":126,"author":{"gitId":"Veggiebird"},"content":"                               }","lastModifiedDate":"2025-09-16T21:24:07","isFullCredit":false},{"lineNumber":127,"author":{"gitId":"Veggiebird"},"content":"","lastModifiedDate":"2025-09-16T21:24:07","isFullCredit":false},{"lineNumber":128,"author":{"gitId":"Veggiebird"},"content":"                               System.out.println(\"Task list as below\");","lastModifiedDate":"2025-09-16T21:24:07","isFullCredit":false},{"lineNumber":129,"author":{"gitId":"Veggiebird"},"content":"                               for(int i \u003d 0; i \u003c task_list.size(); i++){","lastModifiedDate":"2025-09-16T21:24:07","isFullCredit":false},{"lineNumber":130,"author":{"gitId":"Veggiebird"},"content":"                                   System.out.println((i+1)+\": \" + task_list.get(i));","lastModifiedDate":"2025-09-16T21:24:07","isFullCredit":false},{"lineNumber":131,"author":{"gitId":"Veggiebird"},"content":"                               }","lastModifiedDate":"2025-09-16T21:24:07","isFullCredit":false},{"lineNumber":132,"author":{"gitId":"Veggiebird"},"content":"                               System.out.println(\"Please enter task number that you would like to modify.\");","lastModifiedDate":"2025-09-16T21:24:07","isFullCredit":false},{"lineNumber":133,"author":{"gitId":"Veggiebird"},"content":"                               int rm_task_number \u003d Integer.parseInt(sc.nextLine());","lastModifiedDate":"2025-09-16T21:24:07","isFullCredit":false},{"lineNumber":134,"author":{"gitId":"Veggiebird"},"content":"                               int rm_index \u003d rm_task_number - 1;","lastModifiedDate":"2025-09-16T21:24:07","isFullCredit":false},{"lineNumber":135,"author":{"gitId":"Veggiebird"},"content":"","lastModifiedDate":"2025-09-16T21:24:07","isFullCredit":false},{"lineNumber":136,"author":{"gitId":"Veggiebird"},"content":"                               if(rm_index \u003c 0 || rm_index \u003e\u003d task_list.size()){","lastModifiedDate":"2025-09-16T21:24:07","isFullCredit":false},{"lineNumber":137,"author":{"gitId":"Veggiebird"},"content":"                                   System.out.println(\"Invalid task number.\");","lastModifiedDate":"2025-09-16T21:24:07","isFullCredit":false},{"lineNumber":138,"author":{"gitId":"Veggiebird"},"content":"                                   break;","lastModifiedDate":"2025-09-16T21:24:07","isFullCredit":false},{"lineNumber":139,"author":{"gitId":"Veggiebird"},"content":"                               }else{","lastModifiedDate":"2025-09-16T21:24:07","isFullCredit":false},{"lineNumber":140,"author":{"gitId":"Veggiebird"},"content":"                                   System.out.println((rm_task_number)+\": \" + task_list.get(rm_index) + \" is removed.\");","lastModifiedDate":"2025-09-16T21:24:07","isFullCredit":false},{"lineNumber":141,"author":{"gitId":"Veggiebird"},"content":"                                   task_list.remove(rm_index);","lastModifiedDate":"2025-09-16T21:24:07","isFullCredit":false},{"lineNumber":142,"author":{"gitId":"Veggiebird"},"content":"                               }","lastModifiedDate":"2025-09-16T21:24:07","isFullCredit":false},{"lineNumber":143,"author":{"gitId":"Veggiebird"},"content":"                               break;","lastModifiedDate":"2025-09-16T21:24:07","isFullCredit":false},{"lineNumber":144,"author":{"gitId":"Veggiebird"},"content":"","lastModifiedDate":"2025-09-16T21:24:07","isFullCredit":false},{"lineNumber":145,"author":{"gitId":"Veggiebird"},"content":"                           case \"5\":","lastModifiedDate":"2025-09-16T21:24:07","isFullCredit":false},{"lineNumber":146,"author":{"gitId":"Veggiebird"},"content":"                               System.out.println(\"Back to main menu.\");","lastModifiedDate":"2025-09-16T21:24:07","isFullCredit":false},{"lineNumber":147,"author":{"gitId":"Veggiebird"},"content":"                               taskMode \u003d false;","lastModifiedDate":"2025-09-16T21:24:07","isFullCredit":false},{"lineNumber":148,"author":{"gitId":"Veggiebird"},"content":"                               break;","lastModifiedDate":"2025-09-16T21:24:07","isFullCredit":false},{"lineNumber":149,"author":{"gitId":"Veggiebird"},"content":"                       }","lastModifiedDate":"2025-09-16T21:24:07","isFullCredit":false},{"lineNumber":150,"author":{"gitId":"Veggiebird"},"content":"","lastModifiedDate":"2025-09-16T21:24:07","isFullCredit":false},{"lineNumber":151,"author":{"gitId":"Veggiebird"},"content":"                    }","lastModifiedDate":"2025-09-16T21:24:07","isFullCredit":false},{"lineNumber":152,"author":{"gitId":"Veggiebird"},"content":"                break;","lastModifiedDate":"2025-09-16T21:24:07","isFullCredit":false},{"lineNumber":153,"author":{"gitId":"Veggiebird"},"content":"","lastModifiedDate":"2025-09-16T21:24:07","isFullCredit":false},{"lineNumber":154,"author":{"gitId":"Veggiebird"},"content":"                case \"5\":","lastModifiedDate":"2025-09-16T21:24:07","isFullCredit":false},{"lineNumber":155,"author":{"gitId":"Veggiebird"},"content":"                    System.out.println(\"Thank you, Bye\");","lastModifiedDate":"2025-09-16T21:24:07","isFullCredit":false},{"lineNumber":156,"author":{"gitId":"Veggiebird"},"content":"                    chatLive \u003d false;","lastModifiedDate":"2025-09-16T21:24:07","isFullCredit":false},{"lineNumber":157,"author":{"gitId":"Veggiebird"},"content":"                    break;","lastModifiedDate":"2025-09-16T21:24:07","isFullCredit":false},{"lineNumber":158,"author":{"gitId":"Veggiebird"},"content":"            }","lastModifiedDate":"2025-09-16T21:24:07","isFullCredit":false},{"lineNumber":159,"author":{"gitId":"Veggiebird"},"content":"","lastModifiedDate":"2025-09-16T21:24:07","isFullCredit":false},{"lineNumber":160,"author":{"gitId":"Veggiebird"},"content":"","lastModifiedDate":"2025-09-16T21:24:07","isFullCredit":false},{"lineNumber":161,"author":{"gitId":"Veggiebird"},"content":"        }","lastModifiedDate":"2025-08-31T22:37:47","isFullCredit":false},{"lineNumber":162,"author":{"gitId":"Veggiebird"},"content":"        sc.close();","lastModifiedDate":"2025-09-16T21:24:07","isFullCredit":false},{"lineNumber":163,"author":{"gitId":"Veggiebird"},"content":"    }","lastModifiedDate":"2025-08-31T22:37:47","isFullCredit":false},{"lineNumber":164,"author":{"gitId":"Veggiebird"},"content":"}","lastModifiedDate":"2025-08-31T22:37:47","isFullCredit":false},{"lineNumber":165,"author":{"gitId":"Veggiebird"},"content":"","lastModifiedDate":"2025-08-31T22:37:47","isFullCredit":false},{"lineNumber":166,"author":{"gitId":"Veggiebird"},"content":"","lastModifiedDate":"2025-08-31T22:37:47","isFullCredit":false}],"authorContributionMap":{"Veggiebird":166}},{"path":"src/main/java/gracee_historical.java","fileType":"java","lines":[{"lineNumber":1,"author":{"gitId":"Veggiebird"},"content":"import java.util.ArrayList;","lastModifiedDate":"2025-09-16T21:24:07","isFullCredit":false},{"lineNumber":2,"author":{"gitId":"Veggiebird"},"content":"import java.util.Collections;","lastModifiedDate":"2025-09-16T21:24:07","isFullCredit":false},{"lineNumber":3,"author":{"gitId":"Veggiebird"},"content":"import java.util.List;","lastModifiedDate":"2025-09-16T21:24:07","isFullCredit":false},{"lineNumber":4,"author":{"gitId":"Veggiebird"},"content":"","lastModifiedDate":"2025-09-16T21:24:07","isFullCredit":false},{"lineNumber":5,"author":{"gitId":"Veggiebird"},"content":"public class gracee_historical{","lastModifiedDate":"2025-09-16T21:24:07","isFullCredit":false},{"lineNumber":6,"author":{"gitId":"Veggiebird"},"content":"    private final ArrayList\u003cString\u003e items \u003d new ArrayList\u003c\u003e(0);","lastModifiedDate":"2025-09-16T21:24:07","isFullCredit":false},{"lineNumber":7,"author":{"gitId":"Veggiebird"},"content":"","lastModifiedDate":"2025-09-16T21:24:07","isFullCredit":false},{"lineNumber":8,"author":{"gitId":"Veggiebird"},"content":"    public void add(String entry){","lastModifiedDate":"2025-09-16T21:24:07","isFullCredit":false},{"lineNumber":9,"author":{"gitId":"Veggiebird"},"content":"        if(entry !\u003d null \u0026\u0026 !entry.isEmpty()){","lastModifiedDate":"2025-09-16T21:24:07","isFullCredit":false},{"lineNumber":10,"author":{"gitId":"Veggiebird"},"content":"            items.add(entry);","lastModifiedDate":"2025-09-16T21:24:07","isFullCredit":false},{"lineNumber":11,"author":{"gitId":"Veggiebird"},"content":"        }","lastModifiedDate":"2025-09-16T21:24:07","isFullCredit":false},{"lineNumber":12,"author":{"gitId":"Veggiebird"},"content":"    }","lastModifiedDate":"2025-09-16T21:24:07","isFullCredit":false},{"lineNumber":13,"author":{"gitId":"Veggiebird"},"content":"","lastModifiedDate":"2025-09-16T21:24:07","isFullCredit":false},{"lineNumber":14,"author":{"gitId":"Veggiebird"},"content":"    public int size(){","lastModifiedDate":"2025-09-16T21:24:07","isFullCredit":false},{"lineNumber":15,"author":{"gitId":"Veggiebird"},"content":"        return items.size();","lastModifiedDate":"2025-09-16T21:24:07","isFullCredit":false},{"lineNumber":16,"author":{"gitId":"Veggiebird"},"content":"    }","lastModifiedDate":"2025-09-16T21:24:07","isFullCredit":false},{"lineNumber":17,"author":{"gitId":"Veggiebird"},"content":"","lastModifiedDate":"2025-09-16T21:24:07","isFullCredit":false},{"lineNumber":18,"author":{"gitId":"Veggiebird"},"content":"    public String get(int index){","lastModifiedDate":"2025-09-16T21:24:07","isFullCredit":false},{"lineNumber":19,"author":{"gitId":"Veggiebird"},"content":"        return items.get(index);","lastModifiedDate":"2025-09-16T21:24:07","isFullCredit":false},{"lineNumber":20,"author":{"gitId":"Veggiebird"},"content":"    }","lastModifiedDate":"2025-09-16T21:24:07","isFullCredit":false},{"lineNumber":21,"author":{"gitId":"Veggiebird"},"content":"","lastModifiedDate":"2025-09-16T21:24:07","isFullCredit":false},{"lineNumber":22,"author":{"gitId":"Veggiebird"},"content":"    public List\u003cString\u003e list(){","lastModifiedDate":"2025-09-16T21:24:07","isFullCredit":false},{"lineNumber":23,"author":{"gitId":"Veggiebird"},"content":"        return Collections.unmodifiableList(items);","lastModifiedDate":"2025-09-16T21:24:07","isFullCredit":false},{"lineNumber":24,"author":{"gitId":"Veggiebird"},"content":"    }","lastModifiedDate":"2025-09-16T21:24:07","isFullCredit":false},{"lineNumber":25,"author":{"gitId":"Veggiebird"},"content":"}","lastModifiedDate":"2025-09-16T21:24:07","isFullCredit":false}],"authorContributionMap":{"Veggiebird":25}},{"path":"src/main/java/gracee_task_list.java","fileType":"java","lines":[{"lineNumber":1,"author":{"gitId":"Veggiebird"},"content":"import java.util.List;","lastModifiedDate":"2025-09-16T21:24:07","isFullCredit":false},{"lineNumber":2,"author":{"gitId":"Veggiebird"},"content":"import java.util.ArrayList;","lastModifiedDate":"2025-09-16T21:24:07","isFullCredit":false},{"lineNumber":3,"author":{"gitId":"Veggiebird"},"content":"","lastModifiedDate":"2025-09-16T21:24:07","isFullCredit":false},{"lineNumber":4,"author":{"gitId":"Veggiebird"},"content":"public class gracee_task_list{","lastModifiedDate":"2025-09-16T21:24:07","isFullCredit":false},{"lineNumber":5,"author":{"gitId":"Veggiebird"},"content":"    protected String description;","lastModifiedDate":"2025-09-16T21:24:07","isFullCredit":false},{"lineNumber":6,"author":{"gitId":"Veggiebird"},"content":"    protected boolean isDone;","lastModifiedDate":"2025-09-16T21:24:07","isFullCredit":false},{"lineNumber":7,"author":{"gitId":"Veggiebird"},"content":"","lastModifiedDate":"2025-09-16T21:24:07","isFullCredit":false},{"lineNumber":8,"author":{"gitId":"Veggiebird"},"content":"    public gracee_task_list(String description) {","lastModifiedDate":"2025-09-16T21:24:07","isFullCredit":false},{"lineNumber":9,"author":{"gitId":"Veggiebird"},"content":"        this.description \u003d description;","lastModifiedDate":"2025-09-16T21:24:07","isFullCredit":false},{"lineNumber":10,"author":{"gitId":"Veggiebird"},"content":"        this.isDone \u003d false;","lastModifiedDate":"2025-09-16T21:24:07","isFullCredit":false},{"lineNumber":11,"author":{"gitId":"Veggiebird"},"content":"    }","lastModifiedDate":"2025-09-16T21:24:07","isFullCredit":false},{"lineNumber":12,"author":{"gitId":"Veggiebird"},"content":"","lastModifiedDate":"2025-09-16T21:24:07","isFullCredit":false},{"lineNumber":13,"author":{"gitId":"Veggiebird"},"content":"    public String getStatus() {","lastModifiedDate":"2025-09-16T21:24:07","isFullCredit":false},{"lineNumber":14,"author":{"gitId":"Veggiebird"},"content":"        return (isDone ? \"Done\" : \"Pending\");","lastModifiedDate":"2025-09-16T21:24:07","isFullCredit":false},{"lineNumber":15,"author":{"gitId":"Veggiebird"},"content":"    }","lastModifiedDate":"2025-09-16T21:24:07","isFullCredit":false},{"lineNumber":16,"author":{"gitId":"Veggiebird"},"content":"","lastModifiedDate":"2025-09-16T21:24:07","isFullCredit":false},{"lineNumber":17,"author":{"gitId":"Veggiebird"},"content":"    public void markAsDone(){","lastModifiedDate":"2025-09-16T21:24:07","isFullCredit":false},{"lineNumber":18,"author":{"gitId":"Veggiebird"},"content":"        this.isDone \u003d true;","lastModifiedDate":"2025-09-16T21:24:07","isFullCredit":false},{"lineNumber":19,"author":{"gitId":"Veggiebird"},"content":"    }","lastModifiedDate":"2025-09-16T21:24:07","isFullCredit":false},{"lineNumber":20,"author":{"gitId":"Veggiebird"},"content":"","lastModifiedDate":"2025-09-16T21:24:07","isFullCredit":false},{"lineNumber":21,"author":{"gitId":"Veggiebird"},"content":"    public void markAsPending(){","lastModifiedDate":"2025-09-16T21:24:07","isFullCredit":false},{"lineNumber":22,"author":{"gitId":"Veggiebird"},"content":"        this.isDone \u003d false;","lastModifiedDate":"2025-09-16T21:24:07","isFullCredit":false},{"lineNumber":23,"author":{"gitId":"Veggiebird"},"content":"    }","lastModifiedDate":"2025-09-16T21:24:07","isFullCredit":false},{"lineNumber":24,"author":{"gitId":"Veggiebird"},"content":"","lastModifiedDate":"2025-09-16T21:24:07","isFullCredit":false},{"lineNumber":25,"author":{"gitId":"Veggiebird"},"content":"    @Override","lastModifiedDate":"2025-09-16T21:24:07","isFullCredit":false},{"lineNumber":26,"author":{"gitId":"Veggiebird"},"content":"    public String toString(){","lastModifiedDate":"2025-09-16T21:24:07","isFullCredit":false},{"lineNumber":27,"author":{"gitId":"Veggiebird"},"content":"        return \"[\" + getStatus() + \"] \" + description;","lastModifiedDate":"2025-09-16T21:24:07","isFullCredit":false},{"lineNumber":28,"author":{"gitId":"Veggiebird"},"content":"    }","lastModifiedDate":"2025-09-16T21:24:07","isFullCredit":false},{"lineNumber":29,"author":{"gitId":"Veggiebird"},"content":"}","lastModifiedDate":"2025-09-16T21:24:07","isFullCredit":false}],"authorContributionMap":{"Veggiebird":29}},{"path":"text-ui-test/runtest.bat","fileType":"bat","lines":[{"lineNumber":1,"author":{"gitId":"-"},"content":"@ECHO OFF","lastModifiedDate":"2020-05-25T00:03:55","isFullCredit":false},{"lineNumber":2,"author":{"gitId":"-"},"content":"","lastModifiedDate":"2020-05-25T00:03:55","isFullCredit":false},{"lineNumber":3,"author":{"gitId":"-"},"content":"REM create bin directory if it doesn\u0027t exist","lastModifiedDate":"2020-05-25T00:03:55","isFullCredit":false},{"lineNumber":4,"author":{"gitId":"-"},"content":"if not exist ..\\bin mkdir ..\\bin","lastModifiedDate":"2020-05-25T00:03:55","isFullCredit":false},{"lineNumber":5,"author":{"gitId":"-"},"content":"","lastModifiedDate":"2020-05-25T00:03:55","isFullCredit":false},{"lineNumber":6,"author":{"gitId":"-"},"content":"REM delete output from previous run","lastModifiedDate":"2020-05-25T00:03:55","isFullCredit":false},{"lineNumber":7,"author":{"gitId":"-"},"content":"if exist ACTUAL.TXT del ACTUAL.TXT","lastModifiedDate":"2020-08-25T17:23:26","isFullCredit":false},{"lineNumber":8,"author":{"gitId":"-"},"content":"","lastModifiedDate":"2020-05-25T00:03:55","isFullCredit":false},{"lineNumber":9,"author":{"gitId":"-"},"content":"REM compile the code into the bin folder","lastModifiedDate":"2020-05-25T00:03:55","isFullCredit":false},{"lineNumber":10,"author":{"gitId":"-"},"content":"javac  -cp ..\\src\\main\\java -Xlint:none -d ..\\bin ..\\src\\main\\java\\*.java","lastModifiedDate":"2020-08-25T17:23:26","isFullCredit":false},{"lineNumber":11,"author":{"gitId":"-"},"content":"IF ERRORLEVEL 1 (","lastModifiedDate":"2020-05-25T00:03:55","isFullCredit":false},{"lineNumber":12,"author":{"gitId":"-"},"content":"    echo ********** BUILD FAILURE **********","lastModifiedDate":"2020-05-25T00:03:55","isFullCredit":false},{"lineNumber":13,"author":{"gitId":"-"},"content":"    exit /b 1","lastModifiedDate":"2020-05-25T00:03:55","isFullCredit":false},{"lineNumber":14,"author":{"gitId":"-"},"content":")","lastModifiedDate":"2020-05-25T00:03:55","isFullCredit":false},{"lineNumber":15,"author":{"gitId":"-"},"content":"REM no error here, errorlevel \u003d\u003d 0","lastModifiedDate":"2020-05-25T00:03:55","isFullCredit":false},{"lineNumber":16,"author":{"gitId":"-"},"content":"","lastModifiedDate":"2020-05-25T00:03:55","isFullCredit":false},{"lineNumber":17,"author":{"gitId":"-"},"content":"REM run the program, feed commands from input.txt file and redirect the output to the ACTUAL.TXT","lastModifiedDate":"2020-05-25T00:03:55","isFullCredit":false},{"lineNumber":18,"author":{"gitId":"Veggiebird"},"content":"java -classpath ..\\bin Gracee \u003c input.txt \u003e ACTUAL.TXT","lastModifiedDate":"2025-08-31T22:37:47","isFullCredit":false},{"lineNumber":19,"author":{"gitId":"-"},"content":"","lastModifiedDate":"2020-05-25T00:03:55","isFullCredit":false},{"lineNumber":20,"author":{"gitId":"-"},"content":"REM compare the output to the expected output","lastModifiedDate":"2020-05-25T00:03:55","isFullCredit":false},{"lineNumber":21,"author":{"gitId":"-"},"content":"FC ACTUAL.TXT EXPECTED.TXT","lastModifiedDate":"2020-05-25T00:03:55","isFullCredit":false}],"authorContributionMap":{"Veggiebird":1,"-":20}}]
