{"authorDailyContributionsMap":{"Veggiebird":[{"date":"2025-08-31T00:00:00","commitResults":[{"hash":"821b5004f4f950f6e6ebbcbc7adae8ed6c4d36bc","isMergeCommit":false,"messageTitle":"level-0, level-1, level-2","messageBody":"","fileTypesAndContributionMap":{"java":{"insertions":59,"deletions":10},"bat":{"insertions":1,"deletions":1},"md":{"insertions":3,"deletions":3}}},{"hash":"4c91ec2bbf21b763f4c38dff378bc66b123856bb","isMergeCommit":false,"messageTitle":"level-0, level-1, level-2","messageBody":"","fileTypesAndContributionMap":{"java":{"insertions":59,"deletions":10},"bat":{"insertions":1,"deletions":1},"md":{"insertions":3,"deletions":3}}}]},{"date":"2025-09-16T00:00:00","commitResults":[{"hash":"b4bfc27386b97d14658a189dc37cdbd8a86752f1","isMergeCommit":false,"messageTitle":"level-0, level-1, level-2, level-3","messageBody":"","fileTypesAndContributionMap":{"java":{"insertions":202,"deletions":41}}}]}]},"authorFileTypeContributionMap":{"Veggiebird":{"java":220,"md":3,"fxml":0,"sh":0,"bat":1,"gradle":0,"txt":0}},"authorContributionVariance":{"Veggiebird":1799.6134},"authorDisplayNameMap":{"Veggiebird":"GRAC..CHIN"}}
