{"authorDailyContributionsMap":{"Veggiebird":[{"date":"2025-08-31T00:00:00","commitResults":[{"hash":"821b5004f4f950f6e6ebbcbc7adae8ed6c4d36bc","isMergeCommit":false,"messageTitle":"level-0, level-1, level-2","messageBody":"","fileTypesAndContributionMap":{"java":{"insertions":59,"deletions":10},"bat":{"insertions":1,"deletions":1},"md":{"insertions":3,"deletions":3}}},{"hash":"4c91ec2bbf21b763f4c38dff378bc66b123856bb","isMergeCommit":false,"messageTitle":"level-0, level-1, level-2","messageBody":"","fileTypesAndContributionMap":{"java":{"insertions":59,"deletions":10},"bat":{"insertions":1,"deletions":1},"md":{"insertions":3,"deletions":3}}}]},{"date":"2025-09-16T00:00:00","commitResults":[{"hash":"b4bfc27386b97d14658a189dc37cdbd8a86752f1","isMergeCommit":false,"messageTitle":"level-0, level-1, level-2, level-3","messageBody":"","fileTypesAndContributionMap":{"java":{"insertions":202,"deletions":41}}}]},{"date":"2025-09-25T00:00:00","commitResults":[{"hash":"de1a44f24a46c80101409edc69c590cc78f845c7","isMergeCommit":false,"messageTitle":"level-0, level-1, level-2, level-3, level-4","messageBody":"","fileTypesAndContributionMap":{"java":{"insertions":82,"deletions":17}}}]},{"date":"2025-09-28T00:00:00","commitResults":[{"hash":"9e925d7df3dcc0493204a8a78e0d09c7f17bbfd0","isMergeCommit":false,"messageTitle":"level-0, level-1, level-2, level-3, level-4","messageBody":"","fileTypesAndContributionMap":{"java":{"insertions":43,"deletions":35}}},{"hash":"342ba1b8fc053ec12d157842036fad8a7c9c7688","isMergeCommit":false,"messageTitle":"Level-5","messageBody":"","fileTypesAndContributionMap":{"java":{"insertions":1,"deletions":1}}},{"hash":"753b8b376087b555b91bb335ca3682d246b307b8","isMergeCommit":false,"messageTitle":"Level-6","messageBody":"","fileTypesAndContributionMap":{"java":{"insertions":1,"deletions":0}}},{"hash":"e899b953dc197fd0cb907b719cb49fb2a50b1e84","isMergeCommit":false,"messageTitle":"Level-0","messageBody":"","fileTypesAndContributionMap":{"java":{"insertions":1,"deletions":0}}},{"hash":"b07b764541c06edd489d0caaae9d5819365f1b64","isMergeCommit":false,"messageTitle":"Level-1","messageBody":"","fileTypesAndContributionMap":{"java":{"insertions":1,"deletions":0}}},{"hash":"476fd40f638a9d711760c37a029ca585f9465314","isMergeCommit":false,"messageTitle":"Level-2","messageBody":"","fileTypesAndContributionMap":{"java":{"insertions":1,"deletions":0}}},{"hash":"521d87ca125f14736ddb1e52d50b41af81a79a25","isMergeCommit":false,"messageTitle":"Level-3","messageBody":"","fileTypesAndContributionMap":{"java":{"insertions":1,"deletions":0}}},{"hash":"1c45125d7e57c804a60039aca896a0d9ddae4d13","isMergeCommit":false,"messageTitle":"Level-4","messageBody":"","fileTypesAndContributionMap":{"java":{"insertions":1,"deletions":0}}},{"hash":"66e0f52b6499bce50fb5fb567bb0c85257972207","isMergeCommit":false,"messageTitle":"Level-5","messageBody":"","fileTypesAndContributionMap":{"java":{"insertions":1,"deletions":0}}},{"hash":"4528191568fc5b034ec23c30fec78c8cd1f398b4","isMergeCommit":false,"messageTitle":"Level-6","messageBody":"","fileTypesAndContributionMap":{"java":{"insertions":1,"deletions":0}}},{"hash":"03660138b6c6991f98a10a62730d8a5e3b1abe8f","isMergeCommit":false,"messageTitle":"Level-0","messageBody":"","tags":["Level-0"],"fileTypesAndContributionMap":{"java":{"insertions":0,"deletions":208}}},{"hash":"fc484f0cb44d31a592be4d82964d85575e0bd9d7","isMergeCommit":false,"messageTitle":"Level-1","messageBody":"","tags":["Level-1"],"fileTypesAndContributionMap":{"java":{"insertions":1,"deletions":1}}},{"hash":"a149eb6a03e95010b03193c34776c848e63aacc6","isMergeCommit":false,"messageTitle":"Level-2","messageBody":"","tags":["Level-2"],"fileTypesAndContributionMap":{"java":{"insertions":1,"deletions":1}}},{"hash":"09c85165cc9f970fd29c1c0c09e67987a5a97966","isMergeCommit":false,"messageTitle":"Level-3","messageBody":"","tags":["Level-3"],"fileTypesAndContributionMap":{"java":{"insertions":1,"deletions":1}}},{"hash":"d1acb3a45dffdc71aa69e9a3196dc6e6dec1547f","isMergeCommit":false,"messageTitle":"Level-4","messageBody":"","tags":["Level-4"],"fileTypesAndContributionMap":{"java":{"insertions":1,"deletions":1}}},{"hash":"e7f1d6e75cf6f1b51fd7f7c4930bb34bce8fce81","isMergeCommit":false,"messageTitle":"Level-5","messageBody":"","tags":["Level-5"],"fileTypesAndContributionMap":{"java":{"insertions":1,"deletions":1}}},{"hash":"a447461949b297a29637d55b7628bd51d6fbcc37","isMergeCommit":false,"messageTitle":"Level-6","messageBody":"","fileTypesAndContributionMap":{"java":{"insertions":1,"deletions":1}}},{"hash":"9d256d3c619ad473337d41f6663eb4b0674915cf","isMergeCommit":false,"messageTitle":"Level-6","messageBody":"","tags":["enums"],"fileTypesAndContributionMap":{"java":{"insertions":201,"deletions":1}}}]},{"date":"2025-10-10T00:00:00","commitResults":[{"hash":"8398802168a3d437406142ed00bc47f653ebdf36","isMergeCommit":false,"messageTitle":"level-0, level-1, level-2, level-3, level-4, level-5, level-6, a-enums","messageBody":"","fileTypesAndContributionMap":{"java":{"insertions":275,"deletions":169}}}]},{"date":"2025-10-28T00:00:00","commitResults":[{"hash":"804c2bcb04adbc57dc508443a61a2123a8573230","isMergeCommit":true,"messageTitle":"merge remote-tracking branch \u0027origin/add-gradle-support\u0027","messageBody":"","fileTypesAndContributionMap":{}},{"hash":"0b46859f582390d3733dc30073286dd62e5cb8da","isMergeCommit":false,"messageTitle":"Revert \"merge remote-tracking branch \u0027origin/add-gradle-support\u0027\"","messageBody":"This reverts commit 804c2bcb04adbc57dc508443a61a2123a8573230, reversing\nchanges made to 8398802168a3d437406142ed00bc47f653ebdf36.\n","fileTypesAndContributionMap":{"gradle":{"insertions":0,"deletions":41},"sh":{"insertions":0,"deletions":0}}},{"hash":"98e8ec3722e436f6ae084183e4ce81ed583994ee","isMergeCommit":false,"messageTitle":"Clean up Gradle remnants after revert","messageBody":"","fileTypesAndContributionMap":{"java":{"insertions":1056,"deletions":0}}}]},{"date":"2025-10-29T00:00:00","commitResults":[{"hash":"45d922be9eaeff95cc647e30919fdaa05ef763fd","isMergeCommit":false,"messageTitle":"Revert \"Revert \"merge remote-tracking branch \u0027origin/add-gradle-support\u0027\"\"","messageBody":"This reverts commit 0b46859f582390d3733dc30073286dd62e5cb8da.\n","fileTypesAndContributionMap":{"gradle":{"insertions":41,"deletions":0},"sh":{"insertions":0,"deletions":0}}}]},{"date":"2025-10-30T00:00:00","commitResults":[{"hash":"657fc27cc444f79a6ef953641d817d892ff676fd","isMergeCommit":false,"messageTitle":"add gradle","messageBody":"","tags":["gradle"],"fileTypesAndContributionMap":{"gradle":{"insertions":2,"deletions":1},"txt":{"insertions":2,"deletions":0}}},{"hash":"83e0717bb94f9054a0869c88c431aeb92d1f109f","isMergeCommit":false,"messageTitle":"junit test","messageBody":"","tags":["junit-test"],"fileTypesAndContributionMap":{"java":{"insertions":74,"deletions":399}}}]},{"date":"2025-11-04T00:00:00","commitResults":[{"hash":"e421cfb032ed2da7d249d76cd17ff13578fe69e1","isMergeCommit":false,"messageTitle":"add find keyword and search date","messageBody":"","fileTypesAndContributionMap":{"txt":{"insertions":3,"deletions":1},"java":{"insertions":308,"deletions":35}}}]}]},"authorFileTypeContributionMap":{"Veggiebird":{"java":1403,"md":3,"fxml":0,"sh":0,"bat":1,"gradle":2,"txt":4}},"authorContributionVariance":{"Veggiebird":21274.53},"authorDisplayNameMap":{"Veggiebird":"GRAC..CHIN"}}
