{"authorDailyContributionsMap":{"vhxy17":[{"date":"2025-09-16T00:00:00","commitResults":[{"hash":"9d4e9f3efd64776e96ef37edef786ee2839c11df","isMergeCommit":false,"messageTitle":"first commit: changed name, completed levels 0 \u0026 1","messageBody":"","fileTypesAndContributionMap":{"java":{"insertions":0,"deletions":0}}}]}]},"authorFileTypeContributionMap":{"vhxy17":{"java":0,"md":0,"fxml":0,"sh":0,"bat":0,"gradle":0,"txt":0}},"authorContributionVariance":{"vhxy17":0.0},"authorDisplayNameMap":{"vhxy17":"HEW ..G YI"}}
