{"authorDailyContributionsMap":{"vhxy17":[{"date":"2025-09-16T00:00:00","commitResults":[{"hash":"9d4e9f3efd64776e96ef37edef786ee2839c11df","isMergeCommit":false,"messageTitle":"first commit: changed name, completed levels 0 \u0026 1","messageBody":"","tags":["lv-1","lv-0"],"fileTypesAndContributionMap":{"java":{"insertions":0,"deletions":0}}}]},{"date":"2025-09-17T00:00:00","commitResults":[{"hash":"3a04bc8a9ab44fd1ab5a09c5659684a8f8677fab","isMergeCommit":false,"messageTitle":"Level 2. Add, List","messageBody":"","tags":["lv-2"],"fileTypesAndContributionMap":{"java":{"insertions":113,"deletions":7},"bat":{"insertions":1,"deletions":1},"md":{"insertions":3,"deletions":3}}},{"hash":"456334d7a344a3eb93aac368c704d4d3a0db96f9","isMergeCommit":false,"messageTitle":"code refactor, created new Helper class for common functions across classes. Added mark and unmark features on Task class","messageBody":"","fileTypesAndContributionMap":{"java":{"insertions":8,"deletions":0}}},{"hash":"bc5ac74d32244bdc824766e8d1925b1610c8210b","isMergeCommit":false,"messageTitle":"code refactor, created new Helper class for common functions across classes. Added mark and unmark features on Task class","messageBody":"","tags":["lv-3"],"fileTypesAndContributionMap":{"java":{"insertions":146,"deletions":35}}},{"hash":"e318dc25181f993b629aeb4fc3ba68cc09039f54","isMergeCommit":false,"messageTitle":"restructured duplicate code in mark and unmark functions","messageBody":"","fileTypesAndContributionMap":{"java":{"insertions":19,"deletions":29}}}]},{"date":"2025-10-08T00:00:00","commitResults":[{"hash":"1aadb54a6237ee7ea001e33d07a583870efe338f","isMergeCommit":false,"messageTitle":"reorganised code. Created a static LineParser class for generic-use purpose","messageBody":"","fileTypesAndContributionMap":{"java":{"insertions":260,"deletions":168}}}]},{"date":"2025-10-10T00:00:00","commitResults":[{"hash":"89c16c1538336801b989f6571e8271303f9f4d19","isMergeCommit":false,"messageTitle":"added todo, deadline, event as subclasses of task","messageBody":"","tags":["lv-4"],"fileTypesAndContributionMap":{"java":{"insertions":126,"deletions":84}}}]},{"date":"2025-10-31T00:00:00","commitResults":[{"hash":"a9db2f12f209dfa9bcf62f8f6a77914d6974ca10","isMergeCommit":false,"messageTitle":"added custom error handlers with type-specific error classifications.","messageBody":"","tags":["lv-5"],"fileTypesAndContributionMap":{"java":{"insertions":225,"deletions":79}}},{"hash":"2bd7bb8996cec56ba012251a353736027700d441","isMergeCommit":false,"messageTitle":"updated \taskList from Task[] to ArrayList\u003cTask\u003e and added feature to delete tasks from list","messageBody":"","tags":["lv-6"],"fileTypesAndContributionMap":{"java":{"insertions":64,"deletions":38}}}]},{"date":"2025-11-04T00:00:00","commitResults":[{"hash":"26d8be50b54bd10b71ffd2e486fbb316f93d801a","isMergeCommit":false,"messageTitle":"added new Storage class to handle reading and writing to file object and made main Golden object more OOP","messageBody":"","tags":["lv-7"],"fileTypesAndContributionMap":{"java":{"insertions":367,"deletions":69}}},{"hash":"229b71140511467d6fd17bef14a8a45a309d1544","isMergeCommit":false,"messageTitle":"admin: reorganised files into packages","messageBody":"","fileTypesAndContributionMap":{"java":{"insertions":107,"deletions":55}}},{"hash":"c42648055779a1a482d5e4afa043c3a51cc8f022","isMergeCommit":false,"messageTitle":"added source file","messageBody":"","fileTypesAndContributionMap":{"txt":{"insertions":6,"deletions":0}}},{"hash":"c59e44c84424f118e30ed2f4641c25d83cd38996","isMergeCommit":true,"messageTitle":"Merge \u0027branch-level-7\u0027 to master","messageBody":"","fileTypesAndContributionMap":{}},{"hash":"75a8a4cb78c7d4123bddb9d27776598ee6ae8141","isMergeCommit":false,"messageTitle":"deleted File class","messageBody":"","fileTypesAndContributionMap":{"java":{"insertions":0,"deletions":2}}},{"hash":"342c8f7ad0fcf728a070db84f87a5c4a271f5208","isMergeCommit":false,"messageTitle":"fix delete function triggering wrong parseError messge","messageBody":"","fileTypesAndContributionMap":{"txt":{"insertions":3,"deletions":6},"java":{"insertions":10,"deletions":20}}},{"hash":"6a2ab91456e6ebcb2ee37fc580b7d8a370e3a0a1","isMergeCommit":false,"messageTitle":"add handler for when data file does not exist on startup","messageBody":"","fileTypesAndContributionMap":{"txt":{"insertions":0,"deletions":3},"java":{"insertions":62,"deletions":23}}},{"hash":"bcefb63470bf95f32bf4a2e3cb0595e050b89eaf","isMergeCommit":false,"messageTitle":"renamed \u0027StorageFormatException\u0027 to \u0027StorageFileParseException\u0027 for greater clarity","messageBody":"","fileTypesAndContributionMap":{"java":{"insertions":48,"deletions":63}}},{"hash":"0c9433259a473688f41f075f7bb58989d843c2e7","isMergeCommit":false,"messageTitle":"added new Ui class in accordance to project requirement","messageBody":"","fileTypesAndContributionMap":{"java":{"insertions":35,"deletions":38}}}]},{"date":"2025-11-05T00:00:00","commitResults":[{"hash":"f77b988de638c1a3980b9db3e1874eddbfdb689f","isMergeCommit":false,"messageTitle":"added new Command classes for more OOP","messageBody":"","fileTypesAndContributionMap":{"java":{"insertions":280,"deletions":111}}}]},{"date":"2025-11-10T00:00:00","commitResults":[{"hash":"fe99dbaa31e06fa21332b697b2acca376605ff12","isMergeCommit":false,"messageTitle":"transfer print/format-related tasks from BotActions to Ui class to achieve greater separation of concerns","messageBody":"","fileTypesAndContributionMap":{"java":{"insertions":410,"deletions":195}}},{"hash":"8fccaf3327024f034ea5eeb22540249343e43a60","isMergeCommit":false,"messageTitle":"fixed: error message strings","messageBody":"","fileTypesAndContributionMap":{"java":{"insertions":1,"deletions":1}}}]},{"date":"2025-11-11T00:00:00","commitResults":[{"hash":"f84a94f192c512f60df834d6d9a9d33358e69190","isMergeCommit":false,"messageTitle":"Store deadline and event dates as java.time.LocalDate and added JavaDoc comments for most non-private classes","messageBody":"","fileTypesAndContributionMap":{"java":{"insertions":0,"deletions":0}}},{"hash":"27c4908f9d7e0e33905141e9258c921c71820b82","isMergeCommit":false,"messageTitle":"store dates as LocalDate and added JavaDoc comments","messageBody":"","tags":["lv-8"],"fileTypesAndContributionMap":{"java":{"insertions":328,"deletions":143}}},{"hash":"ad097e9f0a49a801341740ce791aa938feb16027","isMergeCommit":true,"messageTitle":"Merge branch \u0027branch-level-8\u0027","messageBody":"","fileTypesAndContributionMap":{}},{"hash":"a502df8d755e02617c0b5cb3bbae53ecc0b5ea1d","isMergeCommit":true,"messageTitle":"Merge remote-tracking branch \u0027official/tweak-readme\u0027","messageBody":"","fileTypesAndContributionMap":{}},{"hash":"eda24dea445cacf18f46987e55302680dd3fae4f","isMergeCommit":true,"messageTitle":"update readme to correct filepath main()","messageBody":"","fileTypesAndContributionMap":{}}]},{"date":"2025-11-12T00:00:00","commitResults":[{"hash":"db9a753a5af33072b98e8fb137abb529c48e62d8","isMergeCommit":false,"messageTitle":"add C-Priority individual feature for project","messageBody":"","fileTypesAndContributionMap":{"java":{"insertions":338,"deletions":204}}},{"hash":"428fef8ac4e1a9678eeec66a260fd62e2e42bbd6","isMergeCommit":true,"messageTitle":"Merge remote-tracking branch \u0027origin/add-gradle-support\u0027","messageBody":"","fileTypesAndContributionMap":{}},{"hash":"9942b3b78bbc8c017e3fe81d82488e5d145dafac","isMergeCommit":false,"messageTitle":"merged add-gradle-support branch","messageBody":"","fileTypesAndContributionMap":{"gradle":{"insertions":1,"deletions":1}}},{"hash":"7edc08da4c04797e930cc78f01a882f0dc0d0de8","isMergeCommit":false,"messageTitle":"add search feature","messageBody":"","tags":["lv-9"],"fileTypesAndContributionMap":{"java":{"insertions":84,"deletions":5}}}]},{"date":"2025-11-13T00:00:00","commitResults":[{"hash":"c02cd83968a33acb9cbb328ab046ec71ed9f2295","isMergeCommit":false,"messageTitle":"add JUnit tests for ValidationHelper class","messageBody":"","fileTypesAndContributionMap":{"java":{"insertions":102,"deletions":3}}},{"hash":"6da7238214135b595ae34b46494b7eb509bc486e","isMergeCommit":false,"messageTitle":"add CommandParserTest and update logic on valid date - valid dates should exclude prior dates","messageBody":"","fileTypesAndContributionMap":{"java":{"insertions":164,"deletions":36}}},{"hash":"7782c0d1d4f84f0db97e469f6e5f4d3156c0d4dd","isMergeCommit":false,"messageTitle":"enforced coding standard - explicitly list imported classes","messageBody":"","fileTypesAndContributionMap":{"java":{"insertions":31,"deletions":29}}},{"hash":"5ec9f30966efaa62d1139c7a23242159660d2b51","isMergeCommit":false,"messageTitle":"improved code quality, addressed errors picked up in git issues","messageBody":"","fileTypesAndContributionMap":{"java":{"insertions":83,"deletions":124}}},{"hash":"e1c45e5cdf9ac25888267a23ac4113bcc463104c","isMergeCommit":false,"messageTitle":"improve on Proirity feature; add functionality to sort list by priority","messageBody":"","fileTypesAndContributionMap":{"java":{"insertions":29,"deletions":34}}}]},{"date":"2025-11-15T00:00:00","commitResults":[{"hash":"6a6cefb096378f50a84b532e11d7b4956d7c279b","isMergeCommit":false,"messageTitle":"restructure code for printing list from CustomList class to Ui class, added documentation and javadocs","messageBody":"","fileTypesAndContributionMap":{"gradle":{"insertions":4,"deletions":1},"java":{"insertions":176,"deletions":91}}}]}]},"authorFileTypeContributionMap":{"vhxy17":{"java":1938,"md":3,"fxml":0,"sh":0,"bat":1,"gradle":5,"txt":0}},"authorContributionVariance":{"vhxy17":26092.576},"authorDisplayNameMap":{"vhxy17":"HEW ..G YI"}}
