[{"path":"src/main/java/DefinitelyRealRon.java","fileType":"java","lines":[{"lineNumber":1,"author":{"gitId":"Ron-Gan"},"content":"import java.util.Scanner;","lastModifiedDate":"2025-08-29T11:07:19","isFullCredit":false},{"lineNumber":2,"author":{"gitId":"Ron-Gan"},"content":"import classes.*;","lastModifiedDate":"2025-09-12T03:00:02","isFullCredit":false},{"lineNumber":3,"author":{"gitId":"Ron-Gan"},"content":"import java.util.ArrayList;","lastModifiedDate":"2025-08-29T12:20:05","isFullCredit":false},{"lineNumber":4,"author":{"gitId":"Ron-Gan"},"content":"import java.util.List;","lastModifiedDate":"2025-08-29T12:20:05","isFullCredit":false},{"lineNumber":5,"author":{"gitId":"Ron-Gan"},"content":"","lastModifiedDate":"2025-08-29T11:07:19","isFullCredit":false},{"lineNumber":6,"author":{"gitId":"Ron-Gan"},"content":"public class DefinitelyRealRon {","lastModifiedDate":"2025-08-28T17:54:07","isFullCredit":false},{"lineNumber":7,"author":{"gitId":"Ron-Gan"},"content":"    ","lastModifiedDate":"2025-08-29T11:07:19","isFullCredit":false},{"lineNumber":8,"author":{"gitId":"Ron-Gan"},"content":"    private static final String LINE \u003d \"____________________________________________________________\";","lastModifiedDate":"2025-08-29T11:07:19","isFullCredit":false},{"lineNumber":9,"author":{"gitId":"Ron-Gan"},"content":"    public static List\u003cTask\u003e taskList \u003d new ArrayList\u003cTask\u003e();","lastModifiedDate":"2025-09-04T21:43:33","isFullCredit":false},{"lineNumber":10,"author":{"gitId":"Ron-Gan"},"content":"","lastModifiedDate":"2025-08-29T11:07:19","isFullCredit":false},{"lineNumber":11,"author":{"gitId":"Ron-Gan"},"content":"    public static void printWithLine(String inputString){","lastModifiedDate":"2025-08-29T11:07:19","isFullCredit":false},{"lineNumber":12,"author":{"gitId":"Ron-Gan"},"content":"            System.out.println(LINE);","lastModifiedDate":"2025-08-29T11:07:19","isFullCredit":false},{"lineNumber":13,"author":{"gitId":"Ron-Gan"},"content":"            System.out.println(inputString);","lastModifiedDate":"2025-08-29T11:07:19","isFullCredit":false},{"lineNumber":14,"author":{"gitId":"Ron-Gan"},"content":"            System.out.println(LINE);","lastModifiedDate":"2025-08-29T11:07:19","isFullCredit":false},{"lineNumber":15,"author":{"gitId":"Ron-Gan"},"content":"    }","lastModifiedDate":"2025-08-29T11:07:19","isFullCredit":false},{"lineNumber":16,"author":{"gitId":"Ron-Gan"},"content":"     ","lastModifiedDate":"2025-08-29T11:07:19","isFullCredit":false},{"lineNumber":17,"author":{"gitId":"Ron-Gan"},"content":"    public static void echo(String inputString){","lastModifiedDate":"2025-08-29T11:48:27","isFullCredit":false},{"lineNumber":18,"author":{"gitId":"Ron-Gan"},"content":"        printWithLine(\" added: \"+inputString);","lastModifiedDate":"2025-08-29T11:48:27","isFullCredit":false},{"lineNumber":19,"author":{"gitId":"Ron-Gan"},"content":"    }","lastModifiedDate":"2025-08-29T11:48:27","isFullCredit":false},{"lineNumber":20,"author":{"gitId":"Ron-Gan"},"content":"","lastModifiedDate":"2025-08-29T11:48:27","isFullCredit":false},{"lineNumber":21,"author":{"gitId":"Ron-Gan"},"content":"    public static void readInput(){","lastModifiedDate":"2025-08-29T11:48:27","isFullCredit":false},{"lineNumber":22,"author":{"gitId":"Ron-Gan"},"content":"        Scanner in \u003d new Scanner(System.in);","lastModifiedDate":"2025-08-29T11:07:19","isFullCredit":false},{"lineNumber":23,"author":{"gitId":"Ron-Gan"},"content":"        String inputString;","lastModifiedDate":"2025-08-29T11:07:19","isFullCredit":false},{"lineNumber":24,"author":{"gitId":"Ron-Gan"},"content":"        inputString \u003d in.nextLine();","lastModifiedDate":"2025-08-29T11:07:19","isFullCredit":false},{"lineNumber":25,"author":{"gitId":"Ron-Gan"},"content":"        int index \u003d 1;","lastModifiedDate":"2025-09-11T23:32:45","isFullCredit":false},{"lineNumber":26,"author":{"gitId":"Ron-Gan"},"content":"","lastModifiedDate":"2025-08-29T11:48:27","isFullCredit":false},{"lineNumber":27,"author":{"gitId":"Ron-Gan"},"content":"        while(!inputString.equals(\"bye\")){ //does not end until user inputs \"bye\"","lastModifiedDate":"2025-08-29T12:20:05","isFullCredit":false},{"lineNumber":28,"author":{"gitId":"Ron-Gan"},"content":"            String[] dates \u003d inputString.split(\"/\");","lastModifiedDate":"2025-09-12T03:00:02","isFullCredit":false},{"lineNumber":29,"author":{"gitId":"Ron-Gan"},"content":"            String[] words \u003d dates[0].split(\" \");","lastModifiedDate":"2025-09-12T03:00:02","isFullCredit":false},{"lineNumber":30,"author":{"gitId":"Ron-Gan"},"content":"            String firstWord \u003d words[0];","lastModifiedDate":"2025-09-04T21:43:33","isFullCredit":false},{"lineNumber":31,"author":{"gitId":"Ron-Gan"},"content":"            int targetTaskForStatusChange \u003d -1;","lastModifiedDate":"2025-09-04T21:43:33","isFullCredit":false},{"lineNumber":32,"author":{"gitId":"Ron-Gan"},"content":"            String taskName \u003d \"\";","lastModifiedDate":"2025-09-12T03:00:02","isFullCredit":false},{"lineNumber":33,"author":{"gitId":"Ron-Gan"},"content":"            for(int i\u003d1; i\u003cwords.length-1;i+\u003d1)","lastModifiedDate":"2025-09-12T03:00:02","isFullCredit":false},{"lineNumber":34,"author":{"gitId":"Ron-Gan"},"content":"                taskName+\u003d words[i] + \" \";","lastModifiedDate":"2025-09-12T03:00:02","isFullCredit":false},{"lineNumber":35,"author":{"gitId":"Ron-Gan"},"content":"            taskName +\u003d words[words.length-1]; ","lastModifiedDate":"2025-09-12T03:00:02","isFullCredit":false},{"lineNumber":36,"author":{"gitId":"Ron-Gan"},"content":"            ","lastModifiedDate":"2025-09-04T21:43:33","isFullCredit":false},{"lineNumber":37,"author":{"gitId":"Ron-Gan"},"content":"            switch (firstWord) {","lastModifiedDate":"2025-09-11T23:07:08","isFullCredit":false},{"lineNumber":38,"author":{"gitId":"Ron-Gan"},"content":"                case \"mark\":","lastModifiedDate":"2025-09-11T23:07:08","isFullCredit":false},{"lineNumber":39,"author":{"gitId":"Ron-Gan"},"content":"                    targetTaskForStatusChange \u003d Integer.parseInt(words[1])-1;","lastModifiedDate":"2025-09-11T23:07:08","isFullCredit":false},{"lineNumber":40,"author":{"gitId":"Ron-Gan"},"content":"                    taskList.get(targetTaskForStatusChange).setStatus(true);","lastModifiedDate":"2025-09-04T21:43:33","isFullCredit":false},{"lineNumber":41,"author":{"gitId":"Ron-Gan"},"content":"                    System.out.println(LINE);","lastModifiedDate":"2025-09-11T23:25:26","isFullCredit":false},{"lineNumber":42,"author":{"gitId":"Ron-Gan"},"content":"                    System.out.println(\" You\u0027re so productive! I\u0027ve marked this task as done:\");","lastModifiedDate":"2025-09-11T23:25:26","isFullCredit":false},{"lineNumber":43,"author":{"gitId":"Ron-Gan"},"content":"                    taskList.get(targetTaskForStatusChange).printTask();","lastModifiedDate":"2025-09-11T23:32:45","isFullCredit":false},{"lineNumber":44,"author":{"gitId":"Ron-Gan"},"content":"                    System.out.println(LINE);","lastModifiedDate":"2025-09-11T23:25:26","isFullCredit":false},{"lineNumber":45,"author":{"gitId":"Ron-Gan"},"content":"                    break;","lastModifiedDate":"2025-09-11T23:07:08","isFullCredit":false},{"lineNumber":46,"author":{"gitId":"Ron-Gan"},"content":"                    ","lastModifiedDate":"2025-09-11T23:07:08","isFullCredit":false},{"lineNumber":47,"author":{"gitId":"Ron-Gan"},"content":"                case \"unmark\":","lastModifiedDate":"2025-09-11T23:07:08","isFullCredit":false},{"lineNumber":48,"author":{"gitId":"Ron-Gan"},"content":"                    targetTaskForStatusChange \u003d Integer.parseInt(words[1])-1;","lastModifiedDate":"2025-09-11T23:07:08","isFullCredit":false},{"lineNumber":49,"author":{"gitId":"Ron-Gan"},"content":"                    taskList.get(targetTaskForStatusChange).setStatus(false);","lastModifiedDate":"2025-09-04T21:43:33","isFullCredit":false},{"lineNumber":50,"author":{"gitId":"Ron-Gan"},"content":"                    System.out.println(LINE);","lastModifiedDate":"2025-09-11T23:25:26","isFullCredit":false},{"lineNumber":51,"author":{"gitId":"Ron-Gan"},"content":"                    System.out.println(\" L! I\u0027ve marked this task as not done yet:\");","lastModifiedDate":"2025-09-11T23:25:26","isFullCredit":false},{"lineNumber":52,"author":{"gitId":"Ron-Gan"},"content":"                    taskList.get(targetTaskForStatusChange).printTask();","lastModifiedDate":"2025-09-11T23:32:45","isFullCredit":false},{"lineNumber":53,"author":{"gitId":"Ron-Gan"},"content":"                    System.out.println(LINE);","lastModifiedDate":"2025-09-11T23:25:26","isFullCredit":false},{"lineNumber":54,"author":{"gitId":"Ron-Gan"},"content":"                    break;","lastModifiedDate":"2025-09-11T23:07:08","isFullCredit":false},{"lineNumber":55,"author":{"gitId":"Ron-Gan"},"content":"","lastModifiedDate":"2025-09-04T21:43:33","isFullCredit":false},{"lineNumber":56,"author":{"gitId":"Ron-Gan"},"content":"                case \"list\":","lastModifiedDate":"2025-09-11T23:07:08","isFullCredit":false},{"lineNumber":57,"author":{"gitId":"Ron-Gan"},"content":"                    if(taskList.size()\u003d\u003d0){","lastModifiedDate":"2025-09-04T21:43:33","isFullCredit":false},{"lineNumber":58,"author":{"gitId":"Ron-Gan"},"content":"                        printWithLine(\" Your list is empty!\");","lastModifiedDate":"2025-09-04T21:43:33","isFullCredit":false},{"lineNumber":59,"author":{"gitId":"Ron-Gan"},"content":"                        inputString \u003d in.nextLine();","lastModifiedDate":"2025-09-04T21:43:33","isFullCredit":false},{"lineNumber":60,"author":{"gitId":"Ron-Gan"},"content":"                        continue;","lastModifiedDate":"2025-09-04T21:43:33","isFullCredit":false},{"lineNumber":61,"author":{"gitId":"Ron-Gan"},"content":"                    }","lastModifiedDate":"2025-08-29T12:20:05","isFullCredit":false},{"lineNumber":62,"author":{"gitId":"Ron-Gan"},"content":"                    System.out.println(LINE);","lastModifiedDate":"2025-08-29T12:20:05","isFullCredit":false},{"lineNumber":63,"author":{"gitId":"Ron-Gan"},"content":"                    System.out.println(\" Here are the tasks in your list:\");","lastModifiedDate":"2025-09-11T23:25:26","isFullCredit":false},{"lineNumber":64,"author":{"gitId":"Ron-Gan"},"content":"                    for(int i\u003d0; i\u003ctaskList.size(); i++){","lastModifiedDate":"2025-09-11T23:25:26","isFullCredit":false},{"lineNumber":65,"author":{"gitId":"Ron-Gan"},"content":"                        taskList.get(i).printTask();","lastModifiedDate":"2025-09-11T23:32:45","isFullCredit":false},{"lineNumber":66,"author":{"gitId":"Ron-Gan"},"content":"                    }","lastModifiedDate":"2025-09-04T21:43:33","isFullCredit":false},{"lineNumber":67,"author":{"gitId":"Ron-Gan"},"content":"                    System.out.println(LINE);","lastModifiedDate":"2025-08-29T12:20:05","isFullCredit":false},{"lineNumber":68,"author":{"gitId":"Ron-Gan"},"content":"                    break;","lastModifiedDate":"2025-09-11T23:07:08","isFullCredit":false},{"lineNumber":69,"author":{"gitId":"Ron-Gan"},"content":"","lastModifiedDate":"2025-09-04T21:43:33","isFullCredit":false},{"lineNumber":70,"author":{"gitId":"Ron-Gan"},"content":"                case \"todo\":","lastModifiedDate":"2025-09-12T03:00:02","isFullCredit":false},{"lineNumber":71,"author":{"gitId":"Ron-Gan"},"content":"                    taskList.add(new Todo(taskName,index));","lastModifiedDate":"2025-09-12T03:00:02","isFullCredit":false},{"lineNumber":72,"author":{"gitId":"Ron-Gan"},"content":"                    System.out.println(LINE);","lastModifiedDate":"2025-09-12T03:00:02","isFullCredit":false},{"lineNumber":73,"author":{"gitId":"Ron-Gan"},"content":"                    System.out.println(\" Got it. I\u0027ve added this task:\");","lastModifiedDate":"2025-09-12T03:00:02","isFullCredit":false},{"lineNumber":74,"author":{"gitId":"Ron-Gan"},"content":"                    System.out.println(\"  [T][ ] \"+ taskName);","lastModifiedDate":"2025-09-12T03:00:02","isFullCredit":false},{"lineNumber":75,"author":{"gitId":"Ron-Gan"},"content":"                    System.out.println(\" Now you have \" + taskList.size() + \" tasks in your list.\");","lastModifiedDate":"2025-09-12T03:00:02","isFullCredit":false},{"lineNumber":76,"author":{"gitId":"Ron-Gan"},"content":"                    System.out.println(LINE);","lastModifiedDate":"2025-09-12T03:00:02","isFullCredit":false},{"lineNumber":77,"author":{"gitId":"Ron-Gan"},"content":"                    index+\u003d1;","lastModifiedDate":"2025-09-12T03:00:02","isFullCredit":false},{"lineNumber":78,"author":{"gitId":"Ron-Gan"},"content":"                    break;","lastModifiedDate":"2025-09-12T03:00:02","isFullCredit":false},{"lineNumber":79,"author":{"gitId":"Ron-Gan"},"content":"","lastModifiedDate":"2025-09-12T03:00:02","isFullCredit":false},{"lineNumber":80,"author":{"gitId":"Ron-Gan"},"content":"                case \"deadline\":","lastModifiedDate":"2025-09-12T03:00:02","isFullCredit":false},{"lineNumber":81,"author":{"gitId":"Ron-Gan"},"content":"                    String deadline \u003d inputString.split(\"/by \")[1];","lastModifiedDate":"2025-09-12T03:00:02","isFullCredit":false},{"lineNumber":82,"author":{"gitId":"Ron-Gan"},"content":"                    taskList.add(new Deadline(taskName,index,deadline));","lastModifiedDate":"2025-09-12T03:00:02","isFullCredit":false},{"lineNumber":83,"author":{"gitId":"Ron-Gan"},"content":"                    System.out.println(LINE);","lastModifiedDate":"2025-09-12T03:00:02","isFullCredit":false},{"lineNumber":84,"author":{"gitId":"Ron-Gan"},"content":"                    System.out.println(\" Got it. I\u0027ve added this task:\");","lastModifiedDate":"2025-09-12T03:00:02","isFullCredit":false},{"lineNumber":85,"author":{"gitId":"Ron-Gan"},"content":"                    System.out.println(\"  [D][ ] \"+ taskName  + \" (by: \" + deadline + \")\");","lastModifiedDate":"2025-09-12T03:00:02","isFullCredit":false},{"lineNumber":86,"author":{"gitId":"Ron-Gan"},"content":"                    System.out.println(\" Now you have \" + taskList.size() + \" tasks in your list.\");","lastModifiedDate":"2025-09-12T03:00:02","isFullCredit":false},{"lineNumber":87,"author":{"gitId":"Ron-Gan"},"content":"                    System.out.println(LINE);","lastModifiedDate":"2025-09-12T03:00:02","isFullCredit":false},{"lineNumber":88,"author":{"gitId":"Ron-Gan"},"content":"                    index+\u003d1;","lastModifiedDate":"2025-09-12T03:00:02","isFullCredit":false},{"lineNumber":89,"author":{"gitId":"Ron-Gan"},"content":"                    break;","lastModifiedDate":"2025-09-12T03:00:02","isFullCredit":false},{"lineNumber":90,"author":{"gitId":"Ron-Gan"},"content":"","lastModifiedDate":"2025-09-12T03:00:02","isFullCredit":false},{"lineNumber":91,"author":{"gitId":"Ron-Gan"},"content":"                case \"event\":","lastModifiedDate":"2025-09-12T03:00:02","isFullCredit":false},{"lineNumber":92,"author":{"gitId":"Ron-Gan"},"content":"                    //Only accounted for /from before /to","lastModifiedDate":"2025-09-12T03:00:02","isFullCredit":false},{"lineNumber":93,"author":{"gitId":"Ron-Gan"},"content":"                    String fromToString \u003d inputString.split(\"/from \")[1];","lastModifiedDate":"2025-09-12T03:00:02","isFullCredit":false},{"lineNumber":94,"author":{"gitId":"Ron-Gan"},"content":"                    String fromDate \u003d fromToString.split(\"/to \")[0];","lastModifiedDate":"2025-09-12T03:00:02","isFullCredit":false},{"lineNumber":95,"author":{"gitId":"Ron-Gan"},"content":"                    String toDate \u003d fromToString.split(\"/to \")[1];","lastModifiedDate":"2025-09-12T03:00:02","isFullCredit":false},{"lineNumber":96,"author":{"gitId":"Ron-Gan"},"content":"                    taskList.add(new Event(taskName,index,fromDate,toDate));","lastModifiedDate":"2025-09-12T03:00:02","isFullCredit":false},{"lineNumber":97,"author":{"gitId":"Ron-Gan"},"content":"                    System.out.println(LINE);","lastModifiedDate":"2025-09-12T03:00:02","isFullCredit":false},{"lineNumber":98,"author":{"gitId":"Ron-Gan"},"content":"                    System.out.println(\" Got it. I\u0027ve added this task:\");","lastModifiedDate":"2025-09-12T03:00:02","isFullCredit":false},{"lineNumber":99,"author":{"gitId":"Ron-Gan"},"content":"                    System.out.println(\"  [E][ ] \"+ taskName  + \" (from: \" + fromDate + \"to: \"+ toDate + \")\");","lastModifiedDate":"2025-09-12T03:00:02","isFullCredit":false},{"lineNumber":100,"author":{"gitId":"Ron-Gan"},"content":"                    System.out.println(\" Now you have \" + taskList.size() + \" tasks in your list.\");","lastModifiedDate":"2025-09-12T03:00:02","isFullCredit":false},{"lineNumber":101,"author":{"gitId":"Ron-Gan"},"content":"                    System.out.println(LINE);","lastModifiedDate":"2025-09-12T03:00:02","isFullCredit":false},{"lineNumber":102,"author":{"gitId":"Ron-Gan"},"content":"                    index+\u003d1;","lastModifiedDate":"2025-09-12T03:00:02","isFullCredit":false},{"lineNumber":103,"author":{"gitId":"Ron-Gan"},"content":"                    break;","lastModifiedDate":"2025-09-12T03:00:02","isFullCredit":false},{"lineNumber":104,"author":{"gitId":"Ron-Gan"},"content":"","lastModifiedDate":"2025-09-12T03:00:02","isFullCredit":false},{"lineNumber":105,"author":{"gitId":"Ron-Gan"},"content":"                default:","lastModifiedDate":"2025-09-11T23:07:08","isFullCredit":false},{"lineNumber":106,"author":{"gitId":"Ron-Gan"},"content":"                    if(words.length\u003e1)","lastModifiedDate":"2025-09-12T03:00:02","isFullCredit":false},{"lineNumber":107,"author":{"gitId":"Ron-Gan"},"content":"                        taskName \u003d words[0] + \" \" + taskName;","lastModifiedDate":"2025-09-12T03:00:02","isFullCredit":false},{"lineNumber":108,"author":{"gitId":"Ron-Gan"},"content":"                    taskList.add(new Task(taskName,index));","lastModifiedDate":"2025-09-12T03:00:02","isFullCredit":false},{"lineNumber":109,"author":{"gitId":"Ron-Gan"},"content":"                    index +\u003d 1;","lastModifiedDate":"2025-09-11T23:32:45","isFullCredit":false},{"lineNumber":110,"author":{"gitId":"Ron-Gan"},"content":"                    echo(taskName);","lastModifiedDate":"2025-09-12T03:00:02","isFullCredit":false},{"lineNumber":111,"author":{"gitId":"Ron-Gan"},"content":"                    break;","lastModifiedDate":"2025-09-11T23:07:08","isFullCredit":false},{"lineNumber":112,"author":{"gitId":"Ron-Gan"},"content":"            }","lastModifiedDate":"2025-08-29T11:48:27","isFullCredit":false},{"lineNumber":113,"author":{"gitId":"Ron-Gan"},"content":"","lastModifiedDate":"2025-09-11T23:07:08","isFullCredit":false},{"lineNumber":114,"author":{"gitId":"Ron-Gan"},"content":"            inputString \u003d in.nextLine();","lastModifiedDate":"2025-08-29T12:20:05","isFullCredit":false},{"lineNumber":115,"author":{"gitId":"Ron-Gan"},"content":"        }","lastModifiedDate":"2025-08-29T11:07:19","isFullCredit":false},{"lineNumber":116,"author":{"gitId":"Ron-Gan"},"content":"        System.out.println(LINE);","lastModifiedDate":"2025-08-29T12:20:05","isFullCredit":false},{"lineNumber":117,"author":{"gitId":"Ron-Gan"},"content":"    }","lastModifiedDate":"2025-08-29T11:07:19","isFullCredit":false},{"lineNumber":118,"author":{"gitId":"Ron-Gan"},"content":"    public static void main(String[] args) {","lastModifiedDate":"2025-08-28T17:54:07","isFullCredit":false},{"lineNumber":119,"author":{"gitId":"Ron-Gan"},"content":"        String welcomeString \u003d \" Yo! I\u0027m DefinitelyRealRon. Definitely Real. Definitely Ron.\\n How may I help you today?\";","lastModifiedDate":"2025-08-29T11:07:19","isFullCredit":false},{"lineNumber":120,"author":{"gitId":"Ron-Gan"},"content":"        String byeString \u003d \" Seeya! Hope I was helpful. I\u0027m DefinitelyRealRon!\";","lastModifiedDate":"2025-08-29T12:20:05","isFullCredit":false},{"lineNumber":121,"author":{"gitId":"Ron-Gan"},"content":"        printWithLine(welcomeString);","lastModifiedDate":"2025-08-29T11:07:19","isFullCredit":false},{"lineNumber":122,"author":{"gitId":"Ron-Gan"},"content":"        readInput();","lastModifiedDate":"2025-08-29T11:48:27","isFullCredit":false},{"lineNumber":123,"author":{"gitId":"Ron-Gan"},"content":"        System.out.println(byeString);","lastModifiedDate":"2025-08-28T17:54:07","isFullCredit":false},{"lineNumber":124,"author":{"gitId":"Ron-Gan"},"content":"        System.out.println(LINE);","lastModifiedDate":"2025-08-29T11:07:19","isFullCredit":false},{"lineNumber":125,"author":{"gitId":"Ron-Gan"},"content":"    }","lastModifiedDate":"2025-08-28T17:54:07","isFullCredit":false},{"lineNumber":126,"author":{"gitId":"Ron-Gan"},"content":"}","lastModifiedDate":"2025-08-28T17:54:07","isFullCredit":false}],"authorContributionMap":{"Ron-Gan":126}},{"path":"src/main/java/classes/Deadline.java","fileType":"java","lines":[{"lineNumber":1,"author":{"gitId":"Ron-Gan"},"content":"package classes;","lastModifiedDate":"2025-09-12T03:00:02","isFullCredit":false},{"lineNumber":2,"author":{"gitId":"Ron-Gan"},"content":"","lastModifiedDate":"2025-09-12T03:00:02","isFullCredit":false},{"lineNumber":3,"author":{"gitId":"Ron-Gan"},"content":"public class Deadline extends Task {","lastModifiedDate":"2025-09-12T03:00:02","isFullCredit":false},{"lineNumber":4,"author":{"gitId":"Ron-Gan"},"content":"    public String deadline;","lastModifiedDate":"2025-09-12T03:00:02","isFullCredit":false},{"lineNumber":5,"author":{"gitId":"Ron-Gan"},"content":"    public Deadline(String desc, int ind, String deadline){","lastModifiedDate":"2025-09-12T03:00:02","isFullCredit":false},{"lineNumber":6,"author":{"gitId":"Ron-Gan"},"content":"        super(desc,ind);","lastModifiedDate":"2025-09-12T03:00:02","isFullCredit":false},{"lineNumber":7,"author":{"gitId":"Ron-Gan"},"content":"        this.deadline \u003d deadline;","lastModifiedDate":"2025-09-12T03:00:02","isFullCredit":false},{"lineNumber":8,"author":{"gitId":"Ron-Gan"},"content":"    }","lastModifiedDate":"2025-09-12T03:00:02","isFullCredit":false},{"lineNumber":9,"author":{"gitId":"Ron-Gan"},"content":"","lastModifiedDate":"2025-09-12T03:00:02","isFullCredit":false},{"lineNumber":10,"author":{"gitId":"Ron-Gan"},"content":"    @Override","lastModifiedDate":"2025-09-12T03:00:02","isFullCredit":false},{"lineNumber":11,"author":{"gitId":"Ron-Gan"},"content":"    public void printTask(){","lastModifiedDate":"2025-09-12T03:00:02","isFullCredit":false},{"lineNumber":12,"author":{"gitId":"Ron-Gan"},"content":"        String taskString;","lastModifiedDate":"2025-09-12T03:00:02","isFullCredit":false},{"lineNumber":13,"author":{"gitId":"Ron-Gan"},"content":"        if(isDone){","lastModifiedDate":"2025-09-12T03:00:02","isFullCredit":false},{"lineNumber":14,"author":{"gitId":"Ron-Gan"},"content":"            taskString \u003d \" \" + index + \". [D][X] \";","lastModifiedDate":"2025-09-12T03:00:02","isFullCredit":false},{"lineNumber":15,"author":{"gitId":"Ron-Gan"},"content":"        }","lastModifiedDate":"2025-09-12T03:00:02","isFullCredit":false},{"lineNumber":16,"author":{"gitId":"Ron-Gan"},"content":"        else{","lastModifiedDate":"2025-09-12T03:00:02","isFullCredit":false},{"lineNumber":17,"author":{"gitId":"Ron-Gan"},"content":"            taskString \u003d \" \" + index + \". [D][ ] \";","lastModifiedDate":"2025-09-12T03:00:02","isFullCredit":false},{"lineNumber":18,"author":{"gitId":"Ron-Gan"},"content":"        }","lastModifiedDate":"2025-09-12T03:00:02","isFullCredit":false},{"lineNumber":19,"author":{"gitId":"Ron-Gan"},"content":"        System.out.println(taskString + description + \" (by: \" + deadline + \")\");","lastModifiedDate":"2025-09-12T03:00:02","isFullCredit":false},{"lineNumber":20,"author":{"gitId":"Ron-Gan"},"content":"    }","lastModifiedDate":"2025-09-12T03:00:02","isFullCredit":false},{"lineNumber":21,"author":{"gitId":"Ron-Gan"},"content":"}","lastModifiedDate":"2025-09-12T03:00:02","isFullCredit":false}],"authorContributionMap":{"Ron-Gan":21}},{"path":"src/main/java/classes/Event.java","fileType":"java","lines":[{"lineNumber":1,"author":{"gitId":"Ron-Gan"},"content":"package classes;","lastModifiedDate":"2025-09-12T03:00:02","isFullCredit":false},{"lineNumber":2,"author":{"gitId":"Ron-Gan"},"content":"","lastModifiedDate":"2025-09-12T03:00:02","isFullCredit":false},{"lineNumber":3,"author":{"gitId":"Ron-Gan"},"content":"public class Event extends Task {","lastModifiedDate":"2025-09-12T03:00:02","isFullCredit":false},{"lineNumber":4,"author":{"gitId":"Ron-Gan"},"content":"    public String toDate, fromDate;","lastModifiedDate":"2025-09-12T03:00:02","isFullCredit":false},{"lineNumber":5,"author":{"gitId":"Ron-Gan"},"content":"    public Event(String desc, int ind, String toDate, String fromDate){","lastModifiedDate":"2025-09-12T03:00:02","isFullCredit":false},{"lineNumber":6,"author":{"gitId":"Ron-Gan"},"content":"        super(desc,ind);","lastModifiedDate":"2025-09-12T03:00:02","isFullCredit":false},{"lineNumber":7,"author":{"gitId":"Ron-Gan"},"content":"        this.toDate \u003d toDate;","lastModifiedDate":"2025-09-12T03:00:02","isFullCredit":false},{"lineNumber":8,"author":{"gitId":"Ron-Gan"},"content":"        this.fromDate \u003d fromDate;","lastModifiedDate":"2025-09-12T03:00:02","isFullCredit":false},{"lineNumber":9,"author":{"gitId":"Ron-Gan"},"content":"    }","lastModifiedDate":"2025-09-12T03:00:02","isFullCredit":false},{"lineNumber":10,"author":{"gitId":"Ron-Gan"},"content":"","lastModifiedDate":"2025-09-12T03:00:02","isFullCredit":false},{"lineNumber":11,"author":{"gitId":"Ron-Gan"},"content":"    @Override","lastModifiedDate":"2025-09-12T03:00:02","isFullCredit":false},{"lineNumber":12,"author":{"gitId":"Ron-Gan"},"content":"    public void printTask(){","lastModifiedDate":"2025-09-12T03:00:02","isFullCredit":false},{"lineNumber":13,"author":{"gitId":"Ron-Gan"},"content":"        String taskString;","lastModifiedDate":"2025-09-12T03:00:02","isFullCredit":false},{"lineNumber":14,"author":{"gitId":"Ron-Gan"},"content":"        if(isDone){","lastModifiedDate":"2025-09-12T03:00:02","isFullCredit":false},{"lineNumber":15,"author":{"gitId":"Ron-Gan"},"content":"            taskString \u003d \" \" + index + \". [E][X] \";","lastModifiedDate":"2025-09-12T03:00:02","isFullCredit":false},{"lineNumber":16,"author":{"gitId":"Ron-Gan"},"content":"        }","lastModifiedDate":"2025-09-12T03:00:02","isFullCredit":false},{"lineNumber":17,"author":{"gitId":"Ron-Gan"},"content":"        else{","lastModifiedDate":"2025-09-12T03:00:02","isFullCredit":false},{"lineNumber":18,"author":{"gitId":"Ron-Gan"},"content":"            taskString \u003d \" \" + index + \". [E][ ] \";","lastModifiedDate":"2025-09-12T03:00:02","isFullCredit":false},{"lineNumber":19,"author":{"gitId":"Ron-Gan"},"content":"        }","lastModifiedDate":"2025-09-12T03:00:02","isFullCredit":false},{"lineNumber":20,"author":{"gitId":"Ron-Gan"},"content":"        System.out.println(taskString + description + \" (from: \" + fromDate + \" to: \"+ toDate + \")\");","lastModifiedDate":"2025-09-12T03:00:02","isFullCredit":false},{"lineNumber":21,"author":{"gitId":"Ron-Gan"},"content":"    }","lastModifiedDate":"2025-09-12T03:00:02","isFullCredit":false},{"lineNumber":22,"author":{"gitId":"Ron-Gan"},"content":"}","lastModifiedDate":"2025-09-12T03:00:02","isFullCredit":false}],"authorContributionMap":{"Ron-Gan":22}},{"path":"src/main/java/classes/Task.java","fileType":"java","lines":[{"lineNumber":1,"author":{"gitId":"Ron-Gan"},"content":"package classes;","lastModifiedDate":"2025-09-04T21:43:33","isFullCredit":false},{"lineNumber":2,"author":{"gitId":"Ron-Gan"},"content":"","lastModifiedDate":"2025-09-04T21:43:33","isFullCredit":false},{"lineNumber":3,"author":{"gitId":"Ron-Gan"},"content":"public class Task {","lastModifiedDate":"2025-09-04T21:43:33","isFullCredit":false},{"lineNumber":4,"author":{"gitId":"Ron-Gan"},"content":"    public boolean isDone \u003d false;","lastModifiedDate":"2025-09-04T21:43:33","isFullCredit":false},{"lineNumber":5,"author":{"gitId":"Ron-Gan"},"content":"    public String description;","lastModifiedDate":"2025-09-04T21:43:33","isFullCredit":false},{"lineNumber":6,"author":{"gitId":"Ron-Gan"},"content":"    public int index;","lastModifiedDate":"2025-09-11T23:32:45","isFullCredit":false},{"lineNumber":7,"author":{"gitId":"Ron-Gan"},"content":"    public Task(String description, int index){","lastModifiedDate":"2025-09-11T23:32:45","isFullCredit":false},{"lineNumber":8,"author":{"gitId":"Ron-Gan"},"content":"        this.description \u003d description;","lastModifiedDate":"2025-09-11T23:32:45","isFullCredit":false},{"lineNumber":9,"author":{"gitId":"Ron-Gan"},"content":"        this.index \u003d index;","lastModifiedDate":"2025-09-11T23:32:45","isFullCredit":false},{"lineNumber":10,"author":{"gitId":"Ron-Gan"},"content":"    }","lastModifiedDate":"2025-09-04T21:43:33","isFullCredit":false},{"lineNumber":11,"author":{"gitId":"Ron-Gan"},"content":"    public void setStatus(boolean set){","lastModifiedDate":"2025-09-04T21:43:33","isFullCredit":false},{"lineNumber":12,"author":{"gitId":"Ron-Gan"},"content":"        isDone \u003d set;","lastModifiedDate":"2025-09-04T21:43:33","isFullCredit":false},{"lineNumber":13,"author":{"gitId":"Ron-Gan"},"content":"    }","lastModifiedDate":"2025-09-04T21:43:33","isFullCredit":false},{"lineNumber":14,"author":{"gitId":"Ron-Gan"},"content":"    public boolean getStatus(){","lastModifiedDate":"2025-09-04T21:43:33","isFullCredit":false},{"lineNumber":15,"author":{"gitId":"Ron-Gan"},"content":"        return isDone;","lastModifiedDate":"2025-09-04T21:43:33","isFullCredit":false},{"lineNumber":16,"author":{"gitId":"Ron-Gan"},"content":"    }","lastModifiedDate":"2025-09-04T21:43:33","isFullCredit":false},{"lineNumber":17,"author":{"gitId":"Ron-Gan"},"content":"    public void printTask(){","lastModifiedDate":"2025-09-11T23:32:45","isFullCredit":false},{"lineNumber":18,"author":{"gitId":"Ron-Gan"},"content":"        String taskString;","lastModifiedDate":"2025-09-04T21:43:33","isFullCredit":false},{"lineNumber":19,"author":{"gitId":"Ron-Gan"},"content":"        if(isDone){","lastModifiedDate":"2025-09-04T21:43:33","isFullCredit":false},{"lineNumber":20,"author":{"gitId":"Ron-Gan"},"content":"            taskString \u003d \" \" + index + \". [X] \";","lastModifiedDate":"2025-09-11T23:25:26","isFullCredit":false},{"lineNumber":21,"author":{"gitId":"Ron-Gan"},"content":"        }","lastModifiedDate":"2025-09-04T21:43:33","isFullCredit":false},{"lineNumber":22,"author":{"gitId":"Ron-Gan"},"content":"        else{","lastModifiedDate":"2025-09-04T21:43:33","isFullCredit":false},{"lineNumber":23,"author":{"gitId":"Ron-Gan"},"content":"            taskString \u003d \" \" + index + \". [ ] \";","lastModifiedDate":"2025-09-11T23:25:26","isFullCredit":false},{"lineNumber":24,"author":{"gitId":"Ron-Gan"},"content":"        }","lastModifiedDate":"2025-09-04T21:43:33","isFullCredit":false},{"lineNumber":25,"author":{"gitId":"Ron-Gan"},"content":"        System.out.println(taskString + description);","lastModifiedDate":"2025-09-11T23:25:26","isFullCredit":false},{"lineNumber":26,"author":{"gitId":"Ron-Gan"},"content":"    }","lastModifiedDate":"2025-09-04T21:43:33","isFullCredit":false},{"lineNumber":27,"author":{"gitId":"Ron-Gan"},"content":"}","lastModifiedDate":"2025-09-04T21:43:33","isFullCredit":false}],"authorContributionMap":{"Ron-Gan":27}},{"path":"src/main/java/classes/Todo.java","fileType":"java","lines":[{"lineNumber":1,"author":{"gitId":"Ron-Gan"},"content":"package classes;","lastModifiedDate":"2025-09-12T03:00:02","isFullCredit":false},{"lineNumber":2,"author":{"gitId":"Ron-Gan"},"content":"","lastModifiedDate":"2025-09-12T03:00:02","isFullCredit":false},{"lineNumber":3,"author":{"gitId":"Ron-Gan"},"content":"public class Todo extends Task {","lastModifiedDate":"2025-09-12T03:00:02","isFullCredit":false},{"lineNumber":4,"author":{"gitId":"Ron-Gan"},"content":"    public Todo(String desc, int ind){","lastModifiedDate":"2025-09-12T03:00:02","isFullCredit":false},{"lineNumber":5,"author":{"gitId":"Ron-Gan"},"content":"        super(desc,ind);","lastModifiedDate":"2025-09-12T03:00:02","isFullCredit":false},{"lineNumber":6,"author":{"gitId":"Ron-Gan"},"content":"    }","lastModifiedDate":"2025-09-12T03:00:02","isFullCredit":false},{"lineNumber":7,"author":{"gitId":"Ron-Gan"},"content":"","lastModifiedDate":"2025-09-12T03:00:02","isFullCredit":false},{"lineNumber":8,"author":{"gitId":"Ron-Gan"},"content":"    @Override","lastModifiedDate":"2025-09-12T03:00:02","isFullCredit":false},{"lineNumber":9,"author":{"gitId":"Ron-Gan"},"content":"    public void printTask(){","lastModifiedDate":"2025-09-12T03:00:02","isFullCredit":false},{"lineNumber":10,"author":{"gitId":"Ron-Gan"},"content":"        String taskString;","lastModifiedDate":"2025-09-12T03:00:02","isFullCredit":false},{"lineNumber":11,"author":{"gitId":"Ron-Gan"},"content":"        if(isDone){","lastModifiedDate":"2025-09-12T03:00:02","isFullCredit":false},{"lineNumber":12,"author":{"gitId":"Ron-Gan"},"content":"            taskString \u003d \" \" + index + \". [T][X] \";","lastModifiedDate":"2025-09-12T03:00:02","isFullCredit":false},{"lineNumber":13,"author":{"gitId":"Ron-Gan"},"content":"        }","lastModifiedDate":"2025-09-12T03:00:02","isFullCredit":false},{"lineNumber":14,"author":{"gitId":"Ron-Gan"},"content":"        else{","lastModifiedDate":"2025-09-12T03:00:02","isFullCredit":false},{"lineNumber":15,"author":{"gitId":"Ron-Gan"},"content":"            taskString \u003d \" \" + index + \". [T][ ] \";","lastModifiedDate":"2025-09-12T03:00:02","isFullCredit":false},{"lineNumber":16,"author":{"gitId":"Ron-Gan"},"content":"        }","lastModifiedDate":"2025-09-12T03:00:02","isFullCredit":false},{"lineNumber":17,"author":{"gitId":"Ron-Gan"},"content":"        System.out.println(taskString + description);","lastModifiedDate":"2025-09-12T03:00:02","isFullCredit":false},{"lineNumber":18,"author":{"gitId":"Ron-Gan"},"content":"    }","lastModifiedDate":"2025-09-12T03:00:02","isFullCredit":false},{"lineNumber":19,"author":{"gitId":"Ron-Gan"},"content":"}","lastModifiedDate":"2025-09-12T03:00:02","isFullCredit":false}],"authorContributionMap":{"Ron-Gan":19}}]
