{"authorDailyContributionsMap":{"Ron-Gan":[{"date":"2025-08-28T00:00:00","commitResults":[{"hash":"317d51c31dfd8627c226c02e695473a367bfe385","isMergeCommit":false,"messageTitle":"Changed name, added Greet \u0026 Exit lines.","messageBody":"Changed name from Duke to DefinitelyRealRon. Greet, Exit and Horizontal lines added.\n","tags":["Level-0"],"fileTypesAndContributionMap":{"java":{"insertions":13,"deletions":10}}}]},{"date":"2025-08-29T00:00:00","commitResults":[{"hash":"2537b26d9c610f4da885585a4b868668a6926388","isMergeCommit":false,"messageTitle":"Added echo and line encapsulation function.","messageBody":"Echo function will repeat user input back to them and program only ends when user inputs \"bye\".\nLine encapsulation function makes printing of statements easier.\nAdded some personality to DefinitelyRealRon.\n","tags":["Level-1"],"fileTypesAndContributionMap":{"java":{"insertions":27,"deletions":8}}},{"hash":"c4f667fa990f4575b16c0246506c8dfd9107721c","isMergeCommit":false,"messageTitle":"Detached ReadInput from Echo function.","messageBody":"ReadInput is now a separate function that will call echo if needed.\nAdded \"added: \" to echo output.\n","fileTypesAndContributionMap":{"java":{"insertions":14,"deletions":5}}},{"hash":"534dafc6fa6b8ebf5c6e85a74b15ed713fc69f45","isMergeCommit":false,"messageTitle":"Completed List function.","messageBody":"List function implemented using ArrayList.\nCurrently still using ReadInput as one big function. May need to refactor later.\n","tags":["Level-2"],"fileTypesAndContributionMap":{"java":{"insertions":18,"deletions":7}}}]},{"date":"2025-09-04T00:00:00","commitResults":[{"hash":"c2a399148cf2cb3ef0b962066b63d95299e75511","isMergeCommit":false,"messageTitle":"Added Task class, Mark as Done","messageBody":"Added Task class to not clutter main. Added Mark as Done feature.\n","fileTypesAndContributionMap":{"java":{"insertions":55,"deletions":5}}},{"hash":"499a1347ecbc0ea8c0453e4d128fc25755590763","isMergeCommit":false,"messageTitle":"Fixed minor alignment bug","messageBody":"","tags":["Level-3"],"fileTypesAndContributionMap":{"java":{"insertions":2,"deletions":1}}}]},{"date":"2025-09-11T00:00:00","commitResults":[{"hash":"572409cac8956d2b39447460e89e2b45791c4d9f","isMergeCommit":false,"messageTitle":"Changed command identification to switch case","messageBody":"","fileTypesAndContributionMap":{"java":{"insertions":33,"deletions":29}}},{"hash":"682f39d6bbda650e31c54631c5c817bdb43ea7b9","isMergeCommit":false,"messageTitle":"Refactored printing functions","messageBody":"","fileTypesAndContributionMap":{"java":{"insertions":16,"deletions":15}}},{"hash":"1b4123f3ee74a3561e07cb7d90f46ac535f644bc","isMergeCommit":false,"messageTitle":"Refactored Task class to include index","messageBody":"","fileTypesAndContributionMap":{"java":{"insertions":12,"deletions":9}}}]},{"date":"2025-09-12T00:00:00","commitResults":[{"hash":"04675a3621ca5a65360f3dd2238c7bb237d42dd4","isMergeCommit":false,"messageTitle":"Todos, Events, Deadlines Completed Note: Event can only work is /from is before /to. Pending fix.","messageBody":"","tags":["Level-4"],"fileTypesAndContributionMap":{"java":{"insertions":109,"deletions":5}}}]},{"date":"2025-09-19T00:00:00","commitResults":[{"hash":"76c768977e62eb735c7c5d95d6e8a4bded4dea42","isMergeCommit":false,"messageTitle":"Added Error Handling","messageBody":"Only added error handling for the 2 examples.\nLack of Description, Unknown Command\n","fileTypesAndContributionMap":{"java":{"insertions":29,"deletions":1}}},{"hash":"4ec16348105acc1dee1b3f6d64895887af077244","isMergeCommit":false,"messageTitle":"Added mark/unmark error messages Error messages for:     1) Item out of bounds     2) Item already marked/unmarked     3) Incorrect mark/unmark input (only numbers allowed)","messageBody":"","fileTypesAndContributionMap":{"java":{"insertions":34,"deletions":4}}},{"hash":"ebdf78dc7c63e483837f1930b2e549bfb13a2009","isMergeCommit":false,"messageTitle":"Added Error Handling for Deadline","messageBody":"Error handling completed for:\n    1) Missing /by comments\n    2) Empty /by comments\n","fileTypesAndContributionMap":{"java":{"insertions":21,"deletions":9}}},{"hash":"484aa14cb208f7251787ef9a7527c571ad01b2dd","isMergeCommit":false,"messageTitle":"Added Error Handling \u0026 Update to Events","messageBody":"Error Handling added for Events:\n    1) Checks if /from \u0026 /to dates exist and is not empty\n    2) Updated Events to handle if /to comes before /from\n","tags":["Level-5"],"fileTypesAndContributionMap":{"java":{"insertions":35,"deletions":10}}}]},{"date":"2025-10-01T00:00:00","commitResults":[{"hash":"3db92455316aeafe0333973968e62c10e719c9f8","isMergeCommit":false,"messageTitle":"Added Delete Function \u0026 adjust print format","messageBody":"Added delete function to remove tasks from list. Deletion is by index.\nIndex for all tasks in list is updated after deletion.\n\nPrint format adjusted for all tasks to exclude index for newly added task.\n","tags":["Level-6"],"fileTypesAndContributionMap":{"java":{"insertions":94,"deletions":28}}}]},{"date":"2025-10-09T00:00:00","commitResults":[{"hash":"a115df734eee751166945209778ae4f272204a2b","isMergeCommit":false,"messageTitle":"Updated Save \u0026 Load functions Initial load function will handle creating of data directory if it does not exist.","messageBody":"","tags":["Level-7"],"fileTypesAndContributionMap":{"java":{"insertions":104,"deletions":0}}}]},{"date":"2025-10-12T00:00:00","commitResults":[{"hash":"c69979fec1f0dae36ff7387d67b149e1cb836a23","isMergeCommit":false,"messageTitle":"Completely refactored code to be more OOP Classes are also organised into packages.","messageBody":"What each package contains:\ncommands    -\u003e Commands to add,delete,mark,etc...\ncommon      -\u003e Messages that are used by ui\nparser      -\u003e Parser that makes sense of user input\nstorage     -\u003e Functions related to I/O of file, encode/decode\ntask        -\u003e How each task is defined, and TaskList\nui          -\u003e Handles I/O from/to user\n","fileTypesAndContributionMap":{"java":{"insertions":678,"deletions":379}}}]},{"date":"2025-10-17T00:00:00","commitResults":[{"hash":"75ac00e26355d700aa2b6b87ec5df348385ed18f","isMergeCommit":false,"messageTitle":"Updated deadline and data encoder Updated deadline objects to use LocalDate object for deadline. Updated encoder to save deadline objects properly.","messageBody":"","fileTypesAndContributionMap":{"java":{"insertions":14,"deletions":6}}},{"hash":"fadd7c9ef9155c6d98f68ae90b6edacb5fe31abf","isMergeCommit":false,"messageTitle":"Updated Event task \u0026 Encoder, fixed Deadline task Updated Event task to use LocalDate object Updated Encoder for portion that encodes Event task to use the latest methods Fixed Deadline task formatting","messageBody":"","fileTypesAndContributionMap":{"java":{"insertions":42,"deletions":12}}},{"hash":"9148497c2af682fe011715ce3d0af3dca00a4892","isMergeCommit":false,"messageTitle":"Updated deadline task, data encode/decode, parser Updated deadline task to take in LocalDateTime object. Updated data encode/decode methods to save/load new ISO format for deadline tasks. Updated parser to read in format: dd/MM/yyyy HHmm Updated error check for deadline DateTime parse foramtting error","messageBody":"","fileTypesAndContributionMap":{"java":{"insertions":34,"deletions":16}}},{"hash":"1a3d291dd5332e4580c2b02112b10547684121ca","isMergeCommit":false,"messageTitle":"Updated Event task, encode/decode, parser Updated Event task to take in LocalDateTime object Updated logic for encode/decode to record ISO of LocalDateTime Updated parser to take in proper format for Event task","messageBody":"","fileTypesAndContributionMap":{"java":{"insertions":33,"deletions":25}}},{"hash":"5db1911277da3317e98e2621a3d0f2cf04d66a06","isMergeCommit":true,"messageTitle":"Merge remote-tracking branch \u0027branch-Level-8\u0027","messageBody":"","tags":["Level-8"],"fileTypesAndContributionMap":{}},{"hash":"7fabf10ba2dcd8ca74ddda40d505e3b96e593297","isMergeCommit":false,"messageTitle":"Added JavaDoc for DefinitelyRealRon \u0026 Ui Added comments for methods and classes in the following files: 1) DefinitelyRealRon.java 2) ui/Ui.java","messageBody":"","fileTypesAndContributionMap":{"java":{"insertions":49,"deletions":3}}}]},{"date":"2025-10-18T00:00:00","commitResults":[{"hash":"2bb61922c39e510260f4bc9639bb545e57385ffb","isMergeCommit":false,"messageTitle":"Updated all Tasks objects with JavaDoc.","messageBody":"","fileTypesAndContributionMap":{"java":{"insertions":55,"deletions":1}}},{"hash":"3ffd7092effa370f8feb34937d894c12910615e4","isMergeCommit":false,"messageTitle":"Updated all Commands with JavaDoc.","messageBody":"","fileTypesAndContributionMap":{"java":{"insertions":67,"deletions":1}}},{"hash":"dc1dc006ecf5f35de23d4e79ffdf39e8dc7095fa","isMergeCommit":false,"messageTitle":"Updated Messages and Parser with JavaDoc.","messageBody":"","fileTypesAndContributionMap":{"java":{"insertions":65,"deletions":0}}},{"hash":"c03a74d5508a18d5ecf935fde98bccfa85da66c1","isMergeCommit":false,"messageTitle":"Updated MarkCommand, Event, and Task with JavaDoc","messageBody":"","fileTypesAndContributionMap":{"java":{"insertions":5,"deletions":6}}},{"hash":"7baac200f50aa7463d1273d29e4f806b09cb21b3","isMergeCommit":true,"messageTitle":"Merge remote-tracking branch \u0027branch-JavaDoc\u0027","messageBody":"","fileTypesAndContributionMap":{}}]},{"date":"2025-10-28T00:00:00","commitResults":[{"hash":"7a11fa26d7abfdcbe2e966b9a8132b654c5996fe","isMergeCommit":true,"messageTitle":"Merge remote-tracking branch \u0027origin/add-gradle-support\u0027","messageBody":"","fileTypesAndContributionMap":{}}]},{"date":"2025-10-29T00:00:00","commitResults":[{"hash":"9ead252ebbf0397d5bb4cf16fe9b06a4ab1f6b76","isMergeCommit":false,"messageTitle":"Modified gradle build file","messageBody":"","fileTypesAndContributionMap":{"gradle":{"insertions":7,"deletions":2}}},{"hash":"84c9485c4ed84d21c4d4d3f5e06761ac378323d1","isMergeCommit":false,"messageTitle":"Added 2 JUnit Tests and Integrated Gradle","messageBody":"","fileTypesAndContributionMap":{"gradle":{"insertions":0,"deletions":5},"java":{"insertions":162,"deletions":33}}},{"hash":"66a3eb2ae09755e0efc9e39fb460f8fb351e5974","isMergeCommit":false,"messageTitle":"Find function implemented Added a find function with corresponding messages and parser updates.","messageBody":"","fileTypesAndContributionMap":{"java":{"insertions":213,"deletions":117}}},{"hash":"b4c7ce893d4422ed02a5088adfe3de2661a6d7cb","isMergeCommit":false,"messageTitle":"Added comments for prepareFind","messageBody":"","fileTypesAndContributionMap":{"java":{"insertions":8,"deletions":1}}}]},{"date":"2025-11-01T00:00:00","commitResults":[{"hash":"17a227fd7e721a7d5ae5fb5ebf6a1a264ea9e865","isMergeCommit":false,"messageTitle":"Added Priority feature to tasks. Edited the following files: 1) Messages.java - Added messages for setting priority. 2) Tasks (Todo, Deadline, Event) - Updated to include priority attribute. 3) Parser.java - Added parsing logic for SetPriority command. 4) AddEventCommand.java, FindTaskCommand.java, ErrorCommand.java - Updated to handle priority where relevant. 5) DataEncoder.java - Updated to encode priority to storage. 6) DataDecoder.java - Updated to decode priority from storage.","messageBody":"Added the following files:\n1) SetPriorityCommand.java - New command to set task priority.\n2) Priority.java - Enum for task priority levels. (HIGH, MEDIUM, LOW)\n","fileTypesAndContributionMap":{"java":{"insertions":299,"deletions":145}}},{"hash":"14315600fe9f2e263014dfd343787ee273faa615","isMergeCommit":true,"messageTitle":"Merge remote-tracking branch \u0027upstream/tweak-readme\u0027","messageBody":"","fileTypesAndContributionMap":{}},{"hash":"9738805cbf9e458ff0754fbecd6b79d6e0bb7ad5","isMergeCommit":true,"messageTitle":"Merge branch \u0027branch-Feature1\u0027","messageBody":"","tags":["Level-9"],"fileTypesAndContributionMap":{}},{"hash":"494242ad99988f48f42af072fbc16e25f9e708fc","isMergeCommit":false,"messageTitle":"Checkstyle fixes for all classes Fixed all checkstyle issues in the project files to comply with coding standards. Test cases updated to suit the changes.","messageBody":"","fileTypesAndContributionMap":{"java":{"insertions":318,"deletions":218}}},{"hash":"18caf31213c3509ff8608983b057c5ebb21d0ce3","isMergeCommit":false,"messageTitle":"Edited test name for AddToDo","messageBody":"","fileTypesAndContributionMap":{"java":{"insertions":1,"deletions":1}}}]},{"date":"2025-11-04T00:00:00","commitResults":[{"hash":"0589c2773a3fd362e6754e4cad333260026f34b4","isMergeCommit":false,"messageTitle":"Added GUI components and updated relevant classes Changes made: 1. New GUI files 2. Launcher class for JavaFX application 3. Updated Commands to return String for GUI display 4. Parser and Deadline class modifications (assertions) 5. Shifted DefinitelyRealRon to app package","messageBody":"","fileTypesAndContributionMap":{"gradle":{"insertions":8,"deletions":2},"fxml":{"insertions":41,"deletions":0},"java":{"insertions":374,"deletions":127}}},{"hash":"25918b1a8cf779daa37b01261b5fd7d6f789d479","isMergeCommit":true,"messageTitle":"Merge branch \u0027branch-GUI\u0027","messageBody":"","fileTypesAndContributionMap":{}},{"hash":"d541cf86a1083704c706fb792b49a75eb11228f9","isMergeCommit":false,"messageTitle":"Fixed error bug in prepareDeadline","messageBody":"","fileTypesAndContributionMap":{"java":{"insertions":8,"deletions":4}}},{"hash":"7ca29d6a5b45c05f925a758eaee8d22c1fd20e7d","isMergeCommit":false,"messageTitle":"Edited build.gradle to make Jar file","messageBody":"","fileTypesAndContributionMap":{"gradle":{"insertions":1,"deletions":0}}},{"hash":"dd8ef2cbcd9902b103c80d812708903c83e098a7","isMergeCommit":false,"messageTitle":"Fixed header comments issues 1) DefinitelyRealRon.java 2) Ui.java","messageBody":"","tags":["Level-10"],"fileTypesAndContributionMap":{"java":{"insertions":6,"deletions":2}}}]}]},"authorFileTypeContributionMap":{"Ron-Gan":{"java":1814,"md":0,"fxml":41,"sh":0,"bat":0,"gradle":9,"txt":0}},"authorContributionVariance":{"Ron-Gan":28858.201},"authorDisplayNameMap":{"Ron-Gan":"GAN .. RON"}}
