{"authorDailyContributionsMap":{"Ron-Gan":[{"date":"2025-08-28T00:00:00","commitResults":[{"hash":"317d51c31dfd8627c226c02e695473a367bfe385","isMergeCommit":false,"messageTitle":"Changed name, added Greet \u0026 Exit lines.","messageBody":"Changed name from Duke to DefinitelyRealRon. Greet, Exit and Horizontal lines added.\n","tags":["Level-0"],"fileTypesAndContributionMap":{"java":{"insertions":13,"deletions":10}}}]},{"date":"2025-08-29T00:00:00","commitResults":[{"hash":"2537b26d9c610f4da885585a4b868668a6926388","isMergeCommit":false,"messageTitle":"Added echo and line encapsulation function.","messageBody":"Echo function will repeat user input back to them and program only ends when user inputs \"bye\".\nLine encapsulation function makes printing of statements easier.\nAdded some personality to DefinitelyRealRon.\n","tags":["Level-1"],"fileTypesAndContributionMap":{"java":{"insertions":27,"deletions":8}}},{"hash":"c4f667fa990f4575b16c0246506c8dfd9107721c","isMergeCommit":false,"messageTitle":"Detached ReadInput from Echo function.","messageBody":"ReadInput is now a separate function that will call echo if needed.\nAdded \"added: \" to echo output.\n","fileTypesAndContributionMap":{"java":{"insertions":14,"deletions":5}}},{"hash":"534dafc6fa6b8ebf5c6e85a74b15ed713fc69f45","isMergeCommit":false,"messageTitle":"Completed List function.","messageBody":"List function implemented using ArrayList.\nCurrently still using ReadInput as one big function. May need to refactor later.\n","tags":["Level-2"],"fileTypesAndContributionMap":{"java":{"insertions":18,"deletions":7}}}]},{"date":"2025-09-04T00:00:00","commitResults":[{"hash":"c2a399148cf2cb3ef0b962066b63d95299e75511","isMergeCommit":false,"messageTitle":"Added Task class, Mark as Done","messageBody":"Added Task class to not clutter main. Added Mark as Done feature.\n","fileTypesAndContributionMap":{"java":{"insertions":55,"deletions":5}}},{"hash":"499a1347ecbc0ea8c0453e4d128fc25755590763","isMergeCommit":false,"messageTitle":"Fixed minor alignment bug","messageBody":"","tags":["Level-3"],"fileTypesAndContributionMap":{"java":{"insertions":2,"deletions":1}}}]},{"date":"2025-09-11T00:00:00","commitResults":[{"hash":"572409cac8956d2b39447460e89e2b45791c4d9f","isMergeCommit":false,"messageTitle":"Changed command identification to switch case","messageBody":"","fileTypesAndContributionMap":{"java":{"insertions":33,"deletions":29}}},{"hash":"682f39d6bbda650e31c54631c5c817bdb43ea7b9","isMergeCommit":false,"messageTitle":"Refactored printing functions","messageBody":"","fileTypesAndContributionMap":{"java":{"insertions":16,"deletions":15}}},{"hash":"1b4123f3ee74a3561e07cb7d90f46ac535f644bc","isMergeCommit":false,"messageTitle":"Refactored Task class to include index","messageBody":"","fileTypesAndContributionMap":{"java":{"insertions":12,"deletions":9}}}]},{"date":"2025-09-12T00:00:00","commitResults":[{"hash":"04675a3621ca5a65360f3dd2238c7bb237d42dd4","isMergeCommit":false,"messageTitle":"Todos, Events, Deadlines Completed Note: Event can only work is /from is before /to. Pending fix.","messageBody":"","tags":["Level-4"],"fileTypesAndContributionMap":{"java":{"insertions":109,"deletions":5}}}]}]},"authorFileTypeContributionMap":{"Ron-Gan":{"java":215,"md":0,"fxml":0,"sh":0,"bat":0,"gradle":0,"txt":0}},"authorContributionVariance":{"Ron-Gan":821.7443},"authorDisplayNameMap":{"Ron-Gan":"GAN .. RON"}}
