{"authorDailyContributionsMap":{"thebunnymama":[{"date":"2025-08-26T00:00:00","commitResults":[{"hash":"be0334961172d3f0dbd6a580307fc228429cc817","isMergeCommit":false,"messageTitle":"Initial commit to implement Level-0 bot","messageBody":"- Removed Duke and created MeeBot\n- Implement greet and exit\n","tags":["Level-0"],"fileTypesAndContributionMap":{"java":{"insertions":70,"deletions":10}}},{"hash":"a14e3648adde0b6cfe469b2df9e05c9f219199cf","isMergeCommit":false,"messageTitle":"Level 1: Add echo and bye functionality","messageBody":"- Added echo functionality to repeat user inputs\n- Implemented bye command to gracefully exit\n- Enhanced CLI output formatting with right-aligned and word-wrapping\n- Established architecture separating UI, Renderer and Messages\n- Updated ASCII art logo for MeeBot\n","tags":["Level-1"],"fileTypesAndContributionMap":{"java":{"insertions":166,"deletions":29}}}]},{"date":"2025-08-27T00:00:00","commitResults":[{"hash":"b59a67028f87849fb51b196a3b40883cce0191f5","isMergeCommit":false,"messageTitle":"Code cleanup and CLI improvements - Remove unused Message implementation to clean up codebase - Improve CLI output formatting for better readability and consistency","messageBody":"","fileTypesAndContributionMap":{"java":{"insertions":8,"deletions":83}}},{"hash":"7d89847a15ddd5ce0b37ab8378bd03313bfc5fae","isMergeCommit":false,"messageTitle":"Level-2: Implement Task and TaskManager with add/list support - Implement Task and TaskManager classes to encapsulate task data and operations - Add AddTaskMessage to confirm task additions - Add TaskListMessage to display numbered task list - Update Main loop and UI to handle \u0027task\u0027 (add) and \u0027list\u0027 commands","messageBody":"","tags":["Level-2"],"fileTypesAndContributionMap":{"java":{"insertions":177,"deletions":7}}}]},{"date":"2025-08-28T00:00:00","commitResults":[{"hash":"13b7cac5d1eeb37ed6ba834fe9a9053a0f09f013","isMergeCommit":false,"messageTitle":"Add explanatory comments and documentation to core classes","messageBody":"","fileTypesAndContributionMap":{"java":{"insertions":100,"deletions":17}}},{"hash":"65d444eec8fb022b219a5b6de7f79e4d5162dda0","isMergeCommit":false,"messageTitle":"Level 3: Implement mark/unmark task functionality","messageBody":"Users can mark tasks as done with command `mark N` and unmark with command `unmark N`.\n","tags":["Level-3"],"fileTypesAndContributionMap":{"java":{"insertions":187,"deletions":34}}}]},{"date":"2025-08-29T00:00:00","commitResults":[{"hash":"ca3a893d3eaffc559c8009dae135c3cd36f4b939","isMergeCommit":false,"messageTitle":"Level-4: Implement task inheritance with Todo, Deadline, Event classes","messageBody":"- Convert Task to abstract base class with polymorphic storage\n- Add type-specific icons and command parsing for todo/deadline/event\n- Support deadline (/by) and event (/from) syntax\n- Add task count feedback in TaskAddedMessage\n","tags":["Level-4"],"fileTypesAndContributionMap":{"java":{"insertions":195,"deletions":15}}}]},{"date":"2025-08-30T00:00:00","commitResults":[{"hash":"2d8cf1b8607e4f238090d38515b1d347a65bc3c7","isMergeCommit":false,"messageTitle":"Refactor command handling into CommandProcessor and Command subclasses","messageBody":"Extracts parsing and execution logic from main loop into a centralized CommandProcessor.\nEach task operation now has its own Command class, handling validation and returning Messages.\nThis simplifies the main loop and improves separation of concerns between main, UI flow and command logic.\n","fileTypesAndContributionMap":{"java":{"insertions":355,"deletions":156}}},{"hash":"f9cab4a55515e21e7fbcbfab931a75f99d4af2b8","isMergeCommit":false,"messageTitle":"Level-6: Add delete command functionality","messageBody":"Implemented the `delete N` command to allow users to remove tasks, including\ncomprehensive input validation and error handling for invalid task numbers.\nAdded the `DeleteTaskCmd` and `TaskDeletedMessage` classes to provide clear\nconfirmation feedback showing details of the removed task.\n","tags":["Level-6"],"fileTypesAndContributionMap":{"java":{"insertions":85,"deletions":9}}}]},{"date":"2025-09-02T00:00:00","commitResults":[{"hash":"185fc352bf97659cb595c21e7ef6c1ff58ccd622","isMergeCommit":false,"messageTitle":"feat(message): rename message classes for clarity","messageBody":"Renamed message classes (e.g., AddTaskMessage -\u003e TaskAddedMessage)\nto make their purpose clearer and maintain consistent naming conventions.\n","fileTypesAndContributionMap":{"java":{"insertions":46,"deletions":46}}},{"hash":"7bc90961f2c4459acf80e98a163892cc5d5879b5","isMergeCommit":false,"messageTitle":"feat(error): add centralized handling with MeeBot personality","messageBody":"Introduce ErrorMessage class to consolidate scattered error strings\ninto centralized constants. Add validation for invalid formats and\nboundary conditions, ensuring more comprehensive error handling.\n\nEnhance error messages with specific guidance while maintaining\nMeeBot\u0027s Singaporean personality to provide a consistent user\nexperience.\n","tags":["Level-5"],"fileTypesAndContributionMap":{"java":{"insertions":78,"deletions":53}}},{"hash":"6c138edb08947cdbe8a3c508899ddc9182082a4d","isMergeCommit":false,"messageTitle":"refactor: Use enum for command types","messageBody":"Consolidated command keyword, help text, and factory functions into a\nsingle enum definition to keep all command metadata co-located for better\nmaintainability. This eliminates switch-case command object creation by\nembedding command creation logic directly in CommandType enum.\n","fileTypesAndContributionMap":{"java":{"insertions":103,"deletions":21}}},{"hash":"254b80f8e46d74f71a770514c3264b35c35fe17d","isMergeCommit":false,"messageTitle":"feat(command): add help command for MeeBot","messageBody":"Introduce a HELP command that lists all available commands along\nwith their usage format. The implementation leverages metadata\ndefined in CommandType to ensure help text stays consistent with\nactual command behaviour.\n\nThis improves usability by providing built-in guidance, allowing\nusers to discover supported actions without needing external\ndocumentation.\n","fileTypesAndContributionMap":{"java":{"insertions":58,"deletions":3}}},{"hash":"5cf2e04b23c22e9bf4f93808b79ed4f83fa1f52c","isMergeCommit":false,"messageTitle":"docs: refine Javadocs for Task and Message classes","messageBody":"","fileTypesAndContributionMap":{"java":{"insertions":139,"deletions":114}}},{"hash":"fe298bfc1161bac6697cb06b8f5019fae23e437a","isMergeCommit":false,"messageTitle":"chore: remove unused imports and methods from refactor","messageBody":"","fileTypesAndContributionMap":{"java":{"insertions":9,"deletions":27}}}]}]},"authorFileTypeContributionMap":{"thebunnymama":{"java":1162,"md":0,"fxml":0,"sh":0,"bat":0,"gradle":0,"txt":0}},"authorContributionVariance":{"thebunnymama":32314.268},"authorDisplayNameMap":{"thebunnymama":"TAN ..HUAN"}}
