{"authorDailyContributionsMap":{"thebunnymama":[{"date":"2025-08-26T00:00:00","commitResults":[{"hash":"be0334961172d3f0dbd6a580307fc228429cc817","isMergeCommit":false,"messageTitle":"Initial commit to implement Level-0 bot","messageBody":"- Removed Duke and created MeeBot\n- Implement greet and exit\n","tags":["Level-0"],"fileTypesAndContributionMap":{"java":{"insertions":70,"deletions":10}}},{"hash":"a14e3648adde0b6cfe469b2df9e05c9f219199cf","isMergeCommit":false,"messageTitle":"Level 1: Add echo and bye functionality","messageBody":"- Added echo functionality to repeat user inputs\n- Implemented bye command to gracefully exit\n- Enhanced CLI output formatting with right-aligned and word-wrapping\n- Established architecture separating UI, Renderer and Messages\n- Updated ASCII art logo for MeeBot\n","tags":["Level-1"],"fileTypesAndContributionMap":{"java":{"insertions":166,"deletions":29}}}]},{"date":"2025-08-27T00:00:00","commitResults":[{"hash":"b59a67028f87849fb51b196a3b40883cce0191f5","isMergeCommit":false,"messageTitle":"Code cleanup and CLI improvements - Remove unused Message implementation to clean up codebase - Improve CLI output formatting for better readability and consistency","messageBody":"","fileTypesAndContributionMap":{"java":{"insertions":8,"deletions":83}}},{"hash":"7d89847a15ddd5ce0b37ab8378bd03313bfc5fae","isMergeCommit":false,"messageTitle":"Level-2: Implement Task and TaskManager with add/list support - Implement Task and TaskManager classes to encapsulate task data and operations - Add AddTaskMessage to confirm task additions - Add TaskListMessage to display numbered task list - Update Main loop and UI to handle \u0027task\u0027 (add) and \u0027list\u0027 commands","messageBody":"","tags":["Level-2"],"fileTypesAndContributionMap":{"java":{"insertions":177,"deletions":7}}}]},{"date":"2025-08-28T00:00:00","commitResults":[{"hash":"13b7cac5d1eeb37ed6ba834fe9a9053a0f09f013","isMergeCommit":false,"messageTitle":"Add explanatory comments and documentation to core classes","messageBody":"","fileTypesAndContributionMap":{"java":{"insertions":100,"deletions":17}}},{"hash":"65d444eec8fb022b219a5b6de7f79e4d5162dda0","isMergeCommit":false,"messageTitle":"Level 3: Implement mark/unmark task functionality","messageBody":"Users can mark tasks as done with command `mark N` and unmark with command `unmark N`.\n","tags":["Level-3"],"fileTypesAndContributionMap":{"java":{"insertions":187,"deletions":34}}}]},{"date":"2025-08-29T00:00:00","commitResults":[{"hash":"ca3a893d3eaffc559c8009dae135c3cd36f4b939","isMergeCommit":false,"messageTitle":"Level-4: Implement task inheritance with Todo, Deadline, Event classes","messageBody":"- Convert Task to abstract base class with polymorphic storage\n- Add type-specific icons and command parsing for todo/deadline/event\n- Support deadline (/by) and event (/from) syntax\n- Add task count feedback in TaskAddedMessage\n","tags":["Level-4"],"fileTypesAndContributionMap":{"java":{"insertions":195,"deletions":15}}}]},{"date":"2025-08-30T00:00:00","commitResults":[{"hash":"2d8cf1b8607e4f238090d38515b1d347a65bc3c7","isMergeCommit":false,"messageTitle":"Refactor command handling into CommandProcessor and Command subclasses","messageBody":"Extracts parsing and execution logic from main loop into a centralized CommandProcessor.\nEach task operation now has its own Command class, handling validation and returning Messages.\nThis simplifies the main loop and improves separation of concerns between main, UI flow and command logic.\n","fileTypesAndContributionMap":{"java":{"insertions":355,"deletions":156}}},{"hash":"f9cab4a55515e21e7fbcbfab931a75f99d4af2b8","isMergeCommit":false,"messageTitle":"Level-6: Add delete command functionality","messageBody":"Implemented the `delete N` command to allow users to remove tasks, including\ncomprehensive input validation and error handling for invalid task numbers.\nAdded the `DeleteTaskCmd` and `TaskDeletedMessage` classes to provide clear\nconfirmation feedback showing details of the removed task.\n","tags":["Level-6"],"fileTypesAndContributionMap":{"java":{"insertions":85,"deletions":9}}}]},{"date":"2025-09-02T00:00:00","commitResults":[{"hash":"185fc352bf97659cb595c21e7ef6c1ff58ccd622","isMergeCommit":false,"messageTitle":"feat(message): rename message classes for clarity","messageBody":"Renamed message classes (e.g., AddTaskMessage -\u003e TaskAddedMessage)\nto make their purpose clearer and maintain consistent naming conventions.\n","fileTypesAndContributionMap":{"java":{"insertions":46,"deletions":46}}},{"hash":"7bc90961f2c4459acf80e98a163892cc5d5879b5","isMergeCommit":false,"messageTitle":"feat(error): add centralized handling with MeeBot personality","messageBody":"Introduce ErrorMessage class to consolidate scattered error strings\ninto centralized constants. Add validation for invalid formats and\nboundary conditions, ensuring more comprehensive error handling.\n\nEnhance error messages with specific guidance while maintaining\nMeeBot\u0027s Singaporean personality to provide a consistent user\nexperience.\n","tags":["Level-5"],"fileTypesAndContributionMap":{"java":{"insertions":78,"deletions":53}}},{"hash":"6c138edb08947cdbe8a3c508899ddc9182082a4d","isMergeCommit":false,"messageTitle":"refactor: Use enum for command types","messageBody":"Consolidated command keyword, help text, and factory functions into a\nsingle enum definition to keep all command metadata co-located for better\nmaintainability. This eliminates switch-case command object creation by\nembedding command creation logic directly in CommandType enum.\n","tags":["A-Enums"],"fileTypesAndContributionMap":{"java":{"insertions":103,"deletions":21}}},{"hash":"254b80f8e46d74f71a770514c3264b35c35fe17d","isMergeCommit":false,"messageTitle":"feat(command): add help command for MeeBot","messageBody":"Introduce a HELP command that lists all available commands along\nwith their usage format. The implementation leverages metadata\ndefined in CommandType to ensure help text stays consistent with\nactual command behaviour.\n\nThis improves usability by providing built-in guidance, allowing\nusers to discover supported actions without needing external\ndocumentation.\n","fileTypesAndContributionMap":{"java":{"insertions":58,"deletions":3}}},{"hash":"5cf2e04b23c22e9bf4f93808b79ed4f83fa1f52c","isMergeCommit":false,"messageTitle":"docs: refine Javadocs for Task and Message classes","messageBody":"","fileTypesAndContributionMap":{"java":{"insertions":139,"deletions":114}}},{"hash":"fe298bfc1161bac6697cb06b8f5019fae23e437a","isMergeCommit":false,"messageTitle":"chore: remove unused imports and methods from refactor","messageBody":"","fileTypesAndContributionMap":{"java":{"insertions":9,"deletions":27}}}]},{"date":"2025-09-03T00:00:00","commitResults":[{"hash":"d34d826f0057c2fdd9e956cd8e74fce0a0bc19c5","isMergeCommit":false,"messageTitle":"feat(parser): add date/time parsing for deadline tasks","messageBody":"- Parse common date formats (d/M/yyyy, d/M/yyyy HHmm) into LocalDate/LocalDateTime\n- Display dates in user-friendly format (10 Oct 2010, 10 Oct 2019 10:10 PM)\n- Add validation and error handling for invalid date inputs\n- Update Task objects to use java.time types for deadline storage\n","fileTypesAndContributionMap":{"java":{"insertions":190,"deletions":20}}}]},{"date":"2025-09-04T00:00:00","commitResults":[{"hash":"d14643b0feb1cb2e25edc18a467533a2d3979e27","isMergeCommit":false,"messageTitle":"feat(parser): add date/time parsing for event tasks","messageBody":"- Parse common date formats (d/M/yyyy, d/M/yyyy HHmm) into LocalDate/LocalDateTime\n- Display dates in user-friendly format (10 Oct 2010, 10 Oct 2019 10:10 PM)\n- Update Task objects to use java.time types for event storage\n","tags":["Level-8-Minimal"],"fileTypesAndContributionMap":{"java":{"insertions":57,"deletions":22}}}]},{"date":"2025-09-05T00:00:00","commitResults":[{"hash":"deb90067a8e8f5092a9b99d49855311e64160385","isMergeCommit":false,"messageTitle":"feat(deadline): improve input validation with targetted error handling","messageBody":"- Enhance datetime parsing to distinguish between structural and\nvalue validation errors\n- Provide context-specific error messages with targeted feedback for\ndifferent validation failures DEADLINE_FORMAT, INVALID_DATETIME_VALUE,\nand INVALID_DATETIME_FORMAT\n- Improve validation logic for /by delimiter split\n","fileTypesAndContributionMap":{"java":{"insertions":119,"deletions":64}}},{"hash":"db03ce0788a1892759c6f2eae135237234c509a4","isMergeCommit":false,"messageTitle":"test(deadline): verify UI error messages for distinct validation failures","messageBody":"- Test DEADLINE_FORMAT errors (missing /by, empty date fields)\n- Test INVALID_DATETIME_VALUE errors (impossible dates like Oct 40, times like 25:00)\n- Test INVALID_DATETIME_FORMAT errors (unparseable date strings)\n- Ensure each error type shows appropriate user guidance\n","fileTypesAndContributionMap":{"txt":{"insertions":29,"deletions":0},"sh":{"insertions":6,"deletions":1}}}]},{"date":"2025-09-06T00:00:00","commitResults":[{"hash":"b842fb5a359b4d4ff1f6cbb370fc31d41a1b7453","isMergeCommit":false,"messageTitle":"fix(event): improve input validation with targetted error handling","messageBody":"- Enhance datetime parsing to distinguish between structural and\nvalue validation errors\n- Add validation for end time before start time logical error\n- Provide context-specific error messages with targeted feedback for\ndifferent validation failures\n","fileTypesAndContributionMap":{"java":{"insertions":71,"deletions":51}}},{"hash":"e1aef60d87fe1d480a879621ebe2fa1a08ec78b8","isMergeCommit":false,"messageTitle":"refactor(messages): convert ErrorMessage to record and update error messages","messageBody":"- Convert ErrorMessage class to record for immutability and conciseness\n- Revise error message wording for clarity and consistency\n","fileTypesAndContributionMap":{"java":{"insertions":28,"deletions":34}}},{"hash":"3eba478f60fe041aaf6a97500795eff54fa6f750","isMergeCommit":false,"messageTitle":"refactor: relocate empty list validation logic and simplify message constructors","messageBody":"- Move empty list check from ListTaskMessage to ListCmd to uphold\ncommand vs message responsibility boundaries\n- Remove unused taskIndex parameter from TaskMarkedMessage and\nTaskUnmarkedMessage constructors\n","fileTypesAndContributionMap":{"java":{"insertions":10,"deletions":14}}}]},{"date":"2025-09-07T00:00:00","commitResults":[{"hash":"bbfcecd9121f801690906718952ab232994cc785","isMergeCommit":false,"messageTitle":"feat(filter): add multi-criteria task filtering","messageBody":"- Add FilterCmd and TaskFilterFactory to handle filter command execution\n- Support filtering by task type, completion status, and date with AND logic\n- Extend Task class with getDates()method to enable date filtering\n- Add filter() method to TaskManager for predicate-based filtering\n- Add FilteredListMessage for displaying results\n- Update CommandType enum with FILTER\n- Include input validation and error handling\n","tags":["Level-8-Stretch"],"fileTypesAndContributionMap":{"java":{"insertions":292,"deletions":16}}}]},{"date":"2025-09-08T00:00:00","commitResults":[{"hash":"9cd2a82c39548ff774f639c519c8925ca79c24e9","isMergeCommit":false,"messageTitle":"feat(exception): introduce custom exceptions for filter parsing and invalid task numbers","messageBody":"Currently, parsing errors in filter commands and invalid task numbers\nrely on native exceptions, making message construction inconsistent across commands.\n\nThis change introduces InvalidFilterException for filter parser errors\nand InvalidTaskIndexException for invalid task indices. The parser and\ntask manager now throw these custom exceptions, which are caught by the\nrespective commands to build consistent user-facing messages.\n","fileTypesAndContributionMap":{"java":{"insertions":97,"deletions":77}}}]},{"date":"2025-09-09T00:00:00","commitResults":[{"hash":"08e5c94c1304458bfbbef4840799331d6eabbc26","isMergeCommit":false,"messageTitle":"test: add TextUi tests for add event, mark/unmark, filter, delete","messageBody":"","tags":["A-TextUiTesting"],"fileTypesAndContributionMap":{"txt":{"insertions":61,"deletions":9}}},{"hash":"8791b9688ce5fd8904b9f790353246c04f38e5bd","isMergeCommit":false,"messageTitle":"style(docs,ui): improve Javadocs and format error messages","messageBody":"","fileTypesAndContributionMap":{"java":{"insertions":40,"deletions":51}}}]},{"date":"2025-09-15T00:00:00","commitResults":[{"hash":"9f1cb98700d7b3235622636358d7666a75f996c0","isMergeCommit":true,"messageTitle":"Merge branch \u0027add-gradle-support\u0027","messageBody":"","fileTypesAndContributionMap":{}},{"hash":"21caf8ee50b4ac577d327fe1b4231ec9fb63a597","isMergeCommit":false,"messageTitle":"feat(storage): implement task saving functionality","messageBody":"- Auto create data directory and tasks.json on first run\n- Add saveTasks() method to persist TaskManager\u0027s tasks to storage\n- Implement JSON serialization for task data\n","fileTypesAndContributionMap":{"java":{"insertions":181,"deletions":4}}}]},{"date":"2025-09-17T00:00:00","commitResults":[{"hash":"26bd196410d46fb72b869fbf87a31c727b56a496","isMergeCommit":false,"messageTitle":"refactor(exception): unify domain exceptions under MeeBotException hierarchy","messageBody":"The codebase previously handled domain-specific errors through multiple\nexception types, each requiring separate catch blocks in command classes,\ncluttering the command implementations.\n\nThis refactoring establishes a unified exception hierarchy under\nMeeBotException, where each domain exception implements toErrorMessage()\nto generate user-facing error messages. Command classes now use a single\ncatch block for all domain exceptions, centralizing error message logic\nand creating cleaner command implementations without changing the actual\nerror handling behaviour.\n\nAlso renamed package `parser` to `util`.\n","fileTypesAndContributionMap":{"java":{"insertions":251,"deletions":92}}}]},{"date":"2025-09-18T00:00:00","commitResults":[{"hash":"40967c93e279a254d296122fa87678e97ae7eb3e","isMergeCommit":false,"messageTitle":"feat(command): centralize task input parsing with custom exception handling","messageBody":"Task-related commands have common parsing behaviours. Currently, each\ncommand class implements their own parsing and validation logic for\nhandling user input. This scattered approach creates code duplication,\nmaking the codebase harder to maintain.\n\nThe common parsing behaviours are refactored into dedicated utility classes\nto eliminate duplication. This approach also makes future modifications\nto parsing behaviour easier since changes only need to be made in one location.\n","fileTypesAndContributionMap":{"java":{"insertions":278,"deletions":116}}},{"hash":"c2c431d12930028cc78198974ee87dff626547a9","isMergeCommit":false,"messageTitle":"docs: refine Javadocs for Command, Exceptions, TaskManager and Message classes","messageBody":"","tags":["A-JavaDoc"],"fileTypesAndContributionMap":{"java":{"insertions":136,"deletions":46}}}]},{"date":"2025-09-19T00:00:00","commitResults":[{"hash":"abd146fd3083edc3e1d87a4ecb60a8cb612e45f6","isMergeCommit":false,"messageTitle":"feat(storage): implement task loading from JSON file","messageBody":"- Add loadTasks() method to populate TaskManager from tasks.json\n- Implement JSON deserialization via TokenizerUtil and TaskDeserializer\n- Handle invalid/missing fields with fault-tolerant reconstruction\n- Ensure malformed file format is caught with FileContentException\n","tags":["Level-7"],"fileTypesAndContributionMap":{"java":{"insertions":264,"deletions":44}}},{"hash":"aaea4ba8a9d520c5752c31d1d52b306bf79efa22","isMergeCommit":false,"messageTitle":"fix(storage): correct serialization of date-only tasks","messageBody":"Previously, date-only tasks entered were serialized using LocalDateTime,\nwhich defaulted the time to 00:00. When reloaded, these tasks appeared\nas if they had an explicit time of 12:00am, which was misleading.\n\nThis fix ensures that date-only tasks are saved in plain ISO date format\n(yyyy-MM-dd), while tasks with a time are still saved as full ISO date-time.\nThe change preserves the user’s original intent and avoids displaying imputed\ntimes that were never entered.\n","fileTypesAndContributionMap":{"java":{"insertions":41,"deletions":11}}}]},{"date":"2025-09-20T00:00:00","commitResults":[{"hash":"297442711b4b29affd4643825b1f03e768af6053","isMergeCommit":false,"messageTitle":"feat(sort): implement task sorting by date and completion status","messageBody":"- Added stable sorting methods in TaskManager: sortByDate() and sortByStatus()\n- Introduce SortCmd to handle sorting by date and completion status\n- Update messages to warn user when sorting may be invalidated after add/mark/unmark\n- Support user-friendly error messages for invalid sort input\n","tags":["C-Sort"],"fileTypesAndContributionMap":{"java":{"insertions":178,"deletions":22}}}]},{"date":"2025-09-21T00:00:00","commitResults":[{"hash":"512ead918e53a7c9b07d1e0db394fb83d9dcfe3a","isMergeCommit":false,"messageTitle":"refactor: reduce boilerplate in TaskManager and Command classes","messageBody":"","fileTypesAndContributionMap":{"java":{"insertions":27,"deletions":33}}},{"hash":"de001de44926161f4211de2946e0741420c7fa9e","isMergeCommit":false,"messageTitle":"style: fix whitespace, newlines and reorder methods for logical grouping","messageBody":"","fileTypesAndContributionMap":{"java":{"insertions":84,"deletions":92}}},{"hash":"46033ed4413b6f8f060be12bb008e3eb9f714556","isMergeCommit":false,"messageTitle":"feat(search): implement keyword-based task filtering","messageBody":"- Add SearchCmd for filtering tasks by keywords in descriptions\n- Support partial, case-insensitive keyword matching\n- Implement search() with predicate-based OR logic for multiple keywords\n- Add SearchResultMessage with keyword highlighting in results\n- Handle empty results with user-friendly error messages\n","tags":["Level-9","C-BetterSearch"],"fileTypesAndContributionMap":{"java":{"insertions":96,"deletions":0}}},{"hash":"aafa714e71a3d38ea033673c4c25c6a9b42a4420","isMergeCommit":false,"messageTitle":"feat(parser): Add natural language date parsing functionality","messageBody":"The date parser currently relies on strict pattern matching, which\nlimits usability for common natural expressions that users provide.\n\nAdding support that uses the external Hawking NLP library for parsing\nnatural expressions such as \"tomorrow\", \"next week\", or\n\"next Monday at 3pm\" serves as a fallback when strict parsing fails.\n","tags":["C-NaturalDates","A-Libraries"],"fileTypesAndContributionMap":{"gradle":{"insertions":1,"deletions":0},"java":{"insertions":55,"deletions":6}}},{"hash":"5d05dc366c106a0a6681a6ac687a24e19b0fc9c9","isMergeCommit":false,"messageTitle":"feat(task): add polymorphic cloning for all task types","messageBody":"- Implemented abstract copy() in Task\n- Added concrete copy() methods in TodoTask, DeadlineTask, and EventTask\n- Ensured cloning duplicates description, completion status, and dates\n","fileTypesAndContributionMap":{"java":{"insertions":23,"deletions":8}}},{"hash":"e48618023e607035c79fd4e183cca1c322d26d6b","isMergeCommit":false,"messageTitle":"test(task): add JUnit tests for cloning feature","messageBody":"- Verified polymorphic cloning behaviour for all task types\n- Checked all data fields match between original and clone\n- Ensured clone instances are distinct from originals\n","tags":["A-JUnit"],"fileTypesAndContributionMap":{"java":{"insertions":64,"deletions":0}}}]},{"date":"2025-09-23T00:00:00","commitResults":[{"hash":"990ebdc163dcacad848c658ad45c948bfe382fd9","isMergeCommit":false,"messageTitle":"feat(task): add recurrence support and parser","messageBody":"- Introduce Recurrence value object that captures how often task repeats\n- Extend Task hierarchy constructors to accept Recurrence parameter\n- Implement RecurrenceParser for /repeat \u003ctype\u003e \u003ccount\u003e command parsing\n- Handle parsing errors with appropriate exception types\n","fileTypesAndContributionMap":{"java":{"insertions":240,"deletions":58}}}]},{"date":"2025-09-24T00:00:00","commitResults":[{"hash":"54e4fa402d5acc94425b27d435913d130582e383","isMergeCommit":false,"messageTitle":"refactor(parser): rename util package and reformat Javadoc","messageBody":"","fileTypesAndContributionMap":{"java":{"insertions":67,"deletions":76}}},{"hash":"4229b6928122bde6679e635f0413ea9c38eba1ae","isMergeCommit":false,"messageTitle":"feat(storage): add recurrence support to serializer and deserializer","messageBody":"The current JSON serialization treats recurrence data as flat fields\nalongside other task properties.\n\nRecurring tasks require nested structures to properly represent patterns\nand intervals. Flat serialization makes this data difficult to parse and\nextend with new recurrence features.\n\nTask serializer and deserializer are updated to handle the nested\nstructure correctly.\n","fileTypesAndContributionMap":{"java":{"insertions":45,"deletions":24}}},{"hash":"be468d6926dac53a0cd196cd49dc5442fe5668cc","isMergeCommit":false,"messageTitle":"feat(parser): overhaul JSON parser and tokenizer","messageBody":"The current JSON parsing implementation has basic tokenization logic,\nand assumes simplified JSON structures (i.e., no nested JSON).\n\nRedesign the tokenizer with lookup tables for optimized token matching\nand rewrite the parser with recursive descent parsing for better\nstructure handling. This provides clearer separation between lexical\nanalysis and parsing phases.\n","fileTypesAndContributionMap":{"java":{"insertions":503,"deletions":154}}},{"hash":"f346bfe8e42a5941465560d80a2bdbd50eb0ca90","isMergeCommit":false,"messageTitle":"refactor: extract help text into CommandDocs and move shared classes","messageBody":"- Extracted summary/detail help text from CommandType to CommandDocs\n- Slimmed CommandType to handle keyword mapping and command factories\n- Updated HelpMessage to use CommandDocs\n- Created common package for cross-cutting classes\n- Moved ErrorMessage and CommandDocs into common\n","fileTypesAndContributionMap":{"java":{"insertions":192,"deletions":85}}},{"hash":"e8f5be78fb8c685dc0fd83334a066e254cb15cc7","isMergeCommit":false,"messageTitle":"feat(help): show contextual help for command without arguments","messageBody":"Invoking commands e.g. `event` without arguments results in a generic\nerror message without guidance on how to proceed.\n\nLet\u0027s return contextual help messages instead of generic error messages\nwhen commands are entered without arguments. All commands except\nstandalone commands (`bye`, `help`, `list`) now respond with usage\ninstructions and examples. HelpMessage is updated to fetch documentation\nfrom CommandDocs. Javadocs have been updated to reflect these changes.\n","tags":["C-Help"],"fileTypesAndContributionMap":{"java":{"insertions":220,"deletions":107}}},{"hash":"f8632d604f98b066ddb4efcc581045bff0ee442e","isMergeCommit":false,"messageTitle":"fix(filter): include full date range for event tasks","messageBody":"The date filter matches only the start and end dates of an event. If the\nfilter date falls between these values, the event is excluded.\n\nThis leads to unexpected behaviour because users expect multi-day events\nto appear when filtering by any date within the event’s duration.\n\nLet\u0027s update the filter to treat the start and end values as an inclusive\ninterval. This ensures multi-day events are matched correctly, while\nsingle-date tasks continue to work as before.\n","fileTypesAndContributionMap":{"java":{"insertions":14,"deletions":9}}}]},{"date":"2025-09-26T00:00:00","commitResults":[{"hash":"3f4f5ed35910bfa4e28bb16d71e4ba2af93a017f","isMergeCommit":false,"messageTitle":"feat(recurrence): add anchorDate and recurrenceEnd to value object","messageBody":"Recurrence type and frequency alone do not provide enough context to\ndetermine when a repeat task begins or ends. This makes it difficult to\ncorrectly match recurring tasks to a given date.\n\nExplicitly storing these fields makes recurrence semantics clear and\nallows tasks, storage, and parsers to use consistent boundaries when\nhandling recurring behaviour.\n\nLet\u0027s extend the Recurrence value object with anchorDate and recurrenceEnd.\n","tags":["B-RecurringTasks"],"fileTypesAndContributionMap":{"java":{"insertions":153,"deletions":23}}},{"hash":"336a59b6c751fa4ede8ba04545e76efff3783e82","isMergeCommit":false,"messageTitle":"feat(filter): show recurring task instances at runtime","messageBody":"Filtering only evaluated master tasks stored in TaskList and date filters\nwould miss valid occurrences unless the master task itself matched exactly.\n\nUpdate filtering to dynamically create task instances and return concrete\ninstances at runtime if its recurrence occurs on the filter date.\n","fileTypesAndContributionMap":{"java":{"insertions":193,"deletions":68}}},{"hash":"a3e45417a1bb9432afe568903c1e65f457a82791","isMergeCommit":false,"messageTitle":"feat(storage): extend task persistence to handle recurrence attributes","messageBody":"","fileTypesAndContributionMap":{"java":{"insertions":25,"deletions":22}}}]},{"date":"2025-09-27T00:00:00","commitResults":[{"hash":"951888bf617686cf3a2777b62e4e66706a36dc8b","isMergeCommit":false,"messageTitle":"feat(task): add ReadOnlyTask interface for task immutability","messageBody":"Introduce `ReadOnlyTask` to separate read-only access from mutation.\nNon-mutating operations (filter, sort, list, messages) depend on this\ninterface,  while `TaskManager` retains mutation control and exposes an\nunmodifiable list view.\n","fileTypesAndContributionMap":{"java":{"insertions":210,"deletions":210}}},{"hash":"2ae00d86d1128f378343be8b99ec0154af938395","isMergeCommit":true,"messageTitle":"Merge branch \u0027add-nlpdates\u0027","messageBody":"","fileTypesAndContributionMap":{}}]},{"date":"2025-09-28T00:00:00","commitResults":[{"hash":"10587d76f01a2ac4bfbdf162b3523fa87efe89b7","isMergeCommit":false,"messageTitle":"refactor(parser): split date-time parser into strategy classes","messageBody":"Separate date-time parsing logic into strict and NLP parsing strategies\nwith DateTimeParser facade for improved maintainability\n","fileTypesAndContributionMap":{"gradle":{"insertions":2,"deletions":2},"java":{"insertions":288,"deletions":452}}},{"hash":"08cfa5aacf1fc08996dbed04ce439d37dcf2205e","isMergeCommit":false,"messageTitle":"test(task): add unit tests for task cloning, recurrence, task immutability","messageBody":"- Add CloneTaskTest to verify copy() preserves description/dates and\nresets recurrence\n- Add RecurrenceTest and RecurrenceOccurOnTest for recurrence behaviour\nand edge cases\n- Add UnmodifiableListTest to verify task mutation is possible through\nunmodifiable list if the objects within that list are mutable\n","fileTypesAndContributionMap":{"java":{"insertions":312,"deletions":33}}}]},{"date":"2025-09-29T00:00:00","commitResults":[{"hash":"346cbf20ed74cb3a1bada1e935da2891a462ac11","isMergeCommit":false,"messageTitle":"refactor(task): introduce TaskCreator factory for task construction","messageBody":"Task creation logic is scattered across multiple classes with duplicated\nmethods for parsing from CLI args and JSON.\n\nUnify task creation under a TaskCreator abstraction. Define a common\nfactory interface with methods to build tasks from args and from JSON.\nMove task-specific creation logic into concrete implementations\n(TodoCreator, DeadlineCreator, EventCreator).\n\nThis allows command classes and storage deserialization to rely on a\nsingle, consistent contract for task construction. It reduces duplication\nand makes it easier to add new task types by implementing the factory\nwithout touching existing code.\n","fileTypesAndContributionMap":{"java":{"insertions":253,"deletions":132}}},{"hash":"a413c2bc2a934aa908d660f42892b7b1cb8fd0b9","isMergeCommit":false,"messageTitle":"refactor: rename parser.taskops package to parser.commandargs","messageBody":"","fileTypesAndContributionMap":{"java":{"insertions":291,"deletions":14}}}]},{"date":"2025-10-03T00:00:00","commitResults":[{"hash":"98fa05911e627d2ea8c331e95bd66a79bc644dfe","isMergeCommit":false,"messageTitle":"refactor: unify command execution pipeline in BaseTaskCommand","messageBody":"Each task-related command duplicates the same boilerplate: check help\ntext, guard against empty task list, and catch Exception to return an\nErrorMessage.\n\nUnify the common execution pipeline in BaseTaskCommand so that the\nsequence of workflow is handled centrally. Require each subclass only to\ndeclare its command type, implement its specific business logic, and\noverride whether it requires an empty list guard.\n\nThis approach reduces duplication and improves readability.\n","fileTypesAndContributionMap":{"java":{"insertions":272,"deletions":197}}},{"hash":"94eec36b6c20df8faf56d6b2c7dbffe7e3a3fc8c","isMergeCommit":false,"messageTitle":"change(exception): make MeeBotException a checked exception","messageBody":"MeeBotException extends RuntimeException, allowing it to be thrown\nwithout declaration. This hides the fact that command and parser failures\nare expected domain errors rather than programming bugs.\n\nChange it to extend Exception, making it a checked exception. Callers must\nnow declare or handle MeeBotException explicitly. This enforces clearer\ncontracts and ensures domain-level failures are consistently handled.\n\nAll methods that can throw MeeBotException now require a\n`throws MeeBotException` declaration. Call sites must be updated accordingly.\n","fileTypesAndContributionMap":{"java":{"insertions":129,"deletions":41}}},{"hash":"5328af50ad09d799f110698352e771b580bea686","isMergeCommit":false,"messageTitle":"fix(parser): return empty result set for invalid boolean filter values","messageBody":"The \"done\" filter relies on Boolean.parseBoolean to interpret user input.\nAny string other than \"true\" is coerced to false which leads to\nunexpected behaviour such as \"done:apple\" being treated as \"done:false\".\n\nThis needs to change because it can mislead users into thinking their\nfilter worked, when in fact the input value was not valid. Users should\nnot receive results that contradict their intent when they provide an\ninvalid filter value.\n\nMake the filter return a predicate that matches no tasks if the value is\nneither \"true\" nor \"false\". This ensures invalid input produces an empty\nresult set and avoids silent coercion, making filter behaviour predictable.\n","fileTypesAndContributionMap":{"java":{"insertions":5,"deletions":2}}},{"hash":"d3024be84436b3c568355e94a711d30c9dc44fa1","isMergeCommit":false,"messageTitle":"docs: add/refine Javadocs for various classes","messageBody":"","fileTypesAndContributionMap":{"java":{"insertions":145,"deletions":47}}},{"hash":"9423c59659386c40a79c10d0f96a4c7711fa75c9","isMergeCommit":false,"messageTitle":"feat(storage): add error logging for failed task deserialization","messageBody":"Introduce file-based error logging when tasks fail to load from storage.\nErrors are now written to logs/task_load_errors.log with detailed\ninformation including the exception message and raw JSON.\n\nUsers can now identify and fix corrupted task data instead of having\nfailed tasks silently disappear during loading.\n","fileTypesAndContributionMap":{"java":{"insertions":97,"deletions":14}}}]},{"date":"2025-10-04T00:00:00","commitResults":[{"hash":"6d7f630dd2339c9fc2a3fb447d95a8e7fba545fa","isMergeCommit":false,"messageTitle":"feat(task): add duplicate task detection","messageBody":"Tasks are treated as duplicates only when every field matches, including\ndescription, type, recurrence, and dates.\n","tags":["C-DetectDuplicates"],"fileTypesAndContributionMap":{"java":{"insertions":142,"deletions":38}}},{"hash":"0bfbc485844c46d99b1f840cdc7bf4e2f851de45","isMergeCommit":false,"messageTitle":"style: reorganise import statements without changing behaviour","messageBody":"","tags":["A-CodingStandard"],"fileTypesAndContributionMap":{"java":{"insertions":121,"deletions":127}}}]},{"date":"2025-10-05T00:00:00","commitResults":[{"hash":"479aee27d8357942c9cde465dbbd9cb35a0a3b4d","isMergeCommit":false,"messageTitle":"feat(gui): integrate MeeBot backend logic with JavaFX interface","messageBody":"","tags":["Level-10","A-GUI"],"fileTypesAndContributionMap":{"gradle":{"insertions":16,"deletions":1},"fxml":{"insertions":332,"deletions":0},"java":{"insertions":221,"deletions":17}}}]},{"date":"2025-10-18T00:00:00","commitResults":[{"hash":"126c2a6ca2c803fced70366c6202d66acd895032","isMergeCommit":false,"messageTitle":"refactor: split MeeBot into App/CLI runner and add load stats","messageBody":"Split MeeBot into a slimmer core, an App coordinator, and a CLI\nrunner. MeeBot now focuses only on command execution, while App\nwires storage, task manager, and command processor, and then\ndelegates control to either CLI or GUI runners.\n\nMeeBot now reports task load results in the welcome message, showing\nhow many tasks were successfully loaded and how many failed, with a\nreference to the error log if applicable. This gives users immediate\nfeedback about the state of their task list.\n","fileTypesAndContributionMap":{"java":{"insertions":242,"deletions":114}}},{"hash":"e656f0a3b75461066538f6ea4b5211b802dd163c","isMergeCommit":false,"messageTitle":"fix(storage): clear tasks before load to prevent duplicate error","messageBody":"","fileTypesAndContributionMap":{"java":{"insertions":17,"deletions":0}}},{"hash":"dabf509ece78ded52cc6bd49ee2430af71c97791","isMergeCommit":false,"messageTitle":"style(ui): update emoji rendering, button icons, and message padding","messageBody":"","fileTypesAndContributionMap":{"fxml":{"insertions":39,"deletions":21},"java":{"insertions":26,"deletions":11}}},{"hash":"62eab1fc100219af5c4efd90d6640e5851da65f0","isMergeCommit":false,"messageTitle":"feat: introduce assertions to enforce invariants","messageBody":"","fileTypesAndContributionMap":{"java":{"insertions":35,"deletions":10}}}]},{"date":"2025-10-19T00:00:00","commitResults":[{"hash":"d737f7d40f9b304bd10973248e9c49addf925ae5","isMergeCommit":false,"messageTitle":"test: add more JUnit tests","messageBody":"","fileTypesAndContributionMap":{"java":{"insertions":156,"deletions":5}}}]},{"date":"2025-10-21T00:00:00","commitResults":[{"hash":"05531fdeec3c26ab4d5a335f92f922365fecf344","isMergeCommit":false,"messageTitle":"chore: file clean-up to remove unused code, rearrange code, optimize imports","messageBody":"","fileTypesAndContributionMap":{"java":{"insertions":183,"deletions":192}}},{"hash":"087c7b04db34b1e2fd44b6039eb30aa2e2e2e3f3","isMergeCommit":false,"messageTitle":"docs: add Javadocs for GUI and refine Javadocs for Exception","messageBody":"","fileTypesAndContributionMap":{"java":{"insertions":120,"deletions":18}}},{"hash":"03a44010c7f1bd6274e383a5d4dedc15c744c412","isMergeCommit":false,"messageTitle":"feat(accessibility): configure GUI buttons for keyboard navigation","messageBody":"Enable tab key traversal for all GUI buttons to improve accessibility\nfor keyboard-only users and assistive technologies. Buttons now receive\nproper focus order and visual focus indicators.\n","fileTypesAndContributionMap":{"fxml":{"insertions":169,"deletions":109}}}]},{"date":"2025-10-22T00:00:00","commitResults":[{"hash":"aed1fa31e19814da3311b23741047af58a9cfa38","isMergeCommit":false,"messageTitle":"fix: hook “bye” command to handleExit() in GUI","messageBody":"","fileTypesAndContributionMap":{"java":{"insertions":14,"deletions":5}}}]},{"date":"2025-10-24T00:00:00","commitResults":[{"hash":"00bad50cc58bd5685d48b9f11934fceae0677186","isMergeCommit":false,"messageTitle":"feat: add more assertions","messageBody":"","fileTypesAndContributionMap":{"java":{"insertions":63,"deletions":26}}}]},{"date":"2025-10-25T00:00:00","commitResults":[{"hash":"a9c66a898a003689943666228126d87353d793c2","isMergeCommit":false,"messageTitle":"docs: Add Javadocs","messageBody":"","fileTypesAndContributionMap":{"java":{"insertions":144,"deletions":68}}},{"hash":"d20c1a2c5220188b3ee67a040f583d9be77c2657","isMergeCommit":false,"messageTitle":"refactor: improve code readability and structure","messageBody":"- Extracted helper methods to reduce nesting\n- Grouped related logic with consistent whitespace and comments\n- Moved constants to appropriate scopes (method-level or class-level)\n","fileTypesAndContributionMap":{"java":{"insertions":113,"deletions":73}}},{"hash":"ff4587a66a91ee33018c089168b508048e4eda4a","isMergeCommit":false,"messageTitle":"feat(task): introduce AddTaskCmd abstract base class for add commands","messageBody":"- Extracted common add flow (create → add → message) from Add*Cmd\n- Injects a TaskCreator interface for flexible, testable task creation\n- Updated AddTodoCmd, AddDeadlineCmd, AddEventCmd to extend AddTaskCmd\n- Simplified each concrete Add*Cmd to specify its corresponding TaskCreator\n","fileTypesAndContributionMap":{"java":{"insertions":110,"deletions":137}}}]},{"date":"2025-10-30T00:00:00","commitResults":[{"hash":"30780a1049cb3a132b52e2b83758ecd90895a320","isMergeCommit":false,"messageTitle":"refactor: improve code quality","messageBody":"","fileTypesAndContributionMap":{"java":{"insertions":71,"deletions":46}}},{"hash":"7c67a28f8beec6469d598db7df9d7822ddd32fb0","isMergeCommit":false,"messageTitle":"feat(gui): add command prompt hints for recognized commands","messageBody":"","fileTypesAndContributionMap":{"fxml":{"insertions":279,"deletions":317},"java":{"insertions":65,"deletions":8}}},{"hash":"cdfc81fc8fbe40691c206d738e56d16a36db8a02","isMergeCommit":false,"messageTitle":"refactor: AddTaskCmd and tokenizer","messageBody":"","fileTypesAndContributionMap":{"java":{"insertions":8,"deletions":18}}}]},{"date":"2025-11-07T00:00:00","commitResults":[{"hash":"417fb9882c2b5f82f1d90bd2fcb055c8ee8fe37b","isMergeCommit":false,"messageTitle":"refactor: consolidate related packages under parent packages","messageBody":"","fileTypesAndContributionMap":{"java":{"insertions":279,"deletions":262}}}]},{"date":"2025-11-12T00:00:00","commitResults":[{"hash":"d864d263dd33e01900c5a97e1452180d53a4d481","isMergeCommit":false,"messageTitle":"Configure build.gradle for project JAR","messageBody":"","fileTypesAndContributionMap":{"gradle":{"insertions":2,"deletions":2}}}]},{"date":"2025-11-13T00:00:00","commitResults":[{"hash":"182315809942792f9781a07a43f494c87ee0fe39","isMergeCommit":false,"messageTitle":"Update README.md","messageBody":"","fileTypesAndContributionMap":{"md":{"insertions":134,"deletions":26}}},{"hash":"9bcf84ed0788fcfc447b85e81a3c91b2be427d51","isMergeCommit":false,"messageTitle":"refactor: final sweep before submission","messageBody":"","fileTypesAndContributionMap":{"java":{"insertions":56,"deletions":25}}}]}]},"authorFileTypeContributionMap":{"thebunnymama":{"java":5792,"md":127,"fxml":372,"sh":6,"bat":0,"gradle":19,"txt":81}},"authorContributionVariance":{"thebunnymama":78056.76},"authorDisplayNameMap":{"thebunnymama":"TAN ..HUAN"}}
